Company_ID,Industry,Years_in_Business,Annual_Revenue_M,Website_Visits_30d,Whitepaper_Downloads,Credit_Score_Proxy,Prior_Amex_Relationship,Converted
1001,Healthcare,7,6.28,3,0,719,1,0
1002,Consulting,4,21.06,3,0,639,1,0
1003,Retail,24,9.74,2,1,664,0,0
1004,Consulting,20,5.57,3,0,705,0,0
1005,Consulting,7,15.47,6,0,700,1,1
1006,Manufacturing,4,43.09,11,0,704,0,1
1007,Retail,12,1.35,3,0,723,0,0
1008,Retail,5,14.99,3,0,668,0,0
1009,Retail,23,21.49,6,0,780,0,0
1010,Consulting,19,25.77,6,0,649,1,0
1011,Healthcare,5,9.49,7,1,706,0,1
1012,Retail,19,48.23,7,0,755,0,0
1013,Consulting,21,29.15,4,0,654,0,0
1014,Manufacturing,3,26.34,10,1,680,1,0
1015,Healthcare,11,0.94,6,0,692,0,0
1016,Manufacturing,7,24.54,12,1,684,1,1
1017,Healthcare,17,41.96,8,0,674,0,0
1018,Consulting,9,11.37,3,2,726,0,0
1019,Tech,21,17.88,3,0,701,0,0
1020,Healthcare,9,1.52,8,1,686,0,0
1021,Manufacturing,10,48.86,2,0,643,0,0
1022,Consulting,13,3.8,4,0,594,0,0
1023,Healthcare,15,44.96,4,2,757,0,1
1024,Tech,22,15.99,5,0,690,0,0
1025,Tech,5,29.58,6,0,642,0,0
1026,Retail,3,34.13,4,0,750,0,0
1027,Retail,8,7.47,7,0,585,1,0
1028,Manufacturing,20,22.47,7,0,837,0,1
1029,Healthcare,10,16.61,6,0,741,0,1
1030,Healthcare,13,3.3,3,0,626,0,1
1031,Retail,3,41.74,6,0,658,1,0
1032,Healthcare,22,2.74,4,0,713,0,0
1033,Healthcare,8,32.84,5,0,695,0,0
1034,Tech,9,16.05,4,1,744,0,0
1035,Retail,22,10.01,5,2,757,0,1
1036,Consulting,21,33.52,6,1,655,0,1
1037,Retail,12,28.94,3,2,689,0,1
1038,Consulting,11,16.11,5,0,696,0,0
1039,Tech,2,25.89,3,0,599,0,0
1040,Manufacturing,18,12.69,2,0,709,0,0
1041,Healthcare,9,43.25,5,0,605,0,0
1042,Tech,2,16.03,8,0,745,1,1
1043,Healthcare,2,12.64,4,1,661,1,0
1044,Manufacturing,3,37.72,4,1,692,0,0
1045,Manufacturing,16,1.37,6,0,689,1,0
1046,Tech,19,13.77,0,0,650,1,0
1047,Manufacturing,4,19.08,4,0,682,0,0
1048,Consulting,23,44.17,3,0,680,1,1
1049,Manufacturing,18,47.55,4,2,720,1,1
1050,Healthcare,20,35.97,4,0,586,0,0
1051,Healthcare,18,24.88,7,1,673,1,0
1052,Healthcare,10,32.21,6,1,844,0,0
1053,Healthcare,11,20.99,6,0,716,1,0
1054,Consulting,17,15.29,4,0,686,0,0
1055,Retail,24,47.56,5,1,716,1,0
1056,Tech,23,6.21,4,0,671,0,0
1057,Healthcare,24,17.65,10,0,770,1,1
1058,Manufacturing,20,45.0,5,0,725,1,0
1059,Healthcare,16,36.3,6,0,632,0,0
1060,Manufacturing,20,1.94,11,0,707,1,0
1061,Manufacturing,13,1.64,2,0,695,0,0
1062,Healthcare,2,26.07,2,0,749,0,0
1063,Consulting,24,24.47,3,1,632,1,0
1064,Manufacturing,2,22.43,6,0,680,0,0
1065,Manufacturing,14,15.47,6,0,661,0,0
1066,Healthcare,4,49.34,4,1,631,0,1
1067,Manufacturing,17,13.96,3,0,638,0,0
1068,Manufacturing,13,24.76,8,1,677,0,1
1069,Healthcare,4,20.54,3,0,782,0,1
1070,Healthcare,3,8.93,6,0,699,0,0
1071,Tech,12,10.53,5,1,725,0,0
1072,Consulting,22,45.96,3,0,679,0,0
1073,Consulting,23,42.98,5,0,648,1,0
1074,Manufacturing,8,10.35,5,2,687,0,1
1075,Consulting,2,43.85,3,0,695,0,0
1076,Manufacturing,6,10.85,3,0,772,1,0
1077,Tech,22,31.51,5,0,737,1,0
1078,Healthcare,10,4.52,6,2,709,0,0
1079,Healthcare,12,44.08,5,0,619,1,0
1080,Healthcare,21,3.05,4,2,724,0,1
1081,Consulting,10,27.97,3,0,745,0,1
1082,Tech,10,39.1,6,0,679,0,0
1083,Consulting,23,6.28,4,0,729,0,0
1084,Consulting,3,20.52,8,0,738,0,0
1085,Tech,20,2.58,5,0,687,0,0
1086,Tech,10,34.3,8,0,684,1,0
1087,Tech,9,15.72,3,0,647,0,0
1088,Tech,20,28.19,6,0,748,0,0
1089,Healthcare,19,46.67,5,1,750,0,1
1090,Retail,14,15.64,4,2,755,0,0
1091,Retail,2,2.91,6,0,708,0,0
1092,Tech,5,33.94,4,0,701,0,0
1093,Retail,20,39.45,4,0,734,0,1
1094,Retail,8,47.91,4,0,723,0,0
1095,Tech,7,8.31,3,1,702,0,1
1096,Retail,6,19.91,6,1,754,0,0
1097,Consulting,11,42.28,6,1,785,0,1
1098,Manufacturing,12,40.44,4,0,812,0,0
1099,Manufacturing,18,31.43,7,0,646,0,0
1100,Tech,19,13.83,5,0,718,0,0
1101,Healthcare,10,14.56,7,0,725,0,0
1102,Tech,21,6.64,1,2,715,1,0
1103,Healthcare,14,46.13,6,0,782,0,0
1104,Manufacturing,3,9.06,6,0,720,0,0
1105,Tech,18,28.86,6,0,833,0,1
1106,Consulting,24,29.43,4,1,748,0,0
1107,Retail,15,18.8,7,0,622,0,0
1108,Healthcare,6,17.95,7,0,724,0,0
1109,Retail,10,33.6,4,0,677,1,0
1110,Retail,12,19.72,6,0,773,0,0
1111,Tech,7,13.13,3,0,698,0,0
1112,Retail,17,20.26,3,0,664,0,0
1113,Consulting,1,40.48,9,0,712,1,0
1114,Retail,18,48.34,6,1,684,1,0
1115,Tech,15,31.98,4,0,642,0,0
1116,Consulting,19,39.21,1,1,642,0,0
1117,Manufacturing,1,26.87,10,2,743,0,0
1118,Retail,5,31.43,1,0,684,0,0
1119,Tech,15,49.41,4,0,755,0,0
1120,Manufacturing,3,22.2,5,0,600,0,0
1121,Manufacturing,1,3.78,6,0,690,0,0
1122,Healthcare,8,47.87,2,1,770,0,1
1123,Consulting,12,39.76,2,0,736,0,0
1124,Retail,22,20.22,2,0,731,1,0
1125,Tech,19,49.13,9,0,728,0,1
1126,Healthcare,12,17.6,6,1,637,0,0
1127,Consulting,13,18.92,5,0,725,0,0
1128,Healthcare,1,30.68,5,0,753,0,0
1129,Consulting,19,14.08,4,0,653,0,0
1130,Consulting,6,35.08,7,0,645,0,0
1131,Retail,8,8.07,7,0,741,0,0
1132,Consulting,4,5.85,5,1,710,1,0
1133,Healthcare,5,26.98,6,1,655,1,0
1134,Consulting,22,28.0,10,0,792,0,0
1135,Retail,7,5.78,2,0,679,1,1
1136,Retail,23,48.23,3,0,737,0,0
1137,Healthcare,4,28.88,7,1,603,0,0
1138,Manufacturing,20,7.98,10,2,713,0,0
1139,Manufacturing,4,15.92,6,0,668,0,0
1140,Consulting,15,40.11,1,0,730,0,0
1141,Tech,21,26.4,5,1,764,0,0
1142,Consulting,5,9.81,7,2,762,1,0
1143,Healthcare,24,5.59,1,0,694,0,0
1144,Healthcare,9,21.82,8,0,736,0,0
1145,Healthcare,2,17.2,7,0,827,0,1
1146,Healthcare,7,32.97,6,0,695,0,0
1147,Healthcare,17,46.3,4,1,693,1,0
1148,Retail,16,12.76,5,0,646,0,0
1149,Manufacturing,17,42.83,3,1,719,1,1
1150,Healthcare,20,46.06,3,0,675,0,0
1151,Tech,23,45.15,2,2,665,0,0
1152,Tech,2,47.63,3,0,606,0,0
1153,Tech,11,42.18,6,0,651,1,1
1154,Tech,2,29.88,5,0,656,0,1
1155,Retail,1,20.79,3,0,763,0,0
1156,Tech,2,24.84,3,0,690,0,0
1157,Healthcare,23,43.69,6,0,656,0,1
1158,Consulting,9,15.42,3,1,785,0,0
1159,Tech,22,8.38,4,0,737,0,0
1160,Retail,2,7.47,4,0,654,0,0
1161,Retail,15,41.44,5,0,717,1,0
1162,Tech,10,38.19,7,1,762,0,1
1163,Consulting,15,25.13,11,0,672,0,0
1164,Tech,10,14.11,10,1,710,0,0
1165,Retail,23,34.04,1,1,611,0,1
1166,Manufacturing,17,2.4,5,0,726,0,0
1167,Healthcare,9,28.63,2,2,798,0,0
1168,Retail,18,20.22,2,0,764,0,0
1169,Tech,4,48.9,1,1,694,1,0
1170,Healthcare,9,25.62,5,1,661,1,0
1171,Tech,16,27.84,3,2,716,1,0
1172,Tech,4,35.76,3,1,780,0,0
1173,Manufacturing,16,24.48,5,0,687,0,0
1174,Healthcare,19,11.62,4,0,703,0,1
1175,Healthcare,1,27.1,5,0,651,0,1
1176,Manufacturing,23,47.24,6,0,666,0,0
1177,Retail,6,20.79,4,0,685,1,0
1178,Tech,10,34.14,3,0,683,0,0
1179,Consulting,16,48.91,7,2,663,1,1
1180,Tech,4,41.58,2,0,665,0,0
1181,Tech,22,33.12,7,0,761,1,1
1182,Retail,22,36.93,6,0,728,0,0
1183,Tech,13,46.86,6,0,747,0,0
1184,Manufacturing,16,48.01,2,0,739,0,0
1185,Manufacturing,20,48.46,1,0,748,0,0
1186,Healthcare,6,31.47,4,0,739,0,0
1187,Consulting,11,19.54,8,1,781,0,1
1188,Tech,24,7.09,5,0,809,0,0
1189,Tech,3,19.58,8,1,720,0,1
1190,Retail,20,47.18,6,0,758,0,1
1191,Manufacturing,10,44.54,2,1,616,0,0
1192,Consulting,1,26.42,2,0,693,0,0
1193,Healthcare,20,27.08,6,0,754,0,0
1194,Manufacturing,11,15.79,2,1,602,0,0
1195,Healthcare,12,23.0,6,0,773,1,1
1196,Retail,14,35.87,3,0,615,0,0
1197,Retail,8,20.42,2,0,787,1,1
1198,Tech,11,9.81,7,1,803,1,1
1199,Consulting,4,27.27,3,2,608,0,0
1200,Healthcare,7,11.65,6,0,733,0,0
1201,Manufacturing,10,48.73,5,2,705,0,0
1202,Retail,19,19.82,7,0,756,1,0
1203,Tech,4,45.53,4,0,697,0,0
1204,Tech,2,11.66,9,0,695,1,1
1205,Healthcare,21,9.87,4,0,747,1,0
1206,Retail,18,31.04,7,0,761,1,0
1207,Consulting,14,39.08,3,0,625,0,0
1208,Retail,16,28.55,4,1,754,0,0
1209,Healthcare,22,11.87,0,0,736,0,0
1210,Healthcare,11,2.38,7,1,690,1,0
1211,Retail,10,31.11,2,0,623,0,0
1212,Healthcare,17,6.99,7,0,679,1,0
1213,Retail,14,17.49,9,0,720,1,0
1214,Manufacturing,22,33.95,6,2,594,0,1
1215,Retail,4,5.35,6,1,743,0,0
1216,Retail,19,6.8,5,0,689,1,0
1217,Healthcare,2,3.55,3,0,800,0,0
1218,Healthcare,7,49.81,7,0,715,0,0
1219,Tech,9,19.66,5,0,636,0,0
1220,Tech,19,45.34,4,2,743,0,1
1221,Manufacturing,16,15.03,6,1,709,0,0
1222,Tech,22,37.78,2,0,696,0,0
1223,Retail,16,11.34,6,2,794,0,0
1224,Healthcare,18,25.17,4,0,653,0,0
1225,Tech,23,41.32,3,1,758,0,0
1226,Tech,21,40.91,4,2,700,0,0
1227,Manufacturing,21,39.82,5,0,722,0,0
1228,Manufacturing,11,41.27,4,0,750,0,0
1229,Retail,7,10.97,8,0,621,0,0
1230,Healthcare,9,24.37,6,1,710,0,0
1231,Manufacturing,4,24.5,6,0,710,0,0
1232,Tech,13,44.58,4,0,684,0,0
1233,Healthcare,4,15.2,2,0,657,0,0
1234,Healthcare,19,46.61,6,1,712,0,0
1235,Tech,2,22.81,3,2,744,1,0
1236,Manufacturing,9,33.65,2,0,780,0,0
1237,Tech,12,13.81,7,0,753,0,0
1238,Healthcare,2,20.81,6,0,687,0,0
1239,Consulting,6,35.64,5,0,752,0,0
1240,Consulting,5,25.88,5,0,675,0,0
1241,Retail,5,46.57,3,0,615,1,0
1242,Tech,20,36.99,10,2,773,0,1
1243,Tech,22,28.44,6,1,637,0,0
1244,Retail,5,44.39,5,0,659,1,1
1245,Retail,4,33.45,2,0,701,0,0
1246,Retail,9,32.54,3,0,693,0,0
1247,Healthcare,22,12.7,7,0,599,0,0
1248,Tech,10,20.05,7,0,671,0,0
1249,Healthcare,16,34.32,1,1,742,0,0
1250,Retail,10,44.64,4,0,720,0,0
1251,Tech,10,16.12,4,0,729,0,0
1252,Healthcare,19,11.17,7,2,595,0,0
1253,Healthcare,10,29.89,4,0,627,0,0
1254,Retail,6,3.83,4,0,728,0,0
1255,Tech,17,35.87,5,0,804,0,0
1256,Retail,5,35.31,3,1,692,1,1
1257,Tech,6,18.07,8,0,710,0,0
1258,Consulting,24,44.69,5,2,713,0,0
1259,Manufacturing,15,25.36,7,2,744,0,0
1260,Manufacturing,19,32.47,7,1,653,1,0
1261,Manufacturing,18,10.87,2,0,801,0,1
1262,Retail,4,21.16,2,0,772,1,1
1263,Consulting,8,43.19,8,2,738,0,0
1264,Tech,16,11.04,3,0,676,0,0
1265,Healthcare,24,19.83,5,0,728,0,0
1266,Tech,19,16.24,5,0,725,0,0
1267,Healthcare,20,7.98,2,0,662,1,0
1268,Tech,3,14.84,4,1,646,0,1
1269,Consulting,10,12.02,8,1,722,1,1
1270,Healthcare,2,46.22,14,2,689,0,1
1271,Retail,4,37.18,5,0,754,0,0
1272,Tech,6,16.15,7,1,635,0,0
1273,Tech,11,38.29,4,0,714,0,0
1274,Healthcare,14,1.6,3,0,765,0,0
1275,Retail,16,26.56,8,1,726,0,1
1276,Retail,21,12.89,6,0,766,1,1
1277,Consulting,19,6.16,4,1,758,0,0
1278,Retail,2,44.25,5,0,697,0,0
1279,Retail,17,10.37,4,0,680,0,0
1280,Retail,9,41.21,2,0,759,0,1
1281,Manufacturing,17,20.95,7,1,723,0,0
1282,Consulting,15,1.21,9,0,718,1,0
1283,Tech,7,36.76,7,0,743,0,1
1284,Healthcare,22,30.02,6,0,696,0,0
1285,Tech,23,17.54,5,0,666,0,0
1286,Consulting,19,14.44,0,2,787,0,0
1287,Healthcare,3,4.15,3,2,707,1,1
1288,Consulting,1,47.1,4,1,648,0,0
1289,Retail,4,24.95,6,0,727,0,0
1290,Healthcare,18,4.73,5,0,714,0,0
1291,Retail,8,43.5,6,2,683,0,0
1292,Tech,19,14.3,9,0,726,0,1
1293,Tech,23,10.58,4,1,697,0,1
1294,Healthcare,23,14.41,2,0,660,0,0
1295,Healthcare,6,28.45,7,1,653,0,1
1296,Consulting,1,4.17,8,0,642,0,0
1297,Consulting,8,24.35,7,1,759,0,1
1298,Retail,1,44.84,5,1,740,0,0
1299,Healthcare,19,9.81,4,0,739,1,0
1300,Tech,11,16.89,4,0,728,0,0
1301,Consulting,21,20.11,4,0,640,0,0
1302,Consulting,24,29.52,3,0,627,0,0
1303,Tech,15,46.0,2,0,636,1,0
1304,Consulting,23,20.03,8,0,730,0,0
1305,Retail,11,3.92,2,0,642,0,0
1306,Healthcare,19,17.72,3,0,743,0,0
1307,Tech,21,9.91,10,0,744,0,0
1308,Healthcare,10,32.76,3,0,728,0,0
1309,Consulting,24,1.95,3,0,690,1,0
1310,Consulting,12,14.95,7,0,743,0,1
1311,Tech,1,27.49,3,1,692,0,0
1312,Retail,24,14.23,7,0,768,0,0
1313,Manufacturing,7,27.77,6,1,741,1,1
1314,Tech,17,6.18,4,0,654,0,0
1315,Manufacturing,10,47.17,5,0,657,0,0
1316,Manufacturing,6,14.9,4,2,673,1,1
1317,Retail,17,46.19,4,1,687,1,0
1318,Manufacturing,18,16.63,5,1,652,1,0
1319,Manufacturing,5,39.2,5,0,737,0,1
1320,Retail,18,12.69,4,1,729,1,0
1321,Manufacturing,17,33.65,8,0,687,0,0
1322,Manufacturing,22,16.52,5,0,760,0,0
1323,Manufacturing,16,25.7,9,0,700,0,0
1324,Tech,8,33.85,3,0,629,1,0
1325,Tech,24,29.65,2,0,652,1,0
1326,Tech,13,29.03,6,0,713,1,0
1327,Retail,24,3.75,5,2,769,0,0
1328,Consulting,16,12.83,8,1,717,0,0
1329,Manufacturing,11,28.81,4,1,653,0,0
1330,Manufacturing,6,1.41,8,1,670,0,0
1331,Retail,3,12.91,7,2,719,1,0
1332,Manufacturing,1,11.84,3,0,651,0,0
1333,Tech,18,12.87,6,0,789,0,1
1334,Consulting,5,27.01,8,1,758,0,1
1335,Healthcare,13,29.31,7,0,703,0,0
1336,Manufacturing,10,45.5,1,2,745,0,0
1337,Tech,5,19.61,5,2,706,0,0
1338,Healthcare,14,46.37,5,2,683,1,1
1339,Consulting,17,32.77,2,1,706,0,0
1340,Healthcare,1,45.68,8,0,590,0,0
1341,Tech,2,41.76,5,1,727,1,0
1342,Healthcare,7,34.54,2,0,679,0,0
1343,Retail,10,18.13,3,0,775,0,0
1344,Healthcare,20,12.43,6,0,727,1,0
1345,Manufacturing,7,11.51,8,0,710,0,0
1346,Manufacturing,24,47.63,5,1,642,0,1
1347,Retail,16,47.95,7,0,679,1,0
1348,Tech,5,36.38,2,0,711,0,1
1349,Manufacturing,12,44.25,5,2,754,0,1
1350,Consulting,17,45.99,4,0,721,1,0
1351,Manufacturing,16,25.82,5,0,706,0,0
1352,Manufacturing,20,31.64,5,0,701,1,0
1353,Tech,16,21.23,3,2,773,0,0
1354,Healthcare,19,21.22,6,1,756,0,0
1355,Manufacturing,15,2.4,12,0,735,0,1
1356,Retail,12,21.97,6,0,730,0,0
1357,Healthcare,21,33.84,4,2,717,1,0
1358,Consulting,10,21.39,4,1,725,1,0
1359,Tech,22,43.68,2,0,617,1,0
1360,Consulting,2,16.96,3,0,686,0,0
1361,Healthcare,7,7.07,7,0,737,0,0
1362,Healthcare,13,40.67,8,0,690,0,0
1363,Healthcare,3,33.86,4,0,682,0,0
1364,Consulting,15,12.47,5,1,747,1,0
1365,Healthcare,1,27.05,0,0,615,0,0
1366,Consulting,3,20.39,4,0,668,0,0
1367,Healthcare,10,46.97,5,0,624,0,0
1368,Retail,15,30.56,6,0,765,0,0
1369,Healthcare,22,8.34,5,0,694,0,0
1370,Consulting,6,25.36,5,0,770,0,0
1371,Manufacturing,20,43.2,5,0,685,0,0
1372,Healthcare,15,33.74,7,0,626,0,1
1373,Manufacturing,24,42.2,6,0,683,0,0
1374,Retail,21,12.89,4,0,784,1,0
1375,Tech,7,44.47,3,2,741,0,0
1376,Retail,21,37.9,11,0,707,1,0
1377,Healthcare,5,36.58,7,0,706,1,1
1378,Manufacturing,4,17.65,2,0,689,0,0
1379,Manufacturing,22,44.44,7,2,673,0,1
1380,Consulting,18,32.08,5,2,715,0,0
1381,Manufacturing,3,42.67,6,1,623,1,0
1382,Consulting,17,18.37,4,0,703,0,0
1383,Tech,18,7.71,3,0,687,0,0
1384,Healthcare,18,16.95,3,1,689,0,0
1385,Consulting,24,23.04,10,1,655,0,0
1386,Tech,24,26.9,7,2,716,0,0
1387,Manufacturing,2,25.79,4,0,775,0,0
1388,Manufacturing,13,27.53,7,0,671,0,0
1389,Tech,22,42.16,7,0,717,0,0
1390,Manufacturing,15,8.92,4,0,716,0,0
1391,Tech,5,16.14,5,0,776,0,0
1392,Consulting,3,44.49,7,0,632,0,1
1393,Consulting,5,28.24,8,1,712,0,0
1394,Tech,5,29.38,4,0,748,0,0
1395,Consulting,5,24.16,1,1,742,0,1
1396,Consulting,3,27.67,5,0,668,1,0
1397,Consulting,3,10.3,5,0,657,0,0
1398,Retail,20,27.57,10,0,705,0,0
1399,Healthcare,23,49.86,5,1,745,0,0
1400,Manufacturing,18,28.52,4,0,602,1,0
1401,Retail,20,2.7,8,0,646,1,0
1402,Consulting,4,39.92,3,2,720,0,1
1403,Tech,1,20.13,3,2,708,0,1
1404,Consulting,16,8.11,7,0,760,1,0
1405,Healthcare,8,43.19,11,0,830,0,0
1406,Consulting,17,10.3,4,0,780,0,1
1407,Tech,8,46.08,3,2,696,0,1
1408,Healthcare,7,22.37,8,0,658,0,0
1409,Consulting,8,37.27,2,2,632,0,0
1410,Healthcare,21,27.58,8,0,720,0,0
1411,Manufacturing,24,13.2,7,1,608,0,1
1412,Manufacturing,12,33.72,4,2,692,0,1
1413,Consulting,16,47.92,4,0,714,0,1
1414,Healthcare,12,38.6,3,0,791,0,1
1415,Tech,19,30.4,8,1,709,0,0
1416,Consulting,10,49.54,3,2,659,0,0
1417,Manufacturing,7,13.63,5,0,730,0,0
1418,Manufacturing,12,3.59,5,0,708,1,0
1419,Consulting,20,2.09,3,2,749,0,0
1420,Healthcare,5,35.68,7,0,776,0,0
1421,Manufacturing,16,41.6,4,0,685,0,0
1422,Healthcare,9,31.94,5,1,732,0,1
1423,Manufacturing,7,45.3,4,0,803,0,1
1424,Manufacturing,20,35.05,4,1,784,0,1
1425,Retail,22,18.86,5,1,662,1,0
1426,Manufacturing,14,9.47,3,1,634,0,0
1427,Tech,11,46.27,3,0,748,1,0
1428,Consulting,7,5.63,4,0,678,0,0
1429,Consulting,10,27.38,6,1,772,1,0
1430,Healthcare,9,16.04,5,1,627,0,0
1431,Manufacturing,4,13.94,4,0,663,1,0
1432,Tech,16,32.47,1,0,689,1,0
1433,Healthcare,10,11.95,5,0,651,1,0
1434,Retail,19,45.86,2,0,648,0,0
1435,Healthcare,24,20.6,5,0,668,0,0
1436,Healthcare,17,34.03,5,0,744,1,0
1437,Manufacturing,9,36.52,3,2,684,0,1
1438,Retail,13,34.31,5,1,724,0,1
1439,Healthcare,1,45.22,5,0,819,1,1
1440,Tech,2,11.94,8,2,765,0,1
1441,Tech,13,4.76,4,0,725,1,0
1442,Consulting,24,3.25,6,0,627,0,0
1443,Retail,9,43.95,5,0,680,0,0
1444,Retail,7,48.68,8,0,741,0,0
1445,Consulting,16,15.48,5,2,683,0,0
1446,Healthcare,19,34.83,2,0,658,0,0
1447,Retail,7,0.94,3,0,790,0,0
1448,Tech,6,9.84,8,0,638,0,0
1449,Tech,18,34.62,9,0,691,0,0
1450,Manufacturing,19,3.76,1,0,676,1,0
1451,Retail,11,23.69,2,0,647,0,0
1452,Healthcare,12,33.3,3,1,787,0,0
1453,Consulting,10,38.41,6,0,646,0,1
1454,Consulting,13,22.96,7,1,657,0,0
1455,Healthcare,12,31.7,6,0,757,0,0
1456,Manufacturing,21,27.21,8,1,712,0,0
1457,Consulting,10,3.09,5,0,649,0,1
1458,Retail,20,37.27,8,0,696,0,0
1459,Manufacturing,18,9.03,4,0,654,0,0
1460,Retail,4,2.07,4,0,694,0,0
1461,Tech,24,22.83,8,0,687,0,1
1462,Manufacturing,5,43.35,6,1,637,0,0
1463,Consulting,5,7.97,11,0,716,0,0
1464,Manufacturing,12,1.14,2,0,662,1,0
1465,Manufacturing,3,5.94,5,0,597,0,0
1466,Manufacturing,8,18.5,3,0,728,0,0
1467,Manufacturing,22,29.22,8,0,702,0,0
1468,Retail,2,10.05,4,0,638,0,0
1469,Tech,18,40.2,7,0,732,0,0
1470,Healthcare,9,37.79,9,1,738,0,1
1471,Manufacturing,13,34.95,6,0,700,0,0
1472,Consulting,7,24.63,4,0,723,0,0
1473,Manufacturing,10,18.58,2,0,633,0,0
1474,Consulting,9,19.09,7,0,733,0,0
1475,Retail,22,25.4,9,0,700,0,1
1476,Consulting,15,4.33,4,0,778,0,0
1477,Healthcare,5,34.27,7,0,605,0,0
1478,Tech,12,17.9,7,1,687,0,0
1479,Consulting,1,11.63,4,0,648,0,0
1480,Consulting,12,14.28,3,1,667,0,0
1481,Tech,22,9.42,3,2,695,0,0
1482,Healthcare,6,45.13,6,0,674,0,1
1483,Manufacturing,19,8.87,3,0,656,0,0
1484,Consulting,19,44.2,4,0,657,0,0
1485,Tech,16,28.83,5,0,780,0,0
1486,Retail,19,43.44,5,0,710,0,0
1487,Tech,3,23.97,9,1,612,0,0
1488,Retail,23,46.42,2,0,656,1,0
1489,Healthcare,10,10.97,3,2,722,0,1
1490,Manufacturing,18,27.96,5,0,688,0,1
1491,Tech,13,6.73,7,0,705,1,1
1492,Consulting,18,22.64,2,0,732,0,0
1493,Healthcare,3,28.71,2,0,612,0,0
1494,Tech,23,30.48,7,0,728,0,0
1495,Consulting,3,18.59,0,0,754,0,0
1496,Tech,23,4.28,6,0,620,0,0
1497,Retail,12,32.94,4,0,709,0,0
1498,Tech,20,24.68,4,0,580,0,0
1499,Tech,7,7.28,9,0,712,0,1
1500,Tech,24,46.83,6,0,714,0,0
1501,Healthcare,8,47.81,7,1,648,0,1
1502,Tech,9,42.9,9,0,676,0,0
1503,Consulting,14,42.27,7,1,689,0,0
1504,Retail,5,5.38,6,0,700,1,0
1505,Retail,21,49.67,5,0,675,0,0
1506,Tech,19,20.32,5,0,754,0,0
1507,Healthcare,21,8.57,2,2,717,1,0
1508,Healthcare,16,40.7,3,1,668,0,0
1509,Consulting,24,11.67,4,1,753,0,0
1510,Tech,12,26.55,6,0,724,0,0
1511,Retail,21,6.84,4,0,640,0,0
1512,Healthcare,4,23.99,6,0,701,0,0
1513,Tech,8,28.13,6,0,728,1,1
1514,Healthcare,7,22.57,6,0,744,0,0
1515,Healthcare,15,3.94,1,0,789,1,0
1516,Retail,6,24.5,4,0,757,0,0
1517,Manufacturing,5,23.71,3,0,685,0,0
1518,Consulting,14,13.45,5,0,602,0,0
1519,Consulting,21,46.12,11,0,733,1,1
1520,Retail,13,21.18,8,0,688,0,0
1521,Healthcare,10,43.27,4,0,746,0,0
1522,Tech,18,5.93,6,2,702,0,0
1523,Healthcare,4,16.28,4,0,644,0,0
1524,Retail,8,9.23,7,0,676,0,0
1525,Consulting,24,20.72,2,1,714,0,0
1526,Healthcare,11,6.03,2,2,701,0,0
1527,Consulting,17,22.33,4,0,673,0,0
1528,Tech,18,18.02,10,1,707,1,0
1529,Consulting,21,11.55,9,0,696,1,0
1530,Consulting,11,32.29,5,0,676,0,0
1531,Manufacturing,16,47.57,2,1,740,1,0
1532,Manufacturing,12,10.75,3,0,739,0,0
1533,Manufacturing,13,35.73,6,0,717,1,0
1534,Consulting,16,37.25,6,1,683,0,1
1535,Retail,23,25.16,8,0,726,0,1
1536,Consulting,21,44.93,3,0,667,0,0
1537,Retail,1,48.34,9,0,752,0,0
1538,Retail,16,18.43,3,0,715,1,0
1539,Manufacturing,15,32.73,5,0,716,0,0
1540,Healthcare,6,33.28,4,0,758,0,0
1541,Tech,12,20.48,6,2,695,0,1
1542,Manufacturing,8,16.18,5,0,719,0,1
1543,Manufacturing,7,46.72,7,1,674,0,0
1544,Healthcare,2,39.6,4,1,648,1,0
1545,Tech,12,6.17,5,0,735,0,1
1546,Consulting,21,6.43,6,1,676,0,1
1547,Consulting,14,46.17,5,0,668,1,0
1548,Manufacturing,16,4.53,8,0,679,0,0
1549,Tech,11,34.58,3,1,753,0,0
1550,Manufacturing,20,11.72,3,0,669,0,0
1551,Retail,9,2.24,2,1,782,0,0
1552,Manufacturing,10,3.45,5,0,628,1,0
1553,Manufacturing,17,18.99,6,1,732,1,0
1554,Consulting,12,4.34,7,0,672,0,0
1555,Consulting,6,30.03,4,1,673,0,0
1556,Consulting,19,32.54,3,0,712,0,0
1557,Retail,11,18.99,7,0,666,0,1
1558,Consulting,9,37.27,6,0,664,0,0
1559,Tech,21,24.76,11,0,746,0,0
1560,Healthcare,6,21.8,10,0,636,1,0
1561,Tech,24,20.65,7,2,597,0,1
1562,Tech,16,21.84,10,0,707,0,0
1563,Consulting,20,48.41,4,0,670,0,0
1564,Healthcare,16,34.23,6,1,674,0,0
1565,Healthcare,6,16.1,4,1,652,0,0
1566,Healthcare,5,36.83,8,0,623,0,0
1567,Retail,21,16.85,8,0,732,0,0
1568,Consulting,4,6.72,6,0,638,0,0
1569,Healthcare,2,24.03,9,0,721,0,0
1570,Retail,6,37.68,2,0,732,0,1
1571,Manufacturing,9,19.19,4,0,683,0,0
1572,Manufacturing,17,43.52,2,0,686,1,0
1573,Retail,14,19.65,5,0,695,0,0
1574,Retail,7,17.82,10,0,739,0,1
1575,Consulting,22,49.91,8,0,718,0,1
1576,Consulting,19,24.38,2,0,744,0,0
1577,Manufacturing,1,40.36,4,0,658,0,1
1578,Healthcare,20,40.35,4,1,731,0,1
1579,Manufacturing,15,46.36,2,0,678,0,0
1580,Healthcare,18,4.7,6,2,765,1,1
1581,Healthcare,3,13.93,7,0,768,1,1
1582,Consulting,18,38.5,4,0,623,0,0
1583,Tech,2,28.35,3,1,652,0,0
1584,Tech,10,28.2,5,0,653,1,0
1585,Retail,11,8.73,7,0,691,0,0
1586,Consulting,24,14.42,1,0,663,0,1
1587,Healthcare,3,26.31,7,0,626,0,0
1588,Tech,7,14.22,8,0,734,1,0
1589,Healthcare,8,10.91,3,0,704,0,0
1590,Tech,19,4.84,4,0,641,0,0
1591,Tech,18,8.21,7,0,657,0,0
1592,Tech,13,38.56,6,0,621,0,0
1593,Consulting,13,36.08,8,1,609,0,1
1594,Manufacturing,24,2.77,1,0,596,0,0
1595,Healthcare,19,10.56,8,1,624,0,1
1596,Consulting,23,28.24,9,1,635,0,1
1597,Consulting,12,16.47,4,0,690,1,0
1598,Consulting,17,41.25,4,0,664,1,0
1599,Consulting,22,39.36,2,0,698,0,0
1600,Consulting,12,44.63,4,0,713,0,0
1601,Retail,13,28.37,4,0,765,1,0
1602,Healthcare,12,17.93,2,0,667,0,0
1603,Consulting,19,30.5,7,0,715,0,0
1604,Healthcare,14,4.91,7,0,737,0,0
1605,Retail,7,0.97,4,0,641,0,0
1606,Retail,13,1.35,6,2,614,0,0
1607,Healthcare,6,20.67,6,0,655,0,0
1608,Tech,24,11.79,3,0,690,0,0
1609,Manufacturing,19,8.29,5,0,632,0,0
1610,Tech,19,30.96,11,0,707,0,1
1611,Tech,4,49.76,7,1,758,0,1
1612,Tech,19,9.3,6,0,737,0,0
1613,Consulting,9,27.55,0,0,619,1,0
1614,Retail,16,6.43,10,0,731,1,0
1615,Tech,4,46.74,6,1,675,0,1
1616,Retail,6,14.94,6,0,726,0,0
1617,Healthcare,8,43.98,3,0,676,0,0
1618,Manufacturing,24,14.51,7,0,682,1,1
1619,Healthcare,16,40.4,6,1,713,1,1
1620,Healthcare,5,10.86,1,2,778,0,0
1621,Consulting,21,14.99,5,0,710,1,0
1622,Manufacturing,22,10.03,4,1,654,0,0
1623,Healthcare,10,13.58,3,1,692,0,0
1624,Healthcare,23,41.83,5,0,756,0,1
1625,Manufacturing,13,32.13,5,0,722,0,1
1626,Manufacturing,14,20.59,5,1,617,0,0
1627,Healthcare,7,48.59,5,1,712,0,1
1628,Manufacturing,20,23.51,0,1,743,0,0
1629,Healthcare,6,48.5,0,1,800,0,0
1630,Healthcare,7,10.23,9,0,632,0,0
1631,Consulting,5,45.28,6,2,657,0,0
1632,Tech,21,1.18,6,2,746,0,0
1633,Healthcare,18,27.49,1,0,684,0,0
1634,Retail,23,21.44,7,0,682,0,0
1635,Tech,12,26.49,5,0,672,0,1
1636,Tech,6,27.9,6,0,716,0,0
1637,Tech,1,19.76,6,0,746,0,0
1638,Consulting,4,49.91,6,0,675,0,0
1639,Healthcare,19,48.84,2,0,630,1,1
1640,Consulting,12,48.11,3,1,728,0,1
1641,Healthcare,15,48.96,4,0,647,0,0
1642,Consulting,3,39.75,5,0,727,0,1
1643,Consulting,23,49.44,3,2,701,1,0
1644,Retail,20,44.67,6,1,687,0,0
1645,Consulting,8,21.09,6,0,660,0,0
1646,Manufacturing,11,39.35,4,0,685,0,0
1647,Retail,16,45.65,6,0,695,0,0
1648,Consulting,9,35.77,6,0,684,0,1
1649,Tech,3,21.43,9,0,769,0,1
1650,Manufacturing,5,3.76,2,1,702,0,0
1651,Manufacturing,20,40.58,4,2,636,0,1
1652,Manufacturing,14,47.66,2,1,645,0,0
1653,Retail,15,18.44,5,0,710,0,0
1654,Consulting,6,8.02,4,0,610,0,0
1655,Consulting,4,16.66,6,0,761,0,0
1656,Tech,8,29.34,4,0,767,1,0
1657,Tech,19,16.19,4,0,631,0,0
1658,Manufacturing,5,30.73,5,0,713,0,0
1659,Tech,13,48.36,3,0,720,0,0
1660,Retail,16,33.7,7,0,776,0,0
1661,Consulting,1,18.45,7,0,759,0,0
1662,Manufacturing,13,46.82,6,2,645,1,0
1663,Tech,22,28.5,4,0,680,0,0
1664,Retail,11,6.85,6,0,649,0,1
1665,Retail,21,25.2,2,1,673,0,0
1666,Tech,8,32.86,5,0,642,0,0
1667,Consulting,8,41.99,4,0,614,0,1
1668,Tech,24,46.86,11,0,812,1,1
1669,Manufacturing,14,16.21,5,0,612,0,0
1670,Tech,13,8.2,3,0,731,1,0
1671,Retail,3,4.15,3,0,645,0,0
1672,Tech,4,37.05,2,0,607,0,1
1673,Consulting,20,39.86,7,1,651,0,0
1674,Healthcare,15,20.76,4,0,751,0,0
1675,Tech,15,20.1,3,0,739,0,0
1676,Consulting,21,47.73,6,2,776,0,0
1677,Consulting,13,45.88,2,1,711,0,0
1678,Retail,9,12.05,7,0,613,0,0
1679,Consulting,10,39.15,4,0,677,0,0
1680,Consulting,12,31.32,5,0,726,0,0
1681,Consulting,14,8.13,9,0,699,0,0
1682,Consulting,1,18.16,4,2,661,0,0
1683,Manufacturing,14,9.28,4,0,653,0,0
1684,Manufacturing,14,15.11,6,1,714,0,1
1685,Retail,8,30.96,1,0,726,0,0
1686,Tech,16,19.08,6,0,709,0,0
1687,Consulting,14,20.01,5,0,754,1,0
1688,Tech,1,27.21,5,0,603,0,0
1689,Tech,16,4.82,6,0,684,0,0
1690,Retail,18,37.07,7,0,696,0,1
1691,Consulting,7,20.38,5,2,728,0,0
1692,Consulting,15,24.28,6,0,769,1,0
1693,Healthcare,24,48.73,6,0,729,0,0
1694,Tech,17,17.55,5,0,711,0,0
1695,Tech,19,32.59,6,1,680,0,1
1696,Manufacturing,23,19.93,4,0,734,1,0
1697,Healthcare,13,44.77,3,0,704,0,0
1698,Manufacturing,9,42.41,5,0,678,1,0
1699,Manufacturing,24,12.46,8,2,749,0,0
1700,Manufacturing,24,34.74,5,1,686,0,1
1701,Retail,15,3.73,2,1,710,0,1
1702,Retail,3,48.18,7,0,656,0,1
1703,Manufacturing,24,17.78,6,0,720,1,0
1704,Healthcare,1,41.68,5,2,716,0,1
1705,Tech,16,16.26,5,0,667,0,0
1706,Healthcare,8,31.82,3,0,740,0,0
1707,Consulting,23,49.19,7,0,724,0,1
1708,Retail,13,43.9,7,0,688,0,0
1709,Tech,8,8.44,7,2,684,1,0
1710,Tech,17,27.6,3,0,704,0,0
1711,Consulting,22,17.75,5,2,774,0,0
1712,Consulting,23,22.0,6,0,673,1,0
1713,Manufacturing,14,17.09,5,0,665,1,0
1714,Retail,21,17.13,5,1,777,0,0
1715,Retail,21,27.36,4,0,808,0,1
1716,Healthcare,7,10.0,5,0,658,0,0
1717,Manufacturing,15,27.1,5,0,701,0,0
1718,Manufacturing,16,14.31,5,1,634,0,1
1719,Manufacturing,19,14.8,5,1,668,0,1
1720,Manufacturing,6,37.07,6,1,687,1,1
1721,Retail,23,1.96,6,1,700,0,0
1722,Retail,1,19.36,3,0,628,0,0
1723,Manufacturing,12,20.67,11,0,692,0,0
1724,Healthcare,18,24.51,2,0,712,1,0
1725,Tech,16,33.62,4,0,675,0,0
1726,Tech,12,18.8,5,0,751,0,0
1727,Healthcare,20,11.05,3,0,709,0,0
1728,Manufacturing,13,44.3,4,1,735,0,1
1729,Retail,8,49.06,6,2,658,0,0
1730,Tech,22,1.49,4,0,678,0,0
1731,Consulting,1,27.55,8,1,663,0,0
1732,Consulting,21,17.41,3,0,713,0,0
1733,Healthcare,7,14.21,5,0,701,0,0
1734,Manufacturing,15,17.12,8,0,641,1,0
1735,Tech,22,32.12,5,1,681,0,1
1736,Manufacturing,13,9.94,2,0,794,0,0
1737,Tech,13,45.69,4,0,594,0,1
1738,Healthcare,9,23.57,4,0,647,0,0
1739,Healthcare,24,16.62,3,1,752,1,0
1740,Consulting,15,38.39,5,0,700,0,0
1741,Manufacturing,4,1.31,8,0,754,1,1
1742,Consulting,13,21.88,7,0,734,0,0
1743,Manufacturing,12,18.09,3,0,786,0,0
1744,Consulting,5,17.24,8,1,605,0,1
1745,Retail,7,17.19,6,0,701,0,0
1746,Retail,8,2.05,5,0,754,0,0
1747,Retail,5,8.03,3,0,771,1,0
1748,Retail,9,7.52,6,0,682,0,0
1749,Tech,14,49.44,4,0,793,0,1
1750,Retail,12,1.6,6,0,658,0,0
1751,Healthcare,4,8.77,5,0,692,0,0
1752,Healthcare,20,48.72,9,1,744,1,0
1753,Tech,8,31.6,5,0,721,0,0
1754,Retail,17,22.81,4,2,705,0,0
1755,Retail,8,4.4,4,0,703,0,0
1756,Retail,21,33.65,7,0,711,1,0
1757,Consulting,1,7.32,5,1,838,0,0
1758,Manufacturing,20,33.72,5,0,706,1,0
1759,Consulting,2,48.97,2,1,714,0,0
1760,Manufacturing,4,26.83,7,1,730,0,0
1761,Retail,24,11.1,2,0,664,1,0
1762,Retail,21,31.45,7,1,669,1,1
1763,Consulting,1,25.89,3,0,716,0,0
1764,Consulting,7,26.89,6,0,641,0,0
1765,Manufacturing,1,24.17,7,0,666,0,0
1766,Healthcare,9,33.85,4,1,710,0,0
1767,Manufacturing,3,28.81,6,0,716,0,1
1768,Consulting,12,49.36,3,0,781,0,0
1769,Consulting,19,41.38,6,0,704,0,0
1770,Tech,15,13.6,6,0,697,0,0
1771,Consulting,22,36.42,7,0,530,0,0
1772,Tech,16,11.11,7,0,657,0,0
1773,Healthcare,10,39.23,8,0,796,0,0
1774,Manufacturing,22,7.8,4,0,606,0,0
1775,Manufacturing,6,23.94,3,0,778,0,0
1776,Tech,17,39.64,6,0,688,1,0
1777,Manufacturing,21,14.37,3,0,741,0,0
1778,Consulting,22,41.94,6,1,701,0,1
1779,Retail,24,32.39,4,0,797,1,0
1780,Tech,17,20.18,5,0,601,0,0
1781,Manufacturing,21,21.46,4,0,736,0,0
1782,Tech,19,46.34,6,2,791,0,1
1783,Tech,18,11.28,6,0,684,0,0
1784,Retail,11,34.82,10,1,728,0,1
1785,Consulting,24,35.51,5,0,712,0,1
1786,Tech,7,46.16,3,0,671,0,0
1787,Manufacturing,10,35.8,7,0,672,0,1
1788,Healthcare,7,29.43,3,0,712,0,0
1789,Tech,5,45.17,4,0,622,0,0
1790,Tech,12,41.54,4,0,684,0,1
1791,Retail,16,35.98,3,0,628,0,0
1792,Consulting,21,2.11,10,0,672,1,0
1793,Healthcare,18,18.99,5,0,790,0,0
1794,Manufacturing,3,31.78,7,0,646,0,0
1795,Healthcare,20,26.35,7,0,678,0,0
1796,Manufacturing,15,16.31,5,1,673,1,1
1797,Consulting,5,7.65,4,0,734,1,0
1798,Manufacturing,13,27.87,6,0,711,1,0
1799,Retail,19,14.65,4,0,709,0,0
1800,Retail,12,12.03,3,1,756,1,0
1801,Retail,23,20.25,5,0,652,0,0
1802,Retail,21,39.38,5,0,656,0,0
1803,Healthcare,5,24.65,3,1,783,0,0
1804,Consulting,6,11.22,5,1,801,1,0
1805,Manufacturing,7,6.29,4,0,598,0,0
1806,Manufacturing,10,25.2,8,0,745,0,0
1807,Retail,16,39.82,1,0,664,0,1
1808,Retail,8,32.81,4,2,781,0,0
1809,Tech,9,11.99,4,1,703,0,0
1810,Consulting,4,22.12,4,0,589,0,0
1811,Healthcare,21,42.83,7,1,715,1,0
1812,Manufacturing,21,9.29,2,0,730,0,0
1813,Tech,8,26.84,1,0,707,0,0
1814,Tech,7,18.13,5,0,767,0,1
1815,Manufacturing,15,6.65,7,0,756,0,0
1816,Healthcare,21,2.97,4,0,706,1,0
1817,Tech,3,28.02,7,0,598,1,0
1818,Tech,17,1.53,11,2,711,1,0
1819,Consulting,11,5.62,3,1,689,1,0
1820,Healthcare,9,17.7,4,0,695,1,0
1821,Tech,5,2.65,3,0,671,0,0
1822,Healthcare,10,20.32,5,0,615,0,0
1823,Manufacturing,15,6.95,3,0,646,0,0
1824,Retail,14,17.82,9,0,748,0,1
1825,Tech,4,39.66,6,0,753,1,1
1826,Consulting,21,31.51,6,1,783,0,1
1827,Manufacturing,20,22.55,6,0,688,0,0
1828,Healthcare,2,5.05,9,0,698,1,0
1829,Manufacturing,12,31.15,6,2,653,0,0
1830,Tech,1,8.6,10,0,710,0,1
1831,Healthcare,24,4.29,8,2,696,0,0
1832,Retail,20,33.37,3,0,630,0,0
1833,Manufacturing,5,45.65,7,1,723,0,1
1834,Tech,6,23.3,0,0,613,0,0
1835,Consulting,24,2.53,2,1,642,0,0
1836,Healthcare,11,44.07,3,0,715,0,1
1837,Manufacturing,8,3.82,6,1,651,0,1
1838,Manufacturing,7,43.44,5,0,670,0,0
1839,Retail,4,19.9,6,1,696,0,0
1840,Retail,6,18.59,3,0,739,0,0
1841,Consulting,16,27.37,6,1,766,0,1
1842,Consulting,20,47.88,4,1,659,1,1
1843,Tech,15,44.99,5,0,743,0,1
1844,Tech,14,23.78,7,1,681,0,0
1845,Consulting,23,34.94,8,0,685,1,0
1846,Consulting,12,29.23,5,0,705,1,0
1847,Healthcare,12,34.83,4,2,763,0,1
1848,Retail,16,41.55,8,0,711,0,0
1849,Tech,15,2.21,7,1,692,0,1
1850,Retail,13,16.63,2,0,716,1,0
1851,Retail,11,47.99,3,0,719,0,0
1852,Consulting,17,47.49,7,0,609,1,0
1853,Healthcare,21,1.06,4,0,726,0,0
1854,Manufacturing,15,10.47,6,0,719,0,0
1855,Healthcare,14,49.69,8,0,737,0,1
1856,Healthcare,10,24.89,4,0,690,0,0
1857,Retail,12,28.86,2,0,706,0,0
1858,Healthcare,16,8.74,8,1,694,0,0
1859,Tech,15,44.77,9,1,704,0,1
1860,Retail,10,11.95,2,0,719,0,0
1861,Tech,4,9.89,2,1,737,0,0
1862,Manufacturing,23,11.79,6,1,725,0,0
1863,Retail,9,46.02,3,0,710,0,0
1864,Manufacturing,21,35.29,8,0,632,0,1
1865,Retail,20,38.55,4,0,691,0,0
1866,Consulting,9,19.16,4,0,726,0,0
1867,Healthcare,21,45.5,8,0,615,0,0
1868,Consulting,24,39.58,5,0,850,0,1
1869,Manufacturing,20,37.65,2,0,685,0,0
1870,Healthcare,11,48.56,6,2,652,0,0
1871,Retail,11,18.63,3,0,676,0,0
1872,Healthcare,7,30.74,10,0,664,1,0
1873,Tech,21,45.54,6,0,760,0,0
1874,Healthcare,10,39.65,5,1,755,0,1
1875,Tech,4,28.39,6,0,779,0,0
1876,Healthcare,5,4.27,3,0,671,1,0
1877,Tech,5,32.81,10,0,743,0,0
1878,Manufacturing,11,26.56,2,0,691,0,0
1879,Consulting,9,9.62,2,0,745,0,1
1880,Retail,16,44.17,4,1,618,0,0
1881,Healthcare,9,17.49,6,2,700,0,1
1882,Consulting,22,19.68,4,0,652,0,0
1883,Retail,4,33.78,2,0,630,0,0
1884,Retail,2,24.7,7,2,665,0,1
1885,Tech,14,4.92,5,0,642,0,0
1886,Manufacturing,3,19.68,9,0,642,0,1
1887,Manufacturing,18,5.18,5,0,761,0,1
1888,Consulting,21,9.94,8,0,697,0,0
1889,Manufacturing,6,0.86,9,0,626,0,0
1890,Healthcare,11,9.47,7,0,696,0,0
1891,Manufacturing,21,16.86,3,0,690,0,0
1892,Consulting,18,27.14,5,0,671,0,0
1893,Manufacturing,12,46.0,5,0,714,0,1
1894,Healthcare,5,27.25,4,1,685,0,0
1895,Tech,9,35.43,4,2,663,0,1
1896,Consulting,20,18.21,4,0,690,0,0
1897,Tech,18,37.71,5,0,749,0,0
1898,Tech,19,31.21,11,0,761,0,1
1899,Tech,3,23.26,4,0,727,0,0
1900,Retail,9,10.09,4,1,741,0,0
1901,Retail,4,15.53,4,0,746,0,0
1902,Tech,17,31.24,4,0,755,0,0
1903,Consulting,17,21.59,5,2,800,0,1
1904,Healthcare,23,44.52,2,0,644,0,1
1905,Healthcare,23,12.12,6,0,736,0,0
1906,Manufacturing,2,4.12,12,0,812,0,0
1907,Consulting,9,29.67,6,0,622,0,0
1908,Retail,9,44.36,6,0,780,0,1
1909,Tech,5,18.55,7,0,645,1,0
1910,Manufacturing,15,32.56,6,0,735,0,0
1911,Healthcare,15,11.95,6,0,704,0,0
1912,Retail,3,28.14,4,0,704,0,0
1913,Retail,19,39.45,7,0,513,0,1
1914,Tech,3,43.42,4,2,583,0,0
1915,Healthcare,6,5.7,6,0,673,1,1
1916,Consulting,4,18.14,4,0,694,0,0
1917,Retail,24,32.16,4,1,722,1,0
1918,Tech,13,2.22,7,0,663,0,0
1919,Consulting,13,34.69,2,0,686,1,1
1920,Healthcare,11,26.64,2,0,646,0,0
1921,Retail,5,14.78,10,0,639,0,0
1922,Consulting,1,40.83,6,0,668,0,0
1923,Consulting,9,14.86,4,0,589,0,0
1924,Consulting,17,49.58,4,1,723,0,0
1925,Retail,22,40.91,3,0,734,0,0
1926,Retail,1,35.55,2,0,764,0,0
1927,Manufacturing,3,3.54,2,1,832,0,0
1928,Healthcare,15,45.26,6,0,665,1,0
1929,Tech,21,39.61,3,0,771,0,1
1930,Consulting,23,11.84,3,2,682,0,0
1931,Manufacturing,10,19.92,0,1,717,0,0
1932,Tech,8,13.8,7,0,722,0,0
1933,Manufacturing,12,49.23,4,0,754,0,0
1934,Retail,22,42.78,5,0,685,0,0
1935,Consulting,15,46.55,3,0,598,0,0
1936,Tech,9,39.54,4,0,682,0,0
1937,Tech,24,23.09,5,0,797,0,0
1938,Tech,10,10.67,3,0,713,0,0
1939,Tech,20,10.8,3,0,775,0,0
1940,Tech,9,8.01,4,0,773,0,0
1941,Manufacturing,15,27.56,5,0,714,0,0
1942,Consulting,23,46.04,5,1,675,1,0
1943,Retail,21,49.59,2,0,668,0,0
1944,Retail,21,14.72,4,1,717,0,0
1945,Retail,1,35.02,6,2,731,0,0
1946,Retail,2,30.06,6,2,772,0,0
1947,Manufacturing,19,24.7,10,0,642,0,1
1948,Healthcare,14,33.46,3,1,653,0,1
1949,Consulting,8,18.88,6,0,714,0,1
1950,Tech,6,47.25,5,0,649,0,1
1951,Healthcare,12,35.42,5,0,734,0,0
1952,Retail,15,37.83,5,1,706,0,0
1953,Healthcare,14,12.5,1,0,659,0,0
1954,Consulting,21,8.84,9,0,806,0,0
1955,Tech,1,20.02,6,0,712,1,0
1956,Tech,11,38.45,2,1,741,1,0
1957,Consulting,3,46.97,2,0,742,0,1
1958,Consulting,19,21.65,10,0,771,0,0
1959,Retail,18,38.82,6,0,736,1,1
1960,Tech,20,23.79,4,0,710,0,0
1961,Healthcare,2,15.11,3,0,679,0,0
1962,Manufacturing,7,37.09,7,0,751,1,1
1963,Manufacturing,8,40.01,7,0,774,0,0
1964,Consulting,19,10.54,9,2,777,0,1
1965,Retail,22,15.61,7,0,783,0,0
1966,Manufacturing,15,24.99,6,0,712,0,0
1967,Tech,10,9.73,5,0,678,0,0
1968,Consulting,22,46.48,5,0,677,0,0
1969,Healthcare,1,29.77,5,2,696,1,1
1970,Consulting,6,6.5,4,1,766,1,0
1971,Healthcare,13,9.61,5,0,798,0,0
1972,Consulting,14,47.74,6,2,753,1,1
1973,Consulting,3,37.04,8,0,648,0,1
1974,Consulting,11,36.85,5,0,647,0,0
1975,Healthcare,3,4.09,2,0,712,0,0
1976,Healthcare,19,44.82,3,1,635,0,0
1977,Consulting,10,22.46,5,0,678,0,0
1978,Manufacturing,15,33.16,5,2,675,0,0
1979,Retail,11,48.0,3,0,702,0,0
1980,Retail,15,5.45,5,2,746,0,0
1981,Retail,24,24.37,3,0,651,0,0
1982,Healthcare,13,2.96,10,0,715,0,0
1983,Healthcare,5,25.23,6,0,694,1,0
1984,Manufacturing,4,12.99,3,1,696,1,0
1985,Retail,13,45.6,3,0,729,0,0
1986,Retail,9,20.23,7,1,682,0,1
1987,Consulting,17,31.88,5,1,716,0,0
1988,Healthcare,2,43.08,8,0,736,0,0
1989,Retail,24,49.19,5,2,689,0,1
1990,Manufacturing,5,25.44,8,0,712,1,0
1991,Manufacturing,16,23.06,6,1,721,0,1
1992,Retail,7,4.25,6,0,671,0,0
1993,Healthcare,1,1.13,8,1,676,0,0
1994,Manufacturing,12,30.64,8,2,623,0,1
1995,Consulting,21,3.74,6,0,660,1,0
1996,Manufacturing,11,19.33,5,0,635,0,0
1997,Tech,12,0.68,3,0,703,0,0
1998,Tech,19,30.95,5,0,738,0,1
1999,Healthcare,12,21.56,4,0,732,0,1
2000,Retail,12,6.79,5,0,747,0,0
2001,Healthcare,14,15.17,3,1,697,0,0
2002,Healthcare,2,28.7,4,1,700,0,0
2003,Healthcare,2,33.01,6,0,766,0,0
2004,Healthcare,4,23.39,12,0,630,1,0
2005,Consulting,20,40.3,5,0,619,0,0
2006,Consulting,23,6.07,8,1,696,0,0
2007,Manufacturing,16,4.69,9,0,734,0,0
2008,Tech,10,2.69,5,0,648,0,0
2009,Healthcare,13,27.02,6,0,703,1,0
2010,Manufacturing,2,35.46,6,0,686,1,0
2011,Tech,3,6.96,0,0,650,1,0
2012,Retail,19,32.13,5,0,705,0,1
2013,Consulting,6,24.11,4,0,614,1,1
2014,Tech,19,49.37,2,0,723,1,0
2015,Retail,21,36.01,6,0,743,0,0
2016,Tech,20,33.04,5,0,668,0,0
2017,Consulting,19,28.74,4,1,741,0,1
2018,Consulting,8,49.87,6,0,727,1,1
2019,Manufacturing,14,49.03,3,0,652,1,0
2020,Healthcare,10,27.14,10,0,690,1,1
2021,Tech,3,23.03,6,0,725,0,0
2022,Tech,6,23.37,5,0,718,0,0
2023,Retail,15,21.7,6,0,630,0,0
2024,Consulting,23,26.8,4,0,721,0,0
2025,Tech,23,14.04,5,0,643,0,0
2026,Consulting,18,46.38,3,1,619,1,0
2027,Tech,14,24.77,5,1,720,0,0
2028,Manufacturing,19,42.18,4,0,692,0,1
2029,Healthcare,10,24.03,3,0,705,0,0
2030,Tech,15,36.06,6,0,763,0,0
2031,Consulting,4,17.18,4,1,688,0,1
2032,Manufacturing,23,31.43,3,0,659,0,0
2033,Tech,2,25.17,5,0,627,0,0
2034,Retail,3,18.67,4,0,749,0,0
2035,Healthcare,7,44.14,1,0,716,0,0
2036,Tech,23,6.08,3,0,714,0,0
2037,Manufacturing,16,24.6,5,0,731,0,0
2038,Retail,10,10.12,6,0,770,1,0
2039,Manufacturing,19,43.12,3,2,655,0,0
2040,Manufacturing,17,13.05,5,1,652,0,0
2041,Retail,19,31.85,3,0,691,1,0
2042,Manufacturing,5,8.7,7,0,652,0,0
2043,Retail,23,20.54,5,0,708,0,0
2044,Tech,20,45.02,4,0,679,0,0
2045,Retail,13,8.72,9,0,724,0,0
2046,Retail,13,33.33,2,0,683,0,1
2047,Healthcare,11,10.62,2,1,714,0,0
2048,Retail,11,21.08,6,0,670,0,0
2049,Retail,16,27.26,12,0,719,1,0
2050,Tech,15,29.08,2,0,735,0,0
2051,Healthcare,17,30.32,6,0,689,0,0
2052,Consulting,22,32.19,3,0,727,0,0
2053,Tech,18,13.95,6,0,681,0,0
2054,Tech,19,20.37,9,0,655,0,1
2055,Consulting,4,2.35,4,0,729,1,0
2056,Retail,22,38.55,5,0,706,1,1
2057,Manufacturing,22,41.94,5,0,751,0,1
2058,Healthcare,23,10.36,2,0,642,0,0
2059,Manufacturing,5,10.47,4,1,685,0,1
2060,Consulting,7,2.58,7,0,675,0,0
2061,Tech,2,48.53,5,0,696,0,0
2062,Tech,1,40.46,5,0,638,0,1
2063,Healthcare,12,18.35,6,2,754,1,0
2064,Tech,10,24.35,5,0,688,0,1
2065,Tech,8,14.95,3,1,602,1,0
2066,Healthcare,1,30.06,5,0,626,0,0
2067,Healthcare,12,36.01,6,0,679,0,0
2068,Consulting,2,22.64,5,1,634,0,0
2069,Tech,10,43.74,5,0,709,1,0
2070,Tech,22,26.09,9,1,757,1,0
2071,Consulting,17,7.64,6,0,663,0,0
2072,Retail,3,31.3,4,1,724,0,0
2073,Retail,7,23.38,5,0,766,0,0
2074,Retail,12,46.82,7,2,544,0,0
2075,Consulting,8,19.9,6,0,685,0,1
2076,Tech,20,20.44,6,0,667,0,0
2077,Consulting,12,32.71,4,0,662,0,0
2078,Consulting,3,26.59,6,2,726,0,1
2079,Retail,17,19.04,5,1,666,0,0
2080,Manufacturing,9,49.49,7,0,709,0,0
2081,Tech,10,15.46,7,0,711,0,0
2082,Retail,22,14.24,2,0,675,1,1
2083,Manufacturing,6,43.29,9,1,775,0,0
2084,Manufacturing,1,0.67,7,1,773,0,0
2085,Healthcare,22,10.46,6,0,581,0,1
2086,Tech,12,29.73,4,2,730,0,0
2087,Manufacturing,5,8.54,5,0,709,0,0
2088,Retail,13,49.3,3,1,646,0,1
2089,Healthcare,15,23.48,3,0,701,0,0
2090,Tech,22,30.07,8,0,746,0,0
2091,Consulting,11,8.44,4,1,681,0,0
2092,Retail,8,14.82,5,1,668,0,0
2093,Manufacturing,5,30.92,6,0,698,0,0
2094,Manufacturing,2,27.7,4,0,706,0,0
2095,Retail,12,39.33,4,1,701,0,0
2096,Manufacturing,2,13.83,4,0,715,0,0
2097,Healthcare,16,32.85,4,1,652,0,1
2098,Tech,21,14.9,6,0,735,0,0
2099,Healthcare,3,29.54,4,1,721,0,0
2100,Manufacturing,10,30.45,5,1,740,0,0
2101,Consulting,19,6.53,5,0,635,0,0
2102,Tech,8,27.66,7,1,755,0,0
2103,Tech,7,1.09,2,0,722,0,0
2104,Retail,1,25.31,2,1,641,0,0
2105,Retail,12,35.03,6,0,690,0,0
2106,Consulting,5,4.11,4,0,715,0,0
2107,Tech,16,46.97,5,0,775,0,0
2108,Consulting,4,23.21,2,0,654,0,0
2109,Retail,17,46.95,3,1,850,0,0
2110,Retail,24,5.82,5,0,682,0,0
2111,Tech,21,47.52,7,0,628,0,0
2112,Healthcare,2,5.91,6,0,719,0,0
2113,Manufacturing,12,23.34,8,0,673,0,0
2114,Retail,1,46.93,2,1,600,0,1
2115,Retail,12,12.02,4,1,757,0,0
2116,Healthcare,12,2.22,6,1,712,0,0
2117,Healthcare,12,39.76,7,0,777,0,1
2118,Consulting,19,30.0,4,0,689,1,1
2119,Consulting,17,25.94,7,0,650,0,0
2120,Manufacturing,20,2.2,6,0,642,0,1
2121,Manufacturing,24,32.83,10,1,636,1,1
2122,Tech,24,9.0,9,0,728,0,0
2123,Consulting,11,46.59,4,1,719,0,1
2124,Retail,13,34.44,4,1,653,0,0
2125,Consulting,8,35.5,2,0,670,0,0
2126,Retail,10,12.01,6,0,767,0,0
2127,Healthcare,8,44.1,3,0,719,0,0
2128,Consulting,20,27.12,8,0,754,0,1
2129,Healthcare,8,42.93,5,0,719,0,1
2130,Manufacturing,9,13.91,3,0,737,0,0
2131,Manufacturing,7,37.9,6,0,708,0,1
2132,Tech,14,28.94,2,0,584,0,0
2133,Consulting,2,2.9,7,0,752,0,0
2134,Healthcare,11,20.56,3,1,686,1,0
2135,Retail,8,9.6,4,0,690,0,0
2136,Manufacturing,13,18.28,4,2,676,0,0
2137,Manufacturing,21,19.48,12,2,696,0,0
2138,Retail,15,24.01,5,0,658,0,0
2139,Healthcare,3,30.21,6,0,785,1,0
2140,Healthcare,23,28.76,2,0,704,0,1
2141,Consulting,14,2.43,8,0,666,0,0
2142,Consulting,15,37.66,10,0,663,0,0
2143,Tech,2,47.48,1,0,679,0,0
2144,Manufacturing,19,17.76,2,0,726,0,0
2145,Consulting,12,9.4,4,0,791,0,0
2146,Healthcare,20,27.23,8,0,675,0,0
2147,Retail,4,35.39,5,0,742,0,0
2148,Healthcare,3,34.11,5,0,702,0,0
2149,Manufacturing,5,30.8,3,0,626,0,0
2150,Healthcare,3,7.74,6,0,702,0,0
2151,Tech,15,41.92,5,0,724,0,1
2152,Manufacturing,19,21.57,8,1,728,0,0
2153,Retail,2,11.46,4,0,731,0,0
2154,Tech,12,4.77,3,1,665,0,0
2155,Manufacturing,5,21.13,4,2,733,0,0
2156,Retail,22,31.09,3,0,607,1,0
2157,Tech,17,33.44,2,1,718,0,1
2158,Tech,14,48.16,1,0,642,0,0
2159,Manufacturing,22,8.08,4,0,754,0,0
2160,Consulting,10,49.3,8,0,718,0,1
2161,Tech,3,32.91,5,2,633,1,0
2162,Tech,4,22.98,3,0,709,1,0
2163,Retail,6,44.47,3,0,709,0,0
2164,Healthcare,24,34.88,6,2,688,0,1
2165,Manufacturing,22,17.76,5,0,711,0,0
2166,Manufacturing,16,44.26,1,0,718,0,0
2167,Consulting,7,33.5,5,0,668,0,0
2168,Consulting,15,35.09,2,0,640,0,0
2169,Manufacturing,21,44.87,4,2,648,0,0
2170,Consulting,20,22.7,8,0,690,0,0
2171,Retail,11,33.02,1,0,742,1,0
2172,Manufacturing,22,37.36,7,1,653,0,1
2173,Consulting,21,22.97,6,0,669,0,1
2174,Manufacturing,1,4.63,1,0,726,0,0
2175,Healthcare,5,38.69,5,0,696,0,0
2176,Tech,13,2.87,10,0,597,0,0
2177,Manufacturing,21,36.04,7,1,711,0,0
2178,Tech,14,45.59,6,0,689,0,0
2179,Consulting,9,17.67,6,1,647,0,1
2180,Tech,17,5.55,4,0,658,0,0
2181,Manufacturing,15,12.03,6,0,715,0,0
2182,Healthcare,21,28.33,5,0,735,1,0
2183,Consulting,7,47.16,4,0,650,1,0
2184,Manufacturing,22,25.86,8,0,701,0,0
2185,Consulting,22,6.08,7,1,679,0,0
2186,Retail,12,31.58,3,2,674,1,0
2187,Tech,23,36.78,10,0,716,0,0
2188,Retail,6,19.97,4,0,687,1,0
2189,Manufacturing,21,36.21,4,1,693,0,0
2190,Healthcare,16,16.58,7,0,732,1,1
2191,Consulting,5,39.56,5,0,667,0,0
2192,Tech,9,17.38,5,2,657,1,0
2193,Consulting,14,13.18,5,0,775,1,0
2194,Manufacturing,8,44.02,2,0,753,0,0
2195,Consulting,14,27.65,3,0,696,0,0
2196,Tech,12,14.62,4,0,658,0,0
2197,Manufacturing,10,46.79,2,1,760,0,0
2198,Consulting,20,34.7,2,0,687,0,0
2199,Healthcare,20,11.42,4,1,678,0,0
2200,Manufacturing,21,30.92,1,0,770,0,1
2201,Manufacturing,13,43.58,1,0,678,0,0
2202,Healthcare,19,34.96,5,0,711,0,0
2203,Retail,15,12.62,3,0,664,0,0
2204,Tech,8,32.62,3,0,673,0,0
2205,Retail,23,31.15,5,0,729,0,1
2206,Consulting,21,41.13,4,0,717,0,0
2207,Healthcare,10,9.32,3,0,777,0,0
2208,Retail,3,35.13,0,0,755,0,1
2209,Manufacturing,21,1.85,7,0,782,0,0
2210,Consulting,3,34.96,6,2,782,0,1
2211,Consulting,5,48.04,5,0,670,0,0
2212,Retail,16,9.13,5,1,649,1,0
2213,Retail,17,15.91,4,0,777,0,0
2214,Healthcare,6,29.35,7,0,665,0,0
2215,Tech,20,36.75,8,0,702,0,0
2216,Retail,20,17.55,3,0,686,0,0
2217,Retail,16,33.38,4,0,655,0,1
2218,Manufacturing,24,45.01,6,2,671,0,0
2219,Consulting,2,36.46,4,0,656,0,1
2220,Tech,20,35.7,5,0,629,1,0
2221,Manufacturing,15,19.41,6,1,677,0,0
2222,Healthcare,18,45.62,2,0,731,0,1
2223,Healthcare,1,14.23,11,2,785,0,1
2224,Retail,19,10.66,5,1,710,0,0
2225,Retail,12,18.53,5,0,663,0,0
2226,Healthcare,8,32.68,5,1,739,0,1
2227,Retail,6,43.15,3,0,689,0,0
2228,Tech,12,7.04,4,0,710,0,0
2229,Retail,7,40.78,8,0,759,0,0
2230,Consulting,18,40.73,6,1,742,0,0
2231,Retail,22,29.55,6,1,593,0,1
2232,Manufacturing,14,38.15,7,1,713,0,0
2233,Tech,8,9.5,5,0,679,0,0
2234,Manufacturing,24,8.89,8,0,703,0,0
2235,Manufacturing,20,43.21,5,0,643,0,0
2236,Consulting,22,25.16,2,0,693,0,0
2237,Tech,14,12.67,1,0,637,0,0
2238,Tech,5,34.59,6,1,736,0,1
2239,Tech,9,44.65,8,1,761,0,1
2240,Tech,8,31.8,6,0,664,0,0
2241,Tech,2,17.69,4,0,776,0,0
2242,Consulting,16,24.42,6,0,735,0,0
2243,Retail,13,37.74,4,2,732,0,1
2244,Manufacturing,7,3.84,2,1,716,1,0
2245,Tech,16,11.25,2,1,735,0,0
2246,Retail,7,23.4,2,0,743,0,0
2247,Retail,14,30.41,7,1,600,0,0
2248,Manufacturing,14,17.29,4,1,725,1,1
2249,Consulting,12,15.27,6,0,788,1,0
2250,Healthcare,1,2.55,5,0,704,0,0
2251,Healthcare,1,2.11,4,0,741,0,0
2252,Retail,12,14.3,2,1,679,0,0
2253,Manufacturing,20,26.76,6,0,607,0,0
2254,Healthcare,21,28.04,5,0,661,0,0
2255,Retail,15,24.95,3,1,830,0,1
2256,Consulting,4,20.79,5,0,828,0,0
2257,Healthcare,7,12.99,1,0,684,0,1
2258,Retail,16,20.33,4,0,717,0,0
2259,Retail,3,7.37,6,0,768,0,0
2260,Tech,7,6.21,1,1,704,0,0
2261,Consulting,24,15.35,5,0,732,0,0
2262,Tech,22,49.77,4,0,796,0,1
2263,Manufacturing,6,16.66,7,0,721,0,1
2264,Tech,16,46.85,8,2,727,0,1
2265,Tech,24,19.92,3,1,695,0,0
2266,Healthcare,8,22.23,4,0,664,0,0
2267,Retail,23,39.95,8,2,747,0,1
2268,Consulting,22,5.14,1,1,769,0,1
2269,Tech,6,9.52,5,0,663,0,1
2270,Consulting,10,48.71,9,0,603,0,0
2271,Tech,16,25.54,5,1,561,0,0
2272,Manufacturing,11,2.69,3,1,714,0,0
2273,Tech,13,2.85,3,0,697,1,0
2274,Healthcare,6,45.41,4,2,785,0,1
2275,Retail,24,43.73,3,2,688,0,1
2276,Manufacturing,1,23.19,4,0,770,0,0
2277,Tech,21,8.58,9,0,662,1,0
2278,Consulting,19,41.6,7,0,727,0,0
2279,Manufacturing,12,16.57,5,0,674,1,0
2280,Manufacturing,24,21.24,5,0,690,1,0
2281,Tech,6,34.28,2,0,559,0,0
2282,Manufacturing,18,17.99,7,0,637,1,1
2283,Consulting,13,31.62,3,0,676,0,1
2284,Manufacturing,7,44.32,5,2,676,0,0
2285,Consulting,23,39.97,2,1,740,0,0
2286,Tech,13,19.39,2,1,650,1,0
2287,Retail,21,14.75,4,1,741,0,1
2288,Manufacturing,8,14.63,4,0,610,0,0
2289,Retail,21,17.76,8,0,727,0,0
2290,Consulting,17,24.93,9,0,679,0,0
2291,Manufacturing,9,21.12,10,2,648,0,1
2292,Healthcare,20,7.08,8,0,749,1,0
2293,Retail,13,8.59,10,0,786,0,0
2294,Manufacturing,2,17.48,2,0,755,1,0
2295,Retail,4,28.32,7,0,702,1,0
2296,Manufacturing,2,29.84,6,0,782,0,0
2297,Tech,4,24.57,6,2,726,1,0
2298,Retail,18,37.07,6,0,692,0,0
2299,Healthcare,5,36.99,5,0,637,1,0
2300,Healthcare,19,21.67,4,2,650,1,0
2301,Consulting,10,6.66,4,2,746,0,1
2302,Manufacturing,18,26.74,4,0,673,0,0
2303,Retail,21,19.38,3,1,643,0,0
2304,Consulting,10,7.33,6,0,724,0,0
2305,Retail,5,49.1,4,1,691,0,1
2306,Manufacturing,17,18.8,8,0,692,1,0
2307,Healthcare,22,31.48,4,1,662,0,1
2308,Tech,13,24.76,5,0,571,1,0
2309,Healthcare,23,7.57,6,1,641,1,0
2310,Consulting,17,3.25,4,0,618,1,0
2311,Tech,9,31.48,5,1,747,0,0
2312,Consulting,24,12.73,1,0,809,0,0
2313,Manufacturing,12,12.56,2,2,691,0,0
2314,Tech,14,47.87,4,0,555,0,0
2315,Consulting,14,23.36,3,0,704,1,0
2316,Manufacturing,8,1.96,2,0,772,1,0
2317,Healthcare,23,17.32,5,0,703,0,0
2318,Manufacturing,5,29.43,7,1,728,0,1
2319,Retail,19,16.76,5,0,720,1,0
2320,Manufacturing,14,1.83,2,0,691,0,0
2321,Manufacturing,9,22.49,8,0,716,0,0
2322,Retail,7,5.74,4,1,656,0,0
2323,Consulting,8,31.15,3,0,699,0,0
2324,Consulting,14,31.17,3,0,701,0,1
2325,Manufacturing,22,2.37,8,0,592,0,0
2326,Retail,14,14.89,5,0,693,1,0
2327,Retail,11,20.98,3,0,652,0,0
2328,Healthcare,14,27.74,10,1,588,0,1
2329,Consulting,21,15.16,4,1,697,0,0
2330,Tech,8,14.74,3,0,633,0,0
2331,Consulting,3,49.16,6,0,682,0,0
2332,Consulting,23,2.57,2,0,703,0,0
2333,Healthcare,18,49.46,7,0,720,0,1
2334,Tech,3,2.86,2,0,780,0,0
2335,Healthcare,13,14.77,7,1,562,0,0
2336,Tech,12,24.94,5,0,694,0,0
2337,Manufacturing,15,7.59,9,0,764,0,1
2338,Tech,18,7.17,3,1,673,0,0
2339,Healthcare,5,13.19,4,1,711,0,0
2340,Consulting,7,48.69,5,0,676,1,0
2341,Tech,11,19.32,4,1,647,0,0
2342,Tech,11,28.52,7,0,793,1,0
2343,Retail,15,35.36,7,1,703,1,1
2344,Consulting,10,37.24,3,0,730,0,0
2345,Manufacturing,15,34.56,5,1,771,0,0
2346,Healthcare,13,17.18,7,0,726,0,1
2347,Manufacturing,14,6.03,8,0,752,0,1
2348,Consulting,17,14.44,3,0,719,0,0
2349,Tech,13,10.91,3,2,735,0,0
2350,Tech,10,7.25,8,0,666,1,0
2351,Consulting,1,1.71,2,1,709,0,0
2352,Tech,1,46.82,5,0,678,0,0
2353,Tech,15,46.09,5,0,703,0,1
2354,Tech,16,3.0,3,0,596,0,0
2355,Healthcare,12,9.07,7,0,699,1,0
2356,Healthcare,24,7.41,4,2,711,0,1
2357,Retail,6,14.42,4,0,670,1,0
2358,Manufacturing,6,10.6,4,0,726,0,0
2359,Consulting,12,47.32,5,0,682,0,0
2360,Consulting,15,4.67,7,0,718,0,0
2361,Consulting,4,10.98,2,0,775,0,0
2362,Retail,24,4.5,5,0,656,0,0
2363,Healthcare,4,49.03,7,0,657,0,0
2364,Retail,2,45.96,5,0,753,0,0
2365,Consulting,24,35.97,0,1,661,1,0
2366,Manufacturing,12,21.59,4,0,709,0,0
2367,Tech,7,9.91,0,0,686,0,0
2368,Healthcare,20,11.46,3,2,575,0,1
2369,Healthcare,9,22.43,9,0,693,0,0
2370,Retail,9,38.53,3,0,654,0,0
2371,Healthcare,8,13.6,5,0,709,0,0
2372,Consulting,14,15.88,5,1,740,0,1
2373,Consulting,1,30.2,6,0,652,1,0
2374,Retail,23,12.27,2,1,670,1,0
2375,Consulting,21,29.42,6,0,619,1,0
2376,Manufacturing,23,19.66,5,2,703,0,0
2377,Retail,12,2.2,5,0,691,0,0
2378,Manufacturing,2,20.43,4,0,721,1,0
2379,Tech,13,46.02,5,2,713,1,0
2380,Manufacturing,4,15.01,2,0,709,0,0
2381,Tech,20,16.48,4,0,671,0,0
2382,Tech,18,3.76,1,1,744,0,0
2383,Manufacturing,19,30.94,5,0,727,0,1
2384,Retail,16,42.54,6,0,720,0,0
2385,Consulting,14,17.97,3,1,692,0,0
2386,Consulting,8,12.39,3,2,759,0,0
2387,Tech,12,47.85,3,0,720,0,1
2388,Tech,9,37.38,7,1,709,1,1
2389,Retail,6,28.57,10,0,625,0,1
2390,Healthcare,18,15.62,10,1,752,1,0
2391,Manufacturing,2,11.43,11,1,822,0,0
2392,Tech,23,35.93,4,1,677,0,0
2393,Consulting,8,26.33,5,2,676,0,1
2394,Retail,24,26.27,5,0,676,1,0
2395,Manufacturing,14,4.15,2,0,682,0,1
2396,Retail,6,25.85,6,2,663,0,0
2397,Manufacturing,10,41.23,6,0,787,0,0
2398,Manufacturing,8,47.37,7,0,737,0,1
2399,Tech,17,5.78,8,0,709,0,0
2400,Retail,12,31.74,5,0,740,0,0
2401,Retail,17,28.63,6,0,738,0,0
2402,Consulting,13,44.57,5,1,654,0,0
2403,Consulting,19,37.69,3,0,691,0,0
2404,Tech,12,48.28,3,0,712,0,1
2405,Tech,16,48.02,2,0,733,0,0
2406,Healthcare,5,11.67,3,0,729,0,1
2407,Consulting,16,36.4,4,0,700,0,0
2408,Manufacturing,6,26.76,12,0,602,0,0
2409,Retail,11,11.12,7,2,624,0,0
2410,Tech,17,10.15,8,0,674,0,0
2411,Retail,23,4.51,3,0,753,0,0
2412,Retail,14,39.88,6,0,702,0,0
2413,Healthcare,6,16.56,6,0,696,1,1
2414,Consulting,23,42.92,6,1,667,1,0
2415,Tech,11,30.61,3,0,689,0,0
2416,Retail,12,33.84,5,0,743,0,0
2417,Tech,13,14.94,6,0,698,0,0
2418,Manufacturing,4,23.14,4,0,708,0,0
2419,Healthcare,7,20.91,6,2,584,0,0
2420,Manufacturing,2,12.17,5,1,638,0,0
2421,Tech,6,41.71,8,0,740,1,1
2422,Tech,6,31.29,7,0,704,0,1
2423,Consulting,18,2.35,4,0,688,0,1
2424,Retail,20,41.09,5,0,655,0,0
2425,Retail,8,5.75,3,0,662,0,0
2426,Manufacturing,8,20.48,5,0,686,0,1
2427,Healthcare,8,28.78,10,0,675,0,0
2428,Retail,8,0.88,4,0,718,1,0
2429,Consulting,1,32.82,6,0,753,0,0
2430,Manufacturing,2,33.16,5,2,746,0,0
2431,Manufacturing,12,32.8,4,0,638,0,0
2432,Consulting,15,8.59,1,2,713,0,1
2433,Healthcare,4,13.16,8,0,775,0,0
2434,Consulting,3,12.75,5,1,709,0,0
2435,Healthcare,14,48.02,3,0,746,0,1
2436,Consulting,22,3.84,4,1,768,0,0
2437,Consulting,23,21.72,3,0,711,0,0
2438,Tech,8,43.63,6,0,667,0,0
2439,Manufacturing,13,38.59,7,0,717,0,1
2440,Consulting,23,41.21,6,0,629,0,0
2441,Consulting,19,48.63,4,0,711,0,1
2442,Retail,22,19.67,1,1,723,1,0
2443,Manufacturing,5,15.83,5,0,591,0,0
2444,Retail,13,2.02,4,2,598,0,0
2445,Manufacturing,20,7.93,4,0,739,0,0
2446,Retail,1,28.32,9,1,614,1,0
2447,Consulting,16,8.3,4,0,641,0,0
2448,Consulting,23,36.95,2,1,717,1,0
2449,Tech,24,2.34,2,0,650,0,0
2450,Retail,2,13.34,5,1,697,0,0
2451,Healthcare,7,34.92,4,0,734,0,0
2452,Tech,6,13.15,5,1,731,0,0
2453,Retail,5,36.57,4,0,740,0,1
2454,Retail,4,49.8,6,1,717,0,1
2455,Tech,2,39.96,6,1,755,0,1
2456,Consulting,10,17.42,7,0,668,0,0
2457,Retail,22,45.08,11,0,691,0,0
2458,Consulting,5,3.03,3,0,694,0,0
2459,Tech,18,36.39,7,0,585,0,0
2460,Consulting,10,1.65,6,0,700,0,0
2461,Manufacturing,23,9.14,2,0,753,0,0
2462,Healthcare,22,49.39,2,2,714,1,1
2463,Retail,15,18.36,8,2,734,0,0
2464,Healthcare,9,41.11,3,0,691,1,0
2465,Consulting,11,19.12,6,1,743,0,0
2466,Retail,21,42.08,5,1,663,1,0
2467,Consulting,17,48.29,7,2,712,1,1
2468,Manufacturing,21,22.06,3,0,811,0,1
2469,Tech,9,28.19,5,2,742,0,1
2470,Retail,23,31.62,0,1,694,0,1
2471,Manufacturing,16,46.77,4,1,635,1,0
2472,Manufacturing,6,13.21,3,0,769,1,0
2473,Retail,22,30.76,6,0,797,1,0
2474,Consulting,11,16.57,8,1,798,1,1
2475,Manufacturing,23,11.24,3,1,724,0,0
2476,Healthcare,17,4.7,2,0,556,1,0
2477,Manufacturing,4,31.23,3,0,671,0,0
2478,Consulting,15,44.16,4,0,775,0,0
2479,Consulting,1,17.89,3,0,701,1,0
2480,Healthcare,22,27.86,3,0,713,1,0
2481,Manufacturing,20,32.29,4,2,694,0,1
2482,Consulting,1,21.03,5,0,705,0,0
2483,Retail,9,45.22,5,0,649,1,0
2484,Tech,12,18.46,8,0,629,0,0
2485,Tech,4,6.69,6,1,601,0,0
2486,Tech,22,7.63,4,0,683,0,0
2487,Manufacturing,13,44.6,5,1,618,0,0
2488,Healthcare,7,49.41,8,0,780,0,0
2489,Consulting,8,14.8,4,0,698,0,0
2490,Retail,13,7.61,2,0,669,1,0
2491,Retail,11,24.37,6,0,726,0,0
2492,Manufacturing,9,35.62,3,0,669,0,0
2493,Tech,24,30.81,5,0,790,0,0
2494,Manufacturing,16,47.58,4,0,708,0,0
2495,Healthcare,10,40.98,4,0,726,0,1
2496,Healthcare,11,43.51,7,0,734,0,0
2497,Consulting,12,27.31,2,2,644,0,0
2498,Consulting,14,16.7,8,1,586,1,0
2499,Healthcare,19,35.24,6,0,762,0,0
2500,Healthcare,12,22.23,8,0,738,0,0
2501,Healthcare,18,14.74,4,0,763,0,1
2502,Manufacturing,21,8.04,7,0,670,0,0
2503,Healthcare,17,26.63,5,0,768,0,0
2504,Retail,3,29.92,5,0,799,0,0
2505,Tech,1,28.65,9,2,672,1,1
2506,Healthcare,19,6.27,4,0,703,0,0
2507,Tech,4,28.71,1,0,749,0,0
2508,Manufacturing,23,8.84,5,0,753,1,0
2509,Tech,16,33.35,5,0,809,0,0
2510,Manufacturing,12,21.75,5,2,738,0,0
2511,Retail,21,42.52,7,1,689,1,0
2512,Manufacturing,21,39.02,8,0,731,0,0
2513,Manufacturing,13,36.36,7,1,617,1,0
2514,Consulting,17,35.19,9,0,773,0,1
2515,Healthcare,8,28.24,4,0,691,0,0
2516,Healthcare,13,3.53,6,0,668,0,0
2517,Retail,20,32.95,7,1,657,0,0
2518,Retail,5,23.61,4,1,682,0,1
2519,Healthcare,18,23.74,7,0,627,0,0
2520,Consulting,15,19.26,5,0,687,0,0
2521,Healthcare,12,46.49,5,2,685,1,1
2522,Consulting,17,12.85,3,0,666,0,0
2523,Retail,15,16.17,5,0,690,0,0
2524,Tech,2,48.17,4,0,703,1,0
2525,Retail,6,40.6,1,1,658,1,0
2526,Retail,17,1.2,8,1,721,0,0
2527,Manufacturing,16,45.35,8,0,670,1,0
2528,Manufacturing,17,11.72,3,0,666,0,0
2529,Manufacturing,20,35.44,4,1,752,0,1
2530,Manufacturing,9,27.88,6,0,727,0,0
2531,Consulting,5,27.07,5,0,783,1,0
2532,Healthcare,23,36.04,5,0,710,1,0
2533,Tech,1,10.76,6,0,712,0,0
2534,Retail,6,8.37,3,0,744,0,0
2535,Consulting,24,32.77,9,0,657,1,1
2536,Tech,14,14.88,5,1,676,0,0
2537,Consulting,17,48.71,5,0,758,0,1
2538,Consulting,19,22.85,3,2,715,1,1
2539,Retail,1,6.02,2,2,648,0,0
2540,Healthcare,1,34.45,2,0,771,1,0
2541,Manufacturing,13,15.65,7,0,649,1,0
2542,Healthcare,14,7.86,5,0,726,0,0
2543,Retail,6,21.43,9,0,700,0,1
2544,Retail,6,48.23,3,0,631,0,0
2545,Retail,1,20.87,7,0,692,0,0
2546,Tech,14,17.69,7,0,726,1,0
2547,Healthcare,3,22.5,6,0,707,0,0
2548,Healthcare,23,1.1,5,1,686,1,1
2549,Consulting,10,7.09,9,0,689,1,0
2550,Consulting,19,42.56,5,0,732,0,0
2551,Consulting,19,48.91,5,0,731,0,1
2552,Retail,19,8.32,3,0,697,0,1
2553,Healthcare,23,27.01,5,2,740,0,0
2554,Retail,4,48.33,4,0,759,0,1
2555,Tech,20,8.25,5,0,711,0,0
2556,Consulting,19,9.72,2,0,648,0,0
2557,Retail,10,46.38,6,0,721,0,0
2558,Retail,2,35.43,4,0,734,0,0
2559,Tech,4,8.02,2,2,716,1,0
2560,Manufacturing,24,19.98,4,1,661,0,0
2561,Healthcare,6,3.29,2,0,676,0,0
2562,Manufacturing,7,21.92,5,1,760,0,1
2563,Consulting,16,39.01,4,0,741,0,0
2564,Retail,7,27.92,3,0,749,0,0
2565,Tech,18,32.55,4,0,759,0,0
2566,Tech,20,16.68,6,0,658,0,0
2567,Healthcare,22,8.49,5,0,630,0,0
2568,Manufacturing,19,1.15,4,0,751,0,0
2569,Healthcare,9,41.15,4,1,586,1,0
2570,Retail,20,32.01,6,0,794,0,0
2571,Healthcare,10,11.85,4,0,706,0,0
2572,Tech,13,21.21,4,0,683,1,0
2573,Tech,18,40.17,5,0,680,0,0
2574,Consulting,16,27.17,8,0,672,0,0
2575,Consulting,22,15.36,5,0,723,0,0
2576,Retail,17,13.73,7,0,694,0,0
2577,Manufacturing,22,11.27,8,0,740,0,1
2578,Healthcare,13,41.27,4,1,756,0,0
2579,Retail,12,29.3,3,0,684,1,0
2580,Consulting,10,35.6,3,1,724,0,0
2581,Healthcare,1,43.08,5,0,714,0,0
2582,Consulting,8,49.35,2,0,684,0,0
2583,Healthcare,21,12.85,6,0,652,0,0
2584,Manufacturing,22,9.45,7,0,660,0,0
2585,Retail,18,23.37,7,0,756,0,0
2586,Healthcare,2,2.24,2,0,686,0,0
2587,Tech,16,39.69,5,0,714,0,0
2588,Tech,12,44.25,6,1,771,0,0
2589,Healthcare,9,34.46,5,2,669,0,1
2590,Healthcare,3,13.77,3,0,721,0,0
2591,Healthcare,22,6.6,4,1,720,0,0
2592,Tech,21,19.42,4,0,681,0,0
2593,Tech,4,41.75,3,2,702,1,1
2594,Healthcare,2,17.72,7,1,815,0,0
2595,Consulting,8,2.2,5,0,682,0,0
2596,Consulting,10,14.08,7,0,680,0,0
2597,Manufacturing,16,49.5,5,0,663,0,1
2598,Retail,23,34.0,2,1,695,0,0
2599,Consulting,11,45.09,4,2,714,0,1
2600,Tech,18,38.86,4,2,771,0,1
2601,Consulting,22,27.22,2,0,709,0,0
2602,Manufacturing,14,7.86,6,0,733,0,0
2603,Manufacturing,8,17.76,4,1,652,0,0
2604,Retail,23,29.4,6,0,607,0,0
2605,Consulting,15,43.6,4,0,747,0,0
2606,Tech,17,13.8,2,0,667,0,0
2607,Tech,21,6.5,4,0,581,0,0
2608,Healthcare,18,28.16,1,0,788,0,1
2609,Tech,6,9.24,9,0,766,1,0
2610,Retail,23,30.71,2,0,690,0,1
2611,Retail,14,13.54,5,0,661,0,0
2612,Tech,23,11.93,6,0,644,0,0
2613,Tech,3,20.26,5,0,691,0,0
2614,Healthcare,7,29.86,4,0,734,1,0
2615,Tech,15,27.49,3,0,699,0,0
2616,Healthcare,21,12.61,7,0,702,0,0
2617,Healthcare,24,44.61,2,0,791,0,0
2618,Tech,16,5.94,0,0,624,0,0
2619,Manufacturing,16,2.45,5,0,723,0,0
2620,Manufacturing,8,30.33,4,1,737,1,0
2621,Healthcare,7,6.61,3,1,692,1,0
2622,Tech,6,25.49,3,1,771,0,0
2623,Manufacturing,2,47.61,7,0,750,0,0
2624,Tech,22,35.08,6,0,723,0,0
2625,Tech,13,31.06,5,1,676,0,0
2626,Tech,12,28.95,4,2,648,0,0
2627,Consulting,15,9.39,4,0,619,1,0
2628,Tech,9,21.92,6,0,770,0,0
2629,Consulting,2,17.45,6,0,808,0,0
2630,Healthcare,17,47.68,3,0,731,0,0
2631,Manufacturing,5,12.49,3,0,709,0,1
2632,Manufacturing,11,23.84,3,0,707,0,0
2633,Manufacturing,22,46.93,1,1,714,0,0
2634,Manufacturing,19,39.56,6,2,751,0,0
2635,Manufacturing,24,48.24,5,0,617,1,0
2636,Manufacturing,7,30.61,6,0,703,0,0
2637,Manufacturing,2,17.02,3,0,676,0,0
2638,Healthcare,16,41.42,4,0,710,0,1
2639,Tech,12,14.93,6,0,610,1,0
2640,Retail,23,8.66,8,1,650,0,0
2641,Consulting,15,35.46,5,0,632,0,0
2642,Retail,1,32.13,1,1,725,0,0
2643,Retail,13,44.01,4,0,687,1,0
2644,Tech,23,48.12,5,0,688,0,0
2645,Tech,6,42.93,5,0,739,0,1
2646,Tech,13,3.47,4,0,679,1,0
2647,Manufacturing,18,33.39,5,1,744,0,1
2648,Healthcare,3,39.34,10,0,688,0,0
2649,Manufacturing,1,49.11,3,2,742,1,1
2650,Healthcare,15,19.05,4,1,748,0,0
2651,Healthcare,13,8.91,10,0,701,0,0
2652,Retail,5,42.72,2,0,778,0,0
2653,Retail,13,16.21,3,0,660,0,0
2654,Healthcare,22,30.11,3,1,671,0,0
2655,Healthcare,5,19.8,6,0,582,0,0
2656,Manufacturing,19,20.42,3,1,697,0,0
2657,Manufacturing,21,36.76,5,0,637,0,0
2658,Retail,24,18.39,11,1,765,1,0
2659,Tech,18,34.81,6,0,692,0,0
2660,Healthcare,21,1.21,1,0,671,0,0
2661,Manufacturing,22,16.57,7,1,717,0,0
2662,Retail,10,16.29,3,1,732,0,1
2663,Manufacturing,24,37.57,3,1,635,1,1
2664,Healthcare,8,16.07,4,0,674,0,0
2665,Healthcare,15,31.85,5,0,735,0,0
2666,Consulting,21,34.58,5,0,705,0,0
2667,Tech,20,33.09,6,0,746,0,0
2668,Consulting,23,30.36,7,0,709,0,0
2669,Retail,22,20.97,4,0,666,0,1
2670,Manufacturing,4,18.98,8,0,718,0,0
2671,Retail,2,28.45,8,1,740,0,1
2672,Healthcare,24,3.65,8,1,778,0,0
2673,Consulting,6,43.85,1,1,721,0,0
2674,Consulting,3,41.35,6,0,693,0,0
2675,Consulting,7,17.65,7,0,669,0,0
2676,Retail,10,28.56,0,1,687,0,0
2677,Healthcare,23,46.65,8,1,680,0,0
2678,Manufacturing,6,13.95,4,1,621,0,0
2679,Manufacturing,16,37.25,6,0,667,0,0
2680,Retail,2,4.6,4,0,743,1,1
2681,Consulting,24,26.41,7,1,618,0,0
2682,Tech,17,44.26,11,1,769,1,1
2683,Retail,13,27.81,8,0,702,1,1
2684,Retail,1,31.0,10,2,613,1,0
2685,Healthcare,6,45.43,4,0,631,0,0
2686,Manufacturing,5,35.91,4,0,619,0,0
2687,Retail,13,34.95,5,1,691,0,0
2688,Retail,23,29.53,7,0,691,0,1
2689,Consulting,18,31.83,3,0,728,0,0
2690,Consulting,12,40.28,6,2,622,0,1
2691,Tech,7,48.97,5,0,737,1,1
2692,Healthcare,15,39.87,5,0,663,0,0
2693,Tech,3,35.52,4,2,679,1,1
2694,Consulting,16,7.21,3,1,719,0,0
2695,Manufacturing,1,40.95,5,1,694,1,1
2696,Consulting,16,36.93,7,0,662,0,0
2697,Healthcare,24,38.64,3,0,726,0,0
2698,Consulting,12,11.94,3,1,670,0,0
2699,Healthcare,19,45.22,5,2,697,0,1
2700,Healthcare,8,5.32,2,0,649,0,0
2701,Healthcare,23,13.05,5,0,746,1,0
2702,Healthcare,12,33.32,4,0,623,1,0
2703,Healthcare,15,33.85,2,1,626,0,0
2704,Manufacturing,2,16.01,3,0,659,0,1
2705,Tech,17,35.23,6,0,776,0,0
2706,Retail,7,19.7,8,0,712,0,0
2707,Tech,13,0.51,9,0,696,0,0
2708,Healthcare,1,8.55,5,1,645,0,0
2709,Manufacturing,6,44.19,5,1,715,0,1
2710,Consulting,13,11.52,3,1,680,0,0
2711,Manufacturing,11,6.09,6,1,667,0,0
2712,Healthcare,10,34.27,4,0,755,0,0
2713,Manufacturing,16,22.31,4,0,748,1,0
2714,Manufacturing,24,39.93,5,0,616,1,0
2715,Healthcare,23,43.14,2,0,746,1,0
2716,Manufacturing,20,42.38,6,0,674,0,1
2717,Retail,17,15.99,3,0,706,1,0
2718,Retail,17,25.52,7,0,600,0,1
2719,Manufacturing,4,32.68,2,1,731,1,0
2720,Consulting,5,16.44,8,0,720,0,0
2721,Healthcare,23,2.53,7,0,664,0,0
2722,Retail,14,25.04,4,0,704,0,0
2723,Consulting,20,1.13,2,0,599,0,0
2724,Manufacturing,10,47.56,2,2,653,1,1
2725,Consulting,14,39.94,10,0,626,0,0
2726,Tech,1,10.0,5,0,703,0,0
2727,Retail,11,14.73,5,2,676,0,1
2728,Manufacturing,23,49.15,3,1,697,1,0
2729,Healthcare,18,18.99,5,0,643,0,0
2730,Manufacturing,16,39.29,5,1,602,1,0
2731,Healthcare,18,22.62,4,0,764,0,0
2732,Manufacturing,8,43.27,7,1,624,1,1
2733,Consulting,10,35.34,2,1,594,1,0
2734,Consulting,10,1.63,7,0,747,0,0
2735,Consulting,5,15.07,6,1,699,0,0
2736,Tech,10,28.12,1,0,756,0,0
2737,Healthcare,18,46.35,7,0,761,0,0
2738,Consulting,21,5.55,4,0,603,1,0
2739,Tech,24,30.26,4,0,693,1,0
2740,Healthcare,6,15.46,1,0,713,0,0
2741,Manufacturing,3,44.52,5,0,712,0,0
2742,Tech,8,38.38,5,2,689,0,0
2743,Retail,9,18.8,5,0,796,0,0
2744,Tech,5,8.77,7,0,710,1,0
2745,Tech,2,1.07,3,0,716,1,0
2746,Healthcare,2,31.25,7,0,666,0,1
2747,Manufacturing,7,20.6,1,1,609,1,1
2748,Retail,17,16.08,4,0,739,0,1
2749,Consulting,10,49.28,6,1,693,1,1
2750,Consulting,12,23.57,3,0,758,1,0
2751,Tech,2,37.62,3,0,637,0,0
2752,Healthcare,10,9.28,3,0,682,0,0
2753,Healthcare,20,1.17,3,1,656,0,0
2754,Consulting,1,21.17,6,0,653,0,0
2755,Retail,4,33.45,3,0,701,0,0
2756,Manufacturing,13,25.58,5,1,570,1,0
2757,Retail,12,44.58,8,0,701,1,0
2758,Manufacturing,11,21.98,4,1,712,0,0
2759,Consulting,10,15.89,5,0,808,0,0
2760,Manufacturing,15,45.84,2,0,674,0,0
2761,Healthcare,5,20.64,3,0,740,0,0
2762,Tech,17,13.85,7,0,680,0,0
2763,Tech,5,5.33,8,0,732,1,0
2764,Consulting,2,39.77,5,0,765,0,0
2765,Healthcare,9,41.34,5,0,584,0,0
2766,Retail,6,2.15,4,0,706,0,0
2767,Healthcare,18,18.25,5,0,770,0,0
2768,Tech,14,37.62,2,0,761,0,1
2769,Tech,19,47.35,8,0,706,0,1
2770,Healthcare,14,19.2,5,2,737,0,1
2771,Healthcare,8,43.67,1,0,681,0,0
2772,Tech,17,19.99,5,2,737,0,0
2773,Retail,3,9.38,6,0,696,0,0
2774,Consulting,10,0.67,5,0,672,0,0
2775,Consulting,17,16.84,6,0,730,0,0
2776,Healthcare,11,19.23,10,2,667,0,0
2777,Consulting,8,47.28,4,0,729,0,0
2778,Tech,1,10.7,7,0,731,0,0
2779,Tech,13,19.42,4,0,748,0,0
2780,Healthcare,21,1.75,6,0,695,0,0
2781,Healthcare,4,38.3,1,2,806,0,1
2782,Healthcare,7,45.8,5,0,641,0,1
2783,Retail,14,12.27,3,1,782,0,1
2784,Consulting,5,21.74,7,0,756,0,0
2785,Healthcare,24,6.54,7,0,736,0,0
2786,Manufacturing,11,23.11,4,0,750,0,0
2787,Manufacturing,17,7.1,5,1,677,1,0
2788,Tech,5,26.41,7,1,561,0,1
2789,Consulting,20,36.86,5,0,672,0,0
2790,Healthcare,3,27.89,1,0,722,0,0
2791,Manufacturing,5,12.64,6,0,741,0,0
2792,Consulting,15,18.01,8,0,772,0,0
2793,Tech,19,32.11,6,1,685,0,0
2794,Retail,16,29.69,3,0,625,0,1
2795,Consulting,8,7.27,7,0,682,0,0
2796,Consulting,13,42.32,7,0,712,1,0
2797,Retail,16,24.02,2,0,640,1,0
2798,Consulting,3,8.54,5,0,793,0,0
2799,Tech,1,6.58,7,0,723,0,0
2800,Tech,9,48.29,5,0,685,0,0
2801,Retail,9,14.44,6,0,715,0,0
2802,Healthcare,22,45.48,2,1,699,1,1
2803,Manufacturing,17,20.82,8,0,628,0,0
2804,Healthcare,24,19.6,6,0,757,1,0
2805,Consulting,2,35.2,5,1,753,0,0
2806,Manufacturing,9,0.99,7,1,645,0,0
2807,Retail,24,17.24,7,1,747,1,0
2808,Retail,19,15.48,5,0,607,0,0
2809,Manufacturing,13,43.47,7,0,685,0,0
2810,Tech,5,26.69,6,2,702,1,0
2811,Manufacturing,9,18.55,8,0,731,0,0
2812,Consulting,13,13.67,8,0,789,0,1
2813,Tech,1,29.73,9,1,776,0,0
2814,Retail,15,8.01,7,1,696,1,0
2815,Manufacturing,4,12.69,0,1,607,0,0
2816,Healthcare,4,15.03,5,0,686,0,0
2817,Healthcare,20,30.59,8,0,711,0,0
2818,Consulting,10,18.98,1,1,740,0,0
2819,Healthcare,6,25.54,4,2,788,1,0
2820,Manufacturing,24,32.7,4,0,656,0,0
2821,Manufacturing,12,47.84,1,2,702,1,0
2822,Healthcare,20,38.36,5,0,728,1,0
2823,Manufacturing,16,20.56,3,1,637,0,0
2824,Consulting,3,37.54,5,1,719,0,1
2825,Tech,14,47.51,2,0,705,0,0
2826,Consulting,1,25.22,4,0,776,0,0
2827,Consulting,10,20.82,11,0,633,0,0
2828,Manufacturing,15,4.36,8,0,697,0,0
2829,Tech,7,44.67,3,0,731,0,1
2830,Manufacturing,4,12.7,5,0,695,0,0
2831,Retail,14,3.67,7,0,633,0,0
2832,Manufacturing,24,27.09,5,0,673,1,1
2833,Manufacturing,16,42.37,5,0,710,0,1
2834,Manufacturing,14,20.63,4,0,826,0,1
2835,Tech,3,39.26,5,0,637,0,0
2836,Manufacturing,17,41.9,5,0,696,0,1
2837,Tech,21,22.99,5,0,710,0,0
2838,Healthcare,14,29.75,2,0,739,0,0
2839,Retail,18,26.93,3,1,655,0,0
2840,Tech,3,46.99,4,0,714,0,0
2841,Healthcare,22,36.41,6,1,813,0,0
2842,Tech,19,46.3,5,1,639,0,1
2843,Tech,3,11.39,7,1,707,0,0
2844,Retail,12,15.86,0,0,737,0,0
2845,Consulting,22,4.01,3,0,702,0,0
2846,Consulting,5,25.25,4,0,707,0,0
2847,Tech,10,43.76,3,0,733,0,0
2848,Manufacturing,9,16.68,6,1,703,0,0
2849,Healthcare,1,6.85,7,2,736,0,1
2850,Manufacturing,13,3.89,6,0,682,0,0
2851,Manufacturing,3,22.65,5,0,722,0,0
2852,Tech,19,8.62,3,0,667,0,0
2853,Tech,11,17.63,2,1,689,0,0
2854,Tech,16,41.09,6,0,698,0,1
2855,Tech,6,19.51,7,0,662,0,1
2856,Consulting,24,30.69,6,2,620,0,0
2857,Tech,3,25.36,6,2,637,1,1
2858,Consulting,19,36.07,4,0,688,0,0
2859,Consulting,6,8.23,2,0,753,1,0
2860,Tech,8,46.06,7,1,717,0,0
2861,Retail,22,32.36,5,0,749,1,0
2862,Healthcare,13,13.91,4,2,731,0,0
2863,Manufacturing,12,6.6,4,1,748,0,0
2864,Consulting,10,7.91,4,2,678,1,0
2865,Healthcare,3,39.24,3,0,703,0,0
2866,Retail,4,29.61,3,0,689,0,0
2867,Manufacturing,1,19.35,1,0,698,1,0
2868,Manufacturing,13,16.98,4,2,627,1,1
2869,Consulting,24,42.86,8,1,725,0,0
2870,Tech,4,43.8,1,0,694,1,0
2871,Retail,22,29.27,3,0,758,0,0
2872,Consulting,11,26.46,7,1,637,1,1
2873,Retail,19,40.91,2,0,582,0,1
2874,Tech,11,37.59,8,0,716,0,1
2875,Tech,12,20.32,7,0,654,0,0
2876,Consulting,11,4.6,8,1,719,0,0
2877,Tech,6,38.54,7,0,729,1,0
2878,Healthcare,12,8.85,6,0,778,0,0
2879,Manufacturing,9,1.31,4,1,737,0,0
2880,Consulting,10,42.24,3,0,739,0,0
2881,Retail,3,29.12,4,0,572,0,0
2882,Healthcare,3,44.64,0,2,662,1,0
2883,Consulting,20,24.49,7,0,736,0,0
2884,Tech,23,46.36,4,1,693,0,0
2885,Tech,16,18.02,6,0,769,1,1
2886,Tech,3,36.36,4,0,691,0,0
2887,Tech,10,15.4,5,0,677,0,0
2888,Retail,24,0.56,2,1,670,0,0
2889,Healthcare,11,19.3,2,0,648,0,0
2890,Manufacturing,8,37.02,5,0,707,0,0
2891,Retail,6,7.93,3,0,709,0,0
2892,Retail,20,25.49,7,1,594,0,0
2893,Manufacturing,11,11.01,7,1,675,1,0
2894,Manufacturing,21,4.19,5,0,721,0,0
2895,Tech,12,31.06,3,1,702,0,0
2896,Retail,16,47.62,1,0,701,0,0
2897,Consulting,18,15.88,7,0,667,0,0
2898,Manufacturing,13,29.24,4,1,665,0,1
2899,Manufacturing,22,47.7,0,1,678,0,0
2900,Healthcare,3,32.7,1,1,716,0,0
2901,Consulting,15,33.82,5,0,576,0,0
2902,Consulting,22,9.36,8,0,657,0,0
2903,Manufacturing,21,24.88,10,0,850,0,1
2904,Tech,14,18.67,4,0,790,0,0
2905,Healthcare,18,23.81,5,0,764,1,0
2906,Consulting,14,40.14,8,0,711,0,0
2907,Manufacturing,5,23.3,4,0,629,0,0
2908,Consulting,21,3.61,6,0,682,0,0
2909,Healthcare,14,45.32,6,0,681,0,0
2910,Healthcare,8,27.47,5,0,671,0,0
2911,Retail,23,46.26,6,0,659,0,1
2912,Manufacturing,15,28.83,9,1,692,0,1
2913,Healthcare,15,3.95,4,1,646,0,0
2914,Retail,19,27.87,5,0,656,0,0
2915,Retail,20,29.0,4,0,674,0,0
2916,Consulting,6,11.11,7,0,688,0,1
2917,Consulting,19,23.82,9,2,718,1,0
2918,Retail,8,23.24,5,1,648,0,0
2919,Consulting,6,31.33,6,1,678,0,0
2920,Healthcare,20,13.35,3,2,672,0,1
2921,Tech,23,29.3,6,1,731,0,1
2922,Healthcare,15,12.43,5,0,702,0,0
2923,Retail,3,22.6,4,0,567,0,0
2924,Retail,10,6.57,6,0,633,0,0
2925,Healthcare,15,2.35,7,0,709,0,0
2926,Consulting,24,16.37,5,1,645,0,0
2927,Consulting,16,14.09,5,0,598,0,0
2928,Retail,17,20.64,6,0,676,0,0
2929,Manufacturing,19,48.12,1,0,653,1,0
2930,Consulting,11,26.35,5,1,752,0,0
2931,Healthcare,16,27.88,2,0,745,0,0
2932,Consulting,5,47.11,6,1,698,0,1
2933,Healthcare,5,46.1,5,0,685,0,0
2934,Retail,14,44.26,2,1,753,0,0
2935,Consulting,18,5.35,3,1,676,0,0
2936,Healthcare,8,31.9,5,1,728,0,0
2937,Retail,5,40.5,3,0,705,0,0
2938,Manufacturing,7,41.86,10,0,709,1,0
2939,Healthcare,16,29.11,8,0,748,0,0
2940,Manufacturing,23,1.37,4,1,643,0,0
2941,Manufacturing,14,48.7,8,0,755,0,1
2942,Tech,5,23.87,3,2,690,0,0
2943,Consulting,24,19.98,5,0,700,0,0
2944,Healthcare,9,20.05,4,0,689,0,0
2945,Manufacturing,4,21.5,4,0,653,0,0
2946,Tech,4,12.49,6,0,781,1,0
2947,Retail,16,16.7,10,0,619,0,0
2948,Healthcare,24,49.28,4,0,691,1,0
2949,Manufacturing,17,18.72,8,0,738,0,0
2950,Consulting,15,26.57,8,1,692,0,1
2951,Tech,4,42.49,6,1,813,0,0
2952,Manufacturing,6,26.61,5,0,667,0,0
2953,Consulting,16,16.56,5,0,631,0,0
2954,Manufacturing,4,26.43,7,0,642,0,0
2955,Healthcare,6,6.15,5,0,719,0,0
2956,Healthcare,5,6.94,6,0,787,0,0
2957,Healthcare,16,34.86,8,1,724,0,0
2958,Tech,16,45.91,7,0,633,0,0
2959,Healthcare,10,36.42,6,0,661,0,1
2960,Consulting,9,4.19,6,0,762,0,0
2961,Manufacturing,4,20.44,4,0,659,1,1
2962,Retail,14,0.63,2,1,656,0,0
2963,Consulting,4,25.8,4,0,798,0,0
2964,Consulting,12,10.06,2,1,637,0,0
2965,Healthcare,24,43.47,7,1,727,0,0
2966,Tech,10,5.66,3,0,678,0,0
2967,Manufacturing,4,0.57,2,1,732,0,1
2968,Tech,18,22.83,4,0,771,1,0
2969,Manufacturing,13,8.19,4,0,737,0,0
2970,Manufacturing,13,37.03,2,1,597,1,0
2971,Tech,14,46.04,6,2,753,0,1
2972,Consulting,18,2.58,5,0,762,0,0
2973,Manufacturing,1,20.08,4,0,701,1,0
2974,Tech,21,49.84,5,0,717,0,0
2975,Manufacturing,16,36.77,4,0,664,1,0
2976,Retail,15,47.68,1,0,681,0,0
2977,Consulting,22,8.62,4,0,634,0,0
2978,Healthcare,5,11.46,9,1,728,0,0
2979,Manufacturing,6,8.16,5,0,692,1,0
2980,Retail,6,15.47,4,2,707,0,0
2981,Healthcare,3,36.36,8,2,716,1,1
2982,Healthcare,16,8.66,5,1,646,0,1
2983,Manufacturing,12,26.45,6,0,705,0,0
2984,Tech,4,13.83,2,0,632,0,1
2985,Manufacturing,1,41.55,5,0,591,0,0
2986,Retail,4,0.83,5,0,745,0,0
2987,Healthcare,1,11.54,4,1,580,0,0
2988,Manufacturing,21,30.46,3,2,612,0,0
2989,Tech,8,5.29,4,0,615,1,0
2990,Manufacturing,24,23.58,5,2,684,0,0
2991,Consulting,5,22.09,7,0,681,0,0
2992,Tech,2,42.7,5,0,642,1,0
2993,Retail,12,31.46,8,1,730,0,0
2994,Healthcare,22,32.17,4,1,697,0,0
2995,Manufacturing,17,47.61,5,0,729,0,0
2996,Tech,7,49.13,1,2,720,1,0
2997,Consulting,11,32.84,5,0,761,0,0
2998,Tech,4,26.34,7,0,603,1,0
2999,Consulting,5,30.59,3,0,662,0,0
3000,Retail,6,19.43,6,1,728,0,0
3001,Healthcare,11,49.38,10,0,596,0,0
3002,Retail,1,35.4,4,0,672,0,0
3003,Manufacturing,10,14.9,5,0,610,1,0
3004,Tech,20,3.36,8,0,720,1,0
3005,Consulting,24,2.71,7,0,751,0,0
3006,Consulting,21,10.64,10,0,677,0,1
3007,Tech,11,12.03,3,1,676,0,1
3008,Tech,24,21.04,5,0,769,0,0
3009,Manufacturing,17,11.13,8,2,685,0,1
3010,Retail,8,31.73,6,0,673,0,1
3011,Consulting,13,10.96,5,0,745,0,0
3012,Manufacturing,20,9.8,1,0,740,0,1
3013,Retail,18,23.83,5,1,721,0,0
3014,Manufacturing,22,44.49,3,0,691,1,0
3015,Consulting,16,23.68,2,1,752,0,1
3016,Tech,2,20.99,4,0,700,0,0
3017,Tech,5,29.12,10,0,684,0,0
3018,Retail,18,13.23,4,0,700,0,0
3019,Healthcare,3,18.0,3,0,735,0,1
3020,Retail,22,11.08,4,2,721,1,0
3021,Healthcare,17,28.8,4,0,758,0,0
3022,Manufacturing,16,35.02,7,0,704,1,0
3023,Manufacturing,6,33.85,3,1,659,0,0
3024,Consulting,19,13.11,4,2,687,0,0
3025,Healthcare,7,39.09,4,0,673,0,0
3026,Consulting,18,13.17,4,0,682,0,0
3027,Tech,14,7.94,9,0,685,0,0
3028,Healthcare,6,17.82,6,0,722,0,0
3029,Retail,8,30.09,2,0,692,0,0
3030,Tech,15,7.53,8,1,704,0,0
3031,Tech,15,32.58,5,0,694,0,0
3032,Retail,15,43.22,5,0,703,1,0
3033,Tech,16,15.01,8,0,707,0,0
3034,Healthcare,1,22.79,7,1,724,0,1
3035,Consulting,11,11.8,6,0,759,0,0
3036,Tech,5,18.38,8,1,757,0,0
3037,Healthcare,5,1.59,3,2,678,0,0
3038,Manufacturing,21,47.71,4,0,615,0,0
3039,Healthcare,6,21.09,4,0,599,0,0
3040,Consulting,2,39.55,3,0,715,0,0
3041,Healthcare,6,7.56,3,0,687,0,0
3042,Retail,14,40.71,3,0,778,0,1
3043,Consulting,11,43.08,1,0,751,0,1
3044,Manufacturing,4,35.92,6,1,613,0,1
3045,Retail,24,45.21,3,0,707,0,0
3046,Healthcare,9,8.78,1,2,652,0,0
3047,Consulting,24,24.09,3,2,717,0,0
3048,Manufacturing,3,31.2,3,1,753,0,0
3049,Retail,16,30.01,9,0,600,0,1
3050,Manufacturing,11,43.12,4,0,723,0,0
3051,Healthcare,4,11.18,5,2,817,0,0
3052,Manufacturing,1,9.19,5,1,678,0,0
3053,Tech,21,13.04,7,0,719,0,0
3054,Retail,22,44.63,7,1,667,0,0
3055,Manufacturing,16,47.08,4,0,676,0,0
3056,Healthcare,19,28.7,6,2,684,0,1
3057,Healthcare,16,25.32,4,0,685,0,0
3058,Manufacturing,11,30.47,2,1,667,0,0
3059,Healthcare,8,31.01,8,0,736,0,1
3060,Consulting,23,8.93,2,0,609,0,0
3061,Consulting,1,34.48,3,0,781,0,0
3062,Consulting,21,22.89,3,0,686,0,0
3063,Tech,9,26.11,2,0,725,1,0
3064,Manufacturing,12,2.0,6,0,662,1,0
3065,Tech,22,38.35,6,0,720,0,0
3066,Healthcare,8,41.85,3,0,765,0,1
3067,Tech,17,31.16,7,0,797,0,0
3068,Healthcare,10,37.56,4,0,754,1,1
3069,Healthcare,7,26.37,3,2,722,0,1
3070,Retail,19,31.11,6,1,719,0,0
3071,Consulting,6,20.03,7,0,653,0,1
3072,Healthcare,21,39.7,4,0,610,0,0
3073,Retail,24,23.68,3,0,672,0,0
3074,Consulting,24,34.17,4,0,729,0,1
3075,Healthcare,19,31.26,2,0,732,0,0
3076,Healthcare,18,35.26,7,2,558,0,0
3077,Tech,15,39.37,6,0,625,0,0
3078,Tech,2,25.88,5,0,682,1,0
3079,Consulting,14,40.75,4,2,660,0,0
3080,Healthcare,21,25.11,7,2,647,1,0
3081,Manufacturing,10,47.85,5,0,744,0,1
3082,Tech,16,37.76,6,0,689,0,1
3083,Consulting,7,8.97,2,0,743,0,0
3084,Healthcare,8,41.56,4,1,600,0,0
3085,Healthcare,10,27.8,7,0,689,0,0
3086,Manufacturing,15,49.23,3,0,661,0,1
3087,Consulting,8,36.08,4,0,705,0,0
3088,Healthcare,13,4.68,4,0,561,0,0
3089,Tech,12,20.05,5,0,802,0,1
3090,Manufacturing,8,26.11,2,0,675,0,0
3091,Consulting,15,42.03,6,0,718,1,0
3092,Manufacturing,12,36.6,5,0,750,1,0
3093,Tech,11,18.78,4,0,767,0,0
3094,Consulting,19,32.84,4,0,672,0,0
3095,Manufacturing,14,29.06,4,0,757,0,0
3096,Retail,18,6.74,6,2,755,0,0
3097,Tech,13,12.13,5,1,685,1,0
3098,Tech,4,17.39,2,1,710,0,0
3099,Tech,17,10.18,4,0,646,0,0
3100,Retail,19,7.93,8,2,677,0,0
3101,Retail,9,3.38,7,0,718,1,0
3102,Healthcare,23,43.72,10,2,773,1,1
3103,Manufacturing,7,14.8,4,1,689,0,0
3104,Healthcare,1,14.87,4,1,679,0,0
3105,Manufacturing,7,10.71,2,1,698,0,0
3106,Retail,7,24.03,2,0,623,1,0
3107,Retail,20,25.95,5,2,638,1,1
3108,Healthcare,7,10.81,5,0,672,0,0
3109,Consulting,8,30.62,5,2,647,0,1
3110,Healthcare,16,36.29,8,1,603,1,0
3111,Manufacturing,3,19.01,5,1,701,1,1
3112,Healthcare,13,29.48,9,0,804,0,0
3113,Tech,10,25.36,6,0,701,0,0
3114,Manufacturing,18,10.18,5,0,579,0,0
3115,Manufacturing,7,36.64,7,1,739,0,0
3116,Consulting,21,40.17,2,1,727,0,0
3117,Retail,21,32.62,3,0,732,0,0
3118,Manufacturing,5,16.53,6,2,642,1,0
3119,Retail,23,46.38,2,0,728,0,0
3120,Healthcare,24,23.04,4,0,737,0,0
3121,Tech,22,13.66,3,0,715,0,0
3122,Consulting,7,20.71,7,0,706,0,0
3123,Retail,22,34.76,6,0,696,0,0
3124,Manufacturing,17,42.37,4,0,784,0,1
3125,Retail,4,18.15,5,0,690,0,1
3126,Manufacturing,24,12.01,7,2,752,0,0
3127,Retail,23,31.51,7,0,725,0,0
3128,Manufacturing,16,46.1,1,0,761,0,1
3129,Healthcare,19,9.57,5,1,773,0,0
3130,Manufacturing,10,40.25,4,0,732,0,0
3131,Manufacturing,3,24.09,6,0,715,0,0
3132,Tech,3,40.08,6,0,793,0,1
3133,Manufacturing,17,25.52,6,0,717,0,0
3134,Tech,10,19.18,7,0,729,0,0
3135,Consulting,17,34.99,8,0,784,0,0
3136,Tech,22,45.08,3,0,733,0,0
3137,Healthcare,17,16.35,6,0,599,0,0
3138,Tech,21,23.31,2,0,576,0,0
3139,Consulting,4,11.86,2,0,620,0,0
3140,Healthcare,21,9.58,1,1,651,0,0
3141,Retail,23,39.01,5,0,692,0,1
3142,Retail,6,10.43,5,0,717,0,0
3143,Tech,12,39.77,4,0,641,0,0
3144,Tech,22,21.75,4,0,722,0,0
3145,Consulting,20,49.75,3,0,651,0,0
3146,Consulting,17,10.27,3,0,746,0,0
3147,Manufacturing,17,5.1,5,0,756,0,1
3148,Consulting,10,4.23,5,0,748,1,0
3149,Manufacturing,7,41.85,2,0,683,0,0
3150,Healthcare,16,22.17,3,0,835,1,1
3151,Tech,13,0.65,5,2,639,0,0
3152,Healthcare,3,43.8,2,1,666,0,0
3153,Consulting,2,43.91,8,2,740,0,1
3154,Healthcare,16,40.42,1,0,698,0,0
3155,Healthcare,6,12.79,2,1,778,1,0
3156,Healthcare,6,18.95,10,1,586,0,1
3157,Consulting,13,37.37,7,0,704,0,0
3158,Healthcare,7,24.72,2,1,639,0,0
3159,Manufacturing,5,8.11,4,0,684,0,0
3160,Consulting,24,12.52,4,0,699,0,0
3161,Healthcare,7,48.64,3,0,690,1,0
3162,Consulting,2,7.98,6,0,652,1,0
3163,Retail,17,36.44,4,0,709,1,0
3164,Manufacturing,13,24.16,4,0,768,0,0
3165,Healthcare,21,37.56,5,0,677,0,0
3166,Retail,21,33.23,6,0,794,0,0
3167,Retail,16,22.24,6,0,738,0,0
3168,Consulting,20,18.02,7,0,688,1,0
3169,Retail,2,37.84,5,0,677,1,1
3170,Manufacturing,5,16.5,2,0,724,0,0
3171,Manufacturing,18,39.49,9,0,670,0,0
3172,Tech,7,34.15,7,0,736,0,0
3173,Manufacturing,11,29.09,4,2,676,0,0
3174,Retail,11,18.76,4,0,662,0,0
3175,Manufacturing,22,10.65,0,0,695,0,0
3176,Consulting,17,35.67,9,0,779,0,1
3177,Tech,16,5.02,6,1,639,0,0
3178,Retail,13,48.54,6,0,631,0,0
3179,Tech,22,48.95,4,1,667,1,0
3180,Retail,5,6.95,4,1,632,1,0
3181,Consulting,20,5.64,6,0,726,0,0
3182,Tech,16,20.93,7,1,692,0,0
3183,Healthcare,22,48.2,6,1,715,0,0
3184,Retail,22,20.32,4,1,716,0,0
3185,Healthcare,16,18.51,7,0,676,0,1
3186,Tech,16,35.33,3,0,657,0,0
3187,Healthcare,14,9.35,6,0,778,0,0
3188,Healthcare,6,18.48,2,2,715,1,1
3189,Tech,2,14.92,6,0,607,0,0
3190,Consulting,14,30.28,5,0,696,0,0
3191,Healthcare,16,8.56,4,0,650,0,0
3192,Healthcare,23,27.66,3,1,719,0,0
3193,Consulting,20,42.95,4,0,748,0,0
3194,Healthcare,13,25.95,9,0,665,0,0
3195,Healthcare,15,34.33,2,2,737,0,1
3196,Healthcare,12,4.22,3,1,758,0,0
3197,Manufacturing,9,22.73,5,0,712,0,0
3198,Consulting,18,5.2,3,1,663,0,0
3199,Healthcare,21,30.17,4,1,776,1,0
3200,Consulting,14,14.41,6,1,776,0,0
3201,Retail,20,14.72,11,0,698,0,0
3202,Retail,4,4.3,6,0,701,0,0
3203,Healthcare,8,15.86,3,0,713,0,0
3204,Consulting,8,25.58,4,0,679,0,0
3205,Consulting,22,29.44,7,0,689,0,0
3206,Consulting,22,3.8,1,0,666,0,0
3207,Manufacturing,16,32.75,5,0,760,1,0
3208,Retail,24,24.7,4,0,617,1,0
3209,Consulting,10,27.08,3,0,675,0,0
3210,Consulting,21,41.72,9,2,749,0,0
3211,Manufacturing,17,17.44,4,0,700,0,0
3212,Manufacturing,1,9.12,1,1,644,1,0
3213,Consulting,18,27.81,5,0,674,0,0
3214,Tech,10,47.28,8,1,772,0,0
3215,Consulting,21,26.13,7,0,759,1,0
3216,Consulting,4,41.68,3,2,691,0,0
3217,Manufacturing,1,37.97,3,1,644,1,0
3218,Manufacturing,4,26.16,4,0,746,0,0
3219,Consulting,4,32.55,9,1,672,0,0
3220,Consulting,4,20.63,3,0,806,0,1
3221,Consulting,17,26.77,7,0,662,0,0
3222,Manufacturing,9,25.61,8,2,723,0,0
3223,Consulting,19,35.6,8,1,766,0,0
3224,Consulting,13,20.79,3,0,719,1,0
3225,Healthcare,4,5.44,1,1,710,0,0
3226,Tech,5,39.54,2,0,635,0,1
3227,Retail,13,34.4,2,2,719,0,0
3228,Tech,23,47.53,3,0,716,0,0
3229,Healthcare,16,21.72,2,0,700,1,0
3230,Retail,22,4.37,8,1,663,0,0
3231,Consulting,5,6.52,8,2,692,0,0
3232,Healthcare,8,38.78,3,0,733,0,0
3233,Consulting,16,3.85,6,0,694,0,1
3234,Manufacturing,1,45.44,4,1,727,0,0
3235,Healthcare,23,14.44,10,1,713,0,0
3236,Manufacturing,6,44.99,6,0,677,0,1
3237,Healthcare,11,38.79,4,0,708,0,0
3238,Healthcare,16,43.62,7,0,671,0,0
3239,Manufacturing,5,11.09,2,0,662,1,0
3240,Retail,16,29.99,2,0,733,0,0
3241,Tech,7,5.13,8,0,716,0,0
3242,Consulting,19,10.51,2,1,694,0,0
3243,Healthcare,1,15.84,5,0,734,0,0
3244,Consulting,9,37.17,9,0,669,0,1
3245,Manufacturing,18,1.72,5,0,665,0,1
3246,Consulting,13,45.2,5,0,628,0,0
3247,Manufacturing,15,4.0,5,1,647,0,0
3248,Consulting,3,19.14,4,0,691,0,0
3249,Tech,24,4.51,5,2,796,0,0
3250,Tech,10,38.56,5,0,638,1,1
3251,Tech,9,7.5,10,2,600,1,0
3252,Tech,13,44.3,8,0,686,0,0
3253,Tech,16,26.75,2,0,705,0,0
3254,Tech,3,47.45,6,0,655,0,0
3255,Manufacturing,22,14.87,6,2,756,1,0
3256,Healthcare,23,22.99,3,0,658,0,0
3257,Consulting,15,34.87,9,0,687,0,0
3258,Tech,17,41.68,2,2,703,0,0
3259,Manufacturing,14,21.36,5,1,768,0,0
3260,Manufacturing,7,44.68,2,0,741,1,0
3261,Manufacturing,20,6.34,5,1,718,0,0
3262,Healthcare,16,35.58,3,0,712,1,0
3263,Consulting,21,17.74,1,0,734,0,0
3264,Healthcare,8,5.52,7,0,797,0,0
3265,Retail,4,19.64,6,0,612,1,0
3266,Manufacturing,20,44.07,8,0,649,1,1
3267,Retail,24,49.04,4,1,651,0,0
3268,Tech,15,19.94,1,1,790,0,0
3269,Tech,5,44.38,5,0,619,0,0
3270,Healthcare,13,25.73,4,2,631,0,0
3271,Consulting,6,35.99,5,0,696,0,0
3272,Retail,5,2.75,3,0,765,0,0
3273,Consulting,17,28.09,4,0,750,0,1
3274,Healthcare,7,3.97,5,0,686,1,0
3275,Tech,6,13.8,8,0,664,1,0
3276,Consulting,2,28.56,5,0,715,0,0
3277,Consulting,11,40.45,12,0,630,0,1
3278,Tech,7,28.26,5,0,808,0,1
3279,Retail,22,46.84,6,0,718,0,0
3280,Tech,21,40.61,1,0,801,0,0
3281,Consulting,8,8.23,7,2,683,0,1
3282,Retail,5,19.75,3,0,686,1,0
3283,Retail,18,33.59,8,0,716,0,1
3284,Tech,22,46.95,5,2,692,0,1
3285,Consulting,16,49.39,4,0,690,0,0
3286,Healthcare,14,38.28,6,0,627,0,0
3287,Consulting,12,28.9,4,2,693,0,1
3288,Manufacturing,17,37.95,6,1,618,0,0
3289,Healthcare,5,14.03,5,0,660,0,0
3290,Retail,14,14.54,5,0,678,0,0
3291,Healthcare,6,32.89,5,0,653,0,1
3292,Retail,15,43.66,4,1,691,0,0
3293,Retail,7,48.51,4,0,688,0,0
3294,Healthcare,14,17.4,4,0,831,1,0
3295,Retail,18,39.93,5,0,743,0,0
3296,Retail,1,42.65,6,1,709,1,1
3297,Manufacturing,6,31.35,6,2,636,0,0
3298,Consulting,3,17.71,11,0,657,0,1
3299,Consulting,5,31.14,8,2,623,0,0
3300,Manufacturing,12,29.43,6,0,722,0,0
3301,Healthcare,11,30.52,5,1,664,0,1
3302,Tech,13,31.15,8,0,723,1,1
3303,Tech,16,42.43,3,0,731,0,0
3304,Tech,18,8.92,7,0,678,0,0
3305,Manufacturing,17,18.68,6,0,672,1,0
3306,Manufacturing,17,29.51,5,0,696,0,0
3307,Retail,11,14.52,4,0,658,0,0
3308,Tech,20,48.92,7,0,647,0,0
3309,Healthcare,10,13.53,3,2,615,0,0
3310,Healthcare,16,23.75,4,0,624,0,0
3311,Tech,2,43.93,5,0,702,0,0
3312,Tech,17,4.46,1,0,720,0,0
3313,Tech,22,41.12,4,0,694,0,0
3314,Manufacturing,20,28.76,5,1,658,0,0
3315,Manufacturing,10,2.07,7,0,743,0,1
3316,Manufacturing,13,45.19,4,0,794,1,0
3317,Consulting,12,2.44,6,0,702,0,0
3318,Healthcare,15,26.0,3,0,686,1,0
3319,Healthcare,7,2.93,4,0,716,0,0
3320,Retail,22,4.02,5,0,601,0,0
3321,Manufacturing,21,44.42,7,1,735,1,1
3322,Consulting,13,38.41,3,0,651,0,0
3323,Consulting,12,10.25,8,0,758,0,0
3324,Healthcare,12,31.21,5,0,630,0,0
3325,Manufacturing,2,39.84,6,0,671,0,0
3326,Retail,5,44.53,2,0,625,0,1
3327,Manufacturing,2,23.68,3,1,768,0,0
3328,Tech,23,44.93,3,0,615,1,0
3329,Manufacturing,20,25.64,7,0,684,0,0
3330,Tech,13,34.57,9,0,663,0,0
3331,Tech,3,48.96,8,0,687,0,1
3332,Retail,11,12.18,2,0,747,1,0
3333,Healthcare,16,8.84,4,0,716,0,1
3334,Manufacturing,1,17.43,5,1,689,0,0
3335,Tech,19,8.64,4,1,615,1,0
3336,Manufacturing,11,14.57,6,1,785,0,1
3337,Healthcare,9,37.28,6,2,708,1,1
3338,Healthcare,14,24.14,5,1,718,0,1
3339,Consulting,9,19.06,5,0,639,0,0
3340,Healthcare,7,18.75,7,1,759,0,1
3341,Retail,16,10.13,3,0,635,0,1
3342,Tech,3,22.65,2,0,826,1,0
3343,Consulting,19,31.42,6,0,726,1,1
3344,Retail,4,7.39,6,0,765,1,0
3345,Manufacturing,7,48.65,8,1,662,1,0
3346,Tech,23,22.44,7,0,692,0,0
3347,Healthcare,12,47.42,5,0,625,1,0
3348,Tech,18,7.17,3,1,735,0,0
3349,Manufacturing,5,38.48,3,1,730,1,1
3350,Consulting,23,31.07,6,0,705,0,0
3351,Consulting,23,41.09,7,0,714,0,0
3352,Consulting,22,30.23,10,0,667,0,0
3353,Healthcare,10,48.16,6,0,641,1,0
3354,Retail,12,31.53,6,1,776,0,1
3355,Retail,8,39.34,5,0,704,0,0
3356,Tech,19,43.94,2,0,690,1,0
3357,Healthcare,15,35.87,5,0,713,0,0
3358,Consulting,1,26.45,7,0,659,0,0
3359,Consulting,3,14.0,8,0,805,0,0
3360,Manufacturing,18,42.8,3,1,761,1,0
3361,Manufacturing,18,24.29,5,1,663,0,0
3362,Consulting,2,31.23,6,0,716,0,1
3363,Consulting,5,4.42,7,1,645,0,0
3364,Healthcare,1,25.12,6,1,691,0,1
3365,Retail,10,35.06,5,2,605,0,0
3366,Manufacturing,20,29.41,4,0,788,0,0
3367,Retail,10,22.7,4,1,753,0,0
3368,Healthcare,5,11.56,5,0,666,0,0
3369,Consulting,18,15.83,5,0,684,0,0
3370,Retail,21,35.18,11,0,700,0,1
3371,Consulting,15,11.6,6,1,755,0,0
3372,Consulting,20,31.28,4,0,710,0,0
3373,Tech,8,29.69,3,1,666,1,0
3374,Retail,17,48.54,5,0,708,0,1
3375,Retail,12,3.51,3,0,774,0,0
3376,Consulting,21,5.85,7,0,727,0,0
3377,Healthcare,12,25.55,5,0,714,1,0
3378,Tech,1,26.59,3,0,783,0,0
3379,Consulting,4,2.48,7,0,675,1,0
3380,Manufacturing,8,41.38,3,2,716,0,1
3381,Manufacturing,1,24.99,2,1,657,1,0
3382,Tech,15,17.66,5,0,662,0,0
3383,Healthcare,18,16.28,1,0,763,0,0
3384,Consulting,1,43.14,5,0,629,0,0
3385,Retail,11,10.24,7,1,550,0,0
3386,Tech,23,8.44,4,0,763,1,0
3387,Healthcare,2,11.05,5,0,598,0,0
3388,Retail,1,31.44,6,0,765,0,1
3389,Manufacturing,12,40.64,4,0,718,0,0
3390,Manufacturing,16,16.88,6,0,678,0,0
3391,Retail,22,9.09,8,1,707,1,0
3392,Tech,22,10.86,5,0,661,0,0
3393,Manufacturing,10,31.15,5,0,645,0,0
3394,Consulting,18,12.68,3,0,742,0,1
3395,Retail,15,43.93,8,0,671,0,1
3396,Retail,17,5.64,6,1,803,0,0
3397,Manufacturing,10,2.1,2,2,698,0,0
3398,Tech,3,4.87,3,0,705,0,1
3399,Consulting,21,42.36,5,0,661,0,1
3400,Tech,16,32.74,5,1,719,1,0
3401,Healthcare,6,47.91,8,1,708,0,1
3402,Healthcare,3,17.15,3,0,671,1,1
3403,Manufacturing,9,11.03,4,0,716,0,0
3404,Manufacturing,11,28.32,5,0,690,1,0
3405,Manufacturing,21,27.12,5,1,688,0,0
3406,Healthcare,13,29.76,4,2,758,0,0
3407,Tech,18,17.7,4,0,636,0,0
3408,Tech,22,0.79,5,0,749,0,0
3409,Manufacturing,24,2.23,7,0,635,0,0
3410,Consulting,22,33.36,11,0,693,0,0
3411,Tech,4,26.4,4,0,717,0,0
3412,Healthcare,22,41.14,5,1,688,0,1
3413,Retail,24,15.37,7,0,739,0,0
3414,Retail,8,40.87,2,1,724,0,1
3415,Retail,13,21.56,4,0,650,0,0
3416,Consulting,10,5.29,3,1,687,0,0
3417,Manufacturing,2,48.91,4,0,710,0,0
3418,Healthcare,8,25.84,5,1,756,0,1
3419,Consulting,6,31.66,10,1,748,0,1
3420,Healthcare,16,33.7,6,0,700,0,0
3421,Healthcare,18,18.44,3,0,782,0,0
3422,Manufacturing,17,37.5,3,0,615,0,0
3423,Retail,6,43.58,6,0,661,1,0
3424,Manufacturing,13,19.67,5,0,692,1,0
3425,Consulting,23,33.02,14,0,716,1,1
3426,Consulting,14,37.98,4,0,729,0,0
3427,Consulting,21,9.91,6,0,638,0,0
3428,Manufacturing,10,16.96,5,0,693,0,0
3429,Healthcare,24,5.89,5,1,725,0,0
3430,Healthcare,11,30.31,4,0,649,1,0
3431,Tech,13,40.15,4,0,694,0,0
3432,Consulting,12,30.74,4,0,734,0,0
3433,Healthcare,9,9.4,2,0,793,0,1
3434,Tech,4,27.55,6,1,672,0,0
3435,Healthcare,7,41.83,2,0,716,1,0
3436,Consulting,24,15.48,2,0,719,0,0
3437,Retail,22,41.72,5,1,650,0,0
3438,Consulting,2,39.34,4,1,744,0,1
3439,Manufacturing,7,1.58,2,0,696,1,0
3440,Healthcare,9,12.35,4,1,722,0,0
3441,Healthcare,5,27.38,5,2,685,1,0
3442,Manufacturing,15,36.02,5,0,688,0,1
3443,Manufacturing,18,44.09,7,0,678,1,1
3444,Retail,4,32.23,10,0,654,0,0
3445,Healthcare,19,19.33,5,0,599,1,0
3446,Healthcare,20,9.64,5,0,703,0,0
3447,Retail,7,38.12,6,0,672,0,0
3448,Tech,8,10.74,7,0,657,0,1
3449,Retail,17,34.92,6,1,727,0,0
3450,Consulting,13,9.47,5,0,707,0,0
3451,Healthcare,24,5.01,9,2,642,0,0
3452,Manufacturing,21,12.93,4,0,698,0,0
3453,Consulting,23,14.6,8,0,678,0,0
3454,Healthcare,11,32.54,6,1,715,0,1
3455,Retail,1,8.46,6,0,757,0,0
3456,Consulting,2,46.55,5,2,660,1,0
3457,Healthcare,17,27.94,2,0,681,0,0
3458,Tech,5,24.8,4,0,724,0,0
3459,Tech,6,22.02,3,0,671,0,0
3460,Manufacturing,24,28.55,9,2,707,0,1
3461,Healthcare,7,1.61,5,2,680,0,0
3462,Tech,21,49.51,8,0,746,0,1
3463,Retail,15,28.1,7,0,723,1,0
3464,Healthcare,19,2.24,7,0,679,1,0
3465,Retail,16,29.7,4,1,692,0,0
3466,Retail,13,22.14,3,2,636,0,0
3467,Tech,5,1.69,4,1,693,0,0
3468,Healthcare,3,46.26,3,0,655,0,1
3469,Consulting,3,1.02,4,0,710,0,0
3470,Tech,19,29.1,4,0,724,1,0
3471,Tech,14,48.11,10,2,698,0,1
3472,Healthcare,16,12.26,5,0,716,0,0
3473,Healthcare,22,13.08,9,0,713,0,1
3474,Retail,17,0.52,9,0,741,0,0
3475,Healthcare,4,3.78,5,0,586,1,0
3476,Retail,13,2.72,5,0,736,0,0
3477,Tech,8,41.22,3,0,777,0,1
3478,Manufacturing,19,41.92,5,0,728,0,0
3479,Consulting,5,36.47,4,1,648,0,0
3480,Tech,2,17.96,5,1,753,0,1
3481,Healthcare,15,41.15,2,1,685,0,0
3482,Consulting,2,27.22,7,0,686,0,1
3483,Manufacturing,11,15.56,1,0,723,1,1
3484,Manufacturing,13,22.15,3,1,714,0,0
3485,Retail,23,3.76,4,2,747,1,1
3486,Consulting,10,47.27,5,0,625,1,0
3487,Retail,3,31.15,5,0,683,0,0
3488,Tech,5,36.7,6,0,642,0,0
3489,Consulting,3,33.99,7,1,589,0,0
3490,Tech,6,33.55,5,0,666,1,1
3491,Retail,13,1.35,6,0,716,0,0
3492,Consulting,10,26.51,5,0,761,0,1
3493,Retail,19,41.17,8,0,775,0,0
3494,Consulting,8,2.7,2,0,698,1,0
3495,Retail,18,47.83,7,1,670,0,0
3496,Manufacturing,3,21.5,10,1,715,0,1
3497,Retail,24,14.85,2,0,771,0,0
3498,Manufacturing,24,26.83,2,0,704,0,0
3499,Retail,17,40.16,6,0,769,0,0
3500,Consulting,8,24.0,6,0,744,1,1
3501,Consulting,10,32.43,4,0,737,0,1
3502,Consulting,2,25.25,2,1,706,0,1
3503,Healthcare,12,31.75,10,2,839,0,0
3504,Tech,23,7.33,4,0,731,0,0
3505,Consulting,6,2.41,2,1,713,1,1
3506,Manufacturing,2,7.28,2,0,746,0,0
3507,Consulting,21,14.65,2,0,620,1,0
3508,Healthcare,23,13.04,5,0,679,0,0
3509,Manufacturing,24,30.95,4,0,667,0,0
3510,Healthcare,3,23.07,4,0,663,1,0
3511,Manufacturing,17,2.42,7,0,724,1,0
3512,Retail,7,2.23,6,0,807,0,0
3513,Tech,21,4.98,7,0,671,0,0
3514,Tech,5,17.98,4,0,678,0,0
3515,Healthcare,23,0.81,6,1,684,1,0
3516,Tech,1,24.95,4,0,706,0,0
3517,Healthcare,8,18.35,5,1,664,0,0
3518,Healthcare,12,27.99,4,1,651,0,0
3519,Healthcare,14,36.18,6,0,714,0,0
3520,Tech,16,12.92,4,0,636,0,0
3521,Healthcare,10,8.28,7,0,666,0,0
3522,Tech,15,14.26,5,1,779,0,0
3523,Healthcare,21,0.59,9,0,682,0,0
3524,Consulting,24,6.44,5,0,642,0,0
3525,Healthcare,15,37.67,1,0,751,0,0
3526,Manufacturing,10,11.53,4,2,695,0,0
3527,Healthcare,21,49.72,6,0,665,0,1
3528,Retail,7,8.81,8,1,702,0,0
3529,Healthcare,3,39.54,2,1,595,1,0
3530,Manufacturing,2,35.4,7,0,718,0,0
3531,Manufacturing,6,16.45,5,1,653,0,0
3532,Tech,21,16.87,5,0,729,0,0
3533,Consulting,9,28.4,6,2,836,0,0
3534,Healthcare,10,42.69,6,0,819,1,0
3535,Tech,4,19.62,9,1,749,0,0
3536,Consulting,3,3.53,8,0,790,1,1
3537,Healthcare,9,19.03,8,0,719,0,0
3538,Retail,24,10.76,6,0,663,0,0
3539,Healthcare,22,46.99,2,1,632,0,1
3540,Manufacturing,17,35.02,4,0,692,0,0
3541,Manufacturing,14,3.02,4,0,616,0,0
3542,Retail,10,15.0,6,0,635,1,0
3543,Tech,13,2.99,10,0,747,0,0
3544,Consulting,12,41.59,6,0,693,0,0
3545,Healthcare,1,45.36,7,0,660,0,1
3546,Manufacturing,22,6.06,4,0,701,1,0
3547,Tech,19,22.29,7,2,650,0,0
3548,Retail,19,46.63,4,2,755,0,0
3549,Manufacturing,6,7.69,6,0,672,0,0
3550,Retail,13,14.95,9,0,675,0,0
3551,Healthcare,19,15.56,4,0,697,0,0
3552,Consulting,13,1.99,4,0,681,0,0
3553,Manufacturing,22,2.3,2,1,774,0,0
3554,Manufacturing,21,47.66,6,1,783,1,0
3555,Healthcare,4,28.77,3,0,705,0,0
3556,Tech,24,15.68,1,0,795,0,0
3557,Consulting,2,19.24,4,0,728,0,1
3558,Manufacturing,15,35.88,4,0,702,0,0
3559,Consulting,12,18.64,9,1,751,0,0
3560,Manufacturing,7,11.77,3,1,708,0,0
3561,Consulting,20,5.54,6,0,704,1,1
3562,Retail,18,36.58,6,0,694,0,1
3563,Manufacturing,23,9.44,2,0,668,0,0
3564,Consulting,13,3.95,1,0,667,0,0
3565,Tech,17,21.63,7,1,620,0,0
3566,Retail,4,2.46,5,0,624,0,0
3567,Retail,14,48.27,5,0,657,0,0
3568,Tech,20,31.55,10,0,603,0,0
3569,Consulting,13,8.06,8,0,678,0,0
3570,Healthcare,3,9.04,5,0,646,1,0
3571,Tech,18,28.71,4,0,719,0,0
3572,Consulting,14,18.15,3,2,730,1,0
3573,Tech,15,38.83,4,1,663,0,1
3574,Tech,3,27.52,6,0,778,0,1
3575,Manufacturing,1,21.95,4,0,673,0,0
3576,Consulting,24,48.17,3,0,742,0,0
3577,Healthcare,17,19.84,6,1,669,1,0
3578,Manufacturing,3,20.33,5,0,724,0,0
3579,Tech,14,33.46,3,0,707,0,0
3580,Tech,3,40.57,5,0,678,0,0
3581,Tech,13,31.5,1,1,758,0,0
3582,Consulting,15,35.08,3,2,690,0,1
3583,Consulting,18,18.96,4,0,690,0,0
3584,Manufacturing,14,24.24,7,0,739,0,0
3585,Healthcare,21,10.25,3,1,626,0,0
3586,Manufacturing,3,34.17,4,2,739,0,1
3587,Retail,19,11.46,7,2,731,0,0
3588,Tech,8,0.56,6,2,678,1,1
3589,Tech,4,46.72,4,0,691,0,0
3590,Tech,4,15.65,2,2,643,0,0
3591,Manufacturing,19,10.23,6,0,812,0,0
3592,Manufacturing,11,13.77,7,0,638,0,0
3593,Tech,1,16.86,3,0,649,0,1
3594,Manufacturing,8,23.99,4,0,798,0,0
3595,Consulting,15,3.93,3,0,803,0,0
3596,Consulting,1,3.11,8,0,650,1,0
3597,Manufacturing,7,15.0,3,1,747,0,0
3598,Tech,21,15.14,7,0,733,0,0
3599,Manufacturing,20,6.32,7,0,674,0,0
3600,Manufacturing,20,20.54,4,1,681,0,1
3601,Manufacturing,24,14.56,4,0,695,0,0
3602,Retail,11,1.79,5,1,768,0,0
3603,Consulting,14,44.34,2,0,769,0,1
3604,Healthcare,22,44.36,8,0,667,1,1
3605,Healthcare,16,10.85,6,0,710,0,0
3606,Retail,14,8.56,6,0,677,1,1
3607,Manufacturing,12,27.59,7,0,570,1,0
3608,Retail,17,31.72,6,0,737,0,1
3609,Retail,14,47.9,7,0,688,0,0
3610,Tech,10,19.18,1,2,656,0,0
3611,Consulting,24,31.1,8,0,698,0,1
3612,Healthcare,14,43.97,3,0,654,0,0
3613,Manufacturing,18,22.77,2,1,786,0,0
3614,Healthcare,22,6.56,10,0,756,0,0
3615,Healthcare,9,19.18,5,0,738,0,0
3616,Consulting,17,7.26,2,0,661,1,0
3617,Healthcare,6,1.32,6,1,690,1,0
3618,Healthcare,8,37.7,5,0,645,0,1
3619,Retail,13,12.3,7,0,699,0,0
3620,Consulting,18,0.6,2,0,671,0,0
3621,Tech,5,43.69,4,0,700,0,0
3622,Manufacturing,6,22.47,4,0,745,0,0
3623,Healthcare,21,12.32,0,1,712,1,0
3624,Manufacturing,19,13.51,2,0,682,0,0
3625,Tech,4,12.41,0,0,655,0,0
3626,Manufacturing,7,10.13,3,0,564,0,0
3627,Tech,4,42.14,4,0,756,0,0
3628,Retail,11,8.93,8,0,719,0,0
3629,Healthcare,12,28.31,3,2,774,0,0
3630,Tech,14,4.33,6,0,673,0,0
3631,Manufacturing,13,47.5,6,0,581,1,0
3632,Healthcare,10,30.36,3,1,728,0,0
3633,Retail,18,45.21,3,0,645,0,0
3634,Healthcare,16,20.19,10,1,774,0,1
3635,Tech,5,40.63,4,0,644,0,0
3636,Retail,8,42.76,5,0,695,0,0
3637,Manufacturing,14,35.3,5,0,724,0,0
3638,Retail,5,5.1,4,0,717,1,0
3639,Retail,24,1.3,5,0,695,0,0
3640,Consulting,8,8.84,7,2,688,0,0
3641,Retail,6,6.35,4,0,754,0,0
3642,Retail,16,36.39,5,0,687,0,0
3643,Healthcare,4,28.07,2,1,711,0,1
3644,Manufacturing,12,26.53,8,0,770,0,0
3645,Healthcare,11,13.02,6,1,710,0,0
3646,Healthcare,3,8.15,9,0,635,1,0
3647,Tech,12,10.72,4,0,744,0,0
3648,Healthcare,5,20.31,5,0,693,0,0
3649,Consulting,6,37.14,5,0,742,1,1
3650,Consulting,19,13.1,10,0,666,0,0
3651,Tech,18,35.08,3,0,675,1,0
3652,Manufacturing,16,24.83,4,0,703,0,0
3653,Manufacturing,23,44.33,7,0,671,0,0
3654,Healthcare,11,12.03,8,0,681,0,0
3655,Healthcare,5,22.82,5,0,772,0,1
3656,Healthcare,9,5.28,7,1,692,0,0
3657,Manufacturing,3,17.09,5,0,612,0,0
3658,Retail,8,25.59,6,0,743,0,0
3659,Consulting,6,36.77,5,1,738,1,0
3660,Retail,4,10.3,4,0,772,0,0
3661,Retail,12,11.3,10,1,684,0,0
3662,Manufacturing,12,31.76,8,0,666,0,0
3663,Retail,21,19.43,3,0,735,0,0
3664,Tech,16,24.36,2,0,706,0,0
3665,Healthcare,10,41.89,6,2,761,0,1
3666,Tech,22,25.2,4,2,749,0,1
3667,Consulting,14,32.8,6,0,712,0,0
3668,Healthcare,13,33.01,2,1,646,1,0
3669,Retail,9,40.28,3,0,740,0,0
3670,Consulting,7,32.09,6,0,733,1,1
3671,Healthcare,12,3.71,8,0,734,0,0
3672,Retail,5,17.44,3,2,655,1,0
3673,Tech,18,49.47,6,0,730,0,0
3674,Healthcare,4,10.23,7,1,605,1,0
3675,Retail,2,29.54,3,0,660,0,0
3676,Tech,3,42.23,4,0,700,0,0
3677,Consulting,12,29.53,5,0,724,0,0
3678,Consulting,3,18.93,9,1,735,0,0
3679,Consulting,4,4.47,4,2,642,0,0
3680,Consulting,6,18.4,5,0,763,1,0
3681,Manufacturing,12,9.51,11,0,662,0,0
3682,Healthcare,19,48.06,6,0,679,0,1
3683,Healthcare,10,35.89,5,0,684,0,0
3684,Manufacturing,1,37.59,9,2,623,1,0
3685,Retail,17,22.08,5,0,659,0,0
3686,Retail,16,5.94,3,1,711,1,0
3687,Consulting,9,13.7,2,0,770,1,1
3688,Tech,21,13.36,4,0,720,0,0
3689,Retail,9,24.6,1,0,748,0,0
3690,Tech,23,23.32,7,0,643,1,1
3691,Healthcare,9,21.95,2,0,714,0,0
3692,Tech,12,25.05,4,2,706,1,1
3693,Healthcare,23,49.36,4,1,687,0,0
3694,Manufacturing,9,15.27,2,2,691,0,0
3695,Manufacturing,15,30.96,6,0,619,0,0
3696,Consulting,2,12.36,5,0,719,0,1
3697,Retail,11,23.6,6,2,704,1,0
3698,Consulting,11,10.4,5,0,697,0,0
3699,Healthcare,8,28.13,3,0,746,0,0
3700,Consulting,23,13.62,4,0,760,0,1
3701,Tech,6,2.32,9,0,681,0,0
3702,Healthcare,21,40.86,5,0,830,0,0
3703,Manufacturing,20,6.85,3,1,736,0,0
3704,Retail,7,18.72,4,1,616,1,0
3705,Healthcare,3,24.12,8,0,714,0,0
3706,Healthcare,8,21.91,11,0,768,0,1
3707,Tech,18,36.42,5,1,712,0,0
3708,Retail,17,30.04,5,0,637,0,0
3709,Manufacturing,11,15.12,3,0,678,0,0
3710,Healthcare,2,3.06,3,1,681,0,1
3711,Healthcare,21,38.5,1,1,652,0,0
3712,Tech,24,17.95,4,0,705,1,0
3713,Consulting,19,44.54,4,0,774,0,1
3714,Manufacturing,7,20.06,4,0,638,0,0
3715,Retail,18,36.02,6,0,674,1,0
3716,Healthcare,8,47.01,6,0,830,0,0
3717,Healthcare,14,32.73,2,0,659,1,0
3718,Manufacturing,7,20.97,5,0,648,0,0
3719,Consulting,21,28.59,5,0,706,0,0
3720,Healthcare,4,27.4,6,1,624,0,1
3721,Manufacturing,17,29.45,7,0,667,1,0
3722,Tech,5,7.77,10,1,744,0,0
3723,Consulting,12,35.08,4,0,581,0,0
3724,Retail,9,7.68,6,0,668,0,0
3725,Healthcare,20,1.22,7,0,569,0,0
3726,Manufacturing,13,31.43,3,0,763,0,0
3727,Tech,18,6.29,3,0,662,1,0
3728,Retail,20,38.64,5,0,696,1,0
3729,Manufacturing,9,43.37,5,0,674,1,1
3730,Manufacturing,4,47.26,4,0,639,0,0
3731,Retail,21,33.39,6,0,723,0,0
3732,Tech,8,24.36,5,0,683,0,0
3733,Tech,1,17.94,4,1,714,0,1
3734,Consulting,17,24.8,7,1,730,1,0
3735,Healthcare,9,9.92,5,1,719,0,0
3736,Retail,20,17.75,4,0,706,0,0
3737,Retail,13,36.04,7,0,688,0,0
3738,Retail,2,11.26,6,1,627,0,0
3739,Tech,13,13.57,5,0,720,1,0
3740,Healthcare,9,37.59,4,2,687,0,1
3741,Consulting,20,9.3,7,1,769,0,0
3742,Manufacturing,6,12.67,4,1,754,0,0
3743,Manufacturing,1,1.37,8,2,764,0,0
3744,Retail,5,36.14,1,1,723,0,0
3745,Healthcare,3,31.09,8,0,755,0,0
3746,Tech,4,34.87,1,1,701,0,0
3747,Healthcare,1,11.11,6,0,804,0,0
3748,Healthcare,14,34.53,2,0,607,0,0
3749,Tech,9,30.02,6,0,752,0,0
3750,Retail,24,18.62,6,1,655,0,0
3751,Healthcare,4,22.17,6,0,690,0,0
3752,Manufacturing,18,28.61,3,0,677,0,0
3753,Tech,14,24.92,6,0,641,0,0
3754,Consulting,4,32.27,5,0,657,0,0
3755,Retail,10,9.46,1,0,619,0,0
3756,Tech,3,27.27,8,1,633,0,0
3757,Consulting,23,22.79,4,0,563,1,0
3758,Consulting,7,23.32,4,0,676,0,1
3759,Healthcare,10,23.73,3,0,646,0,0
3760,Healthcare,13,44.13,5,1,655,0,1
3761,Healthcare,4,41.02,5,0,780,0,0
3762,Tech,18,31.66,3,0,656,1,0
3763,Tech,11,35.97,6,0,605,0,0
3764,Retail,4,2.62,1,2,813,1,0
3765,Healthcare,24,37.33,3,0,768,0,1
3766,Consulting,14,24.57,7,2,753,0,0
3767,Manufacturing,18,16.23,3,0,681,0,0
3768,Retail,8,7.42,5,2,630,0,0
3769,Tech,10,4.22,5,0,570,0,0
3770,Retail,5,2.72,4,0,591,0,0
3771,Retail,23,8.51,6,2,715,0,0
3772,Retail,7,1.99,2,0,636,0,0
3773,Retail,12,36.77,3,1,705,0,0
3774,Manufacturing,3,12.81,7,0,705,0,0
3775,Healthcare,4,18.75,0,0,641,0,0
3776,Consulting,10,41.22,5,0,674,1,0
3777,Retail,4,6.18,5,0,647,0,0
3778,Retail,15,41.86,4,0,700,0,1
3779,Retail,10,32.16,2,0,693,1,0
3780,Healthcare,21,17.43,5,0,758,0,0
3781,Tech,22,6.33,6,0,676,0,0
3782,Tech,16,5.03,4,0,733,0,0
3783,Manufacturing,15,17.11,6,0,706,1,0
3784,Tech,19,7.45,8,0,761,0,0
3785,Retail,20,13.75,4,0,685,0,0
3786,Retail,19,3.12,4,0,633,0,0
3787,Retail,18,29.95,6,0,647,0,0
3788,Manufacturing,12,7.69,11,0,660,0,0
3789,Retail,16,37.96,6,0,775,0,1
3790,Tech,1,11.3,10,2,752,0,1
3791,Healthcare,16,40.0,4,0,715,0,0
3792,Healthcare,2,9.9,3,1,672,0,0
3793,Consulting,24,36.21,9,0,842,0,0
3794,Tech,15,16.99,12,0,619,0,0
3795,Retail,7,29.36,5,1,677,0,1
3796,Healthcare,1,2.41,4,0,779,0,0
3797,Tech,5,25.01,6,1,717,0,0
3798,Healthcare,10,7.86,4,0,827,0,0
3799,Retail,22,24.57,5,0,690,0,0
3800,Healthcare,21,7.5,5,0,650,1,0
3801,Consulting,4,22.14,3,0,691,0,0
3802,Consulting,14,5.98,6,0,718,0,0
3803,Healthcare,13,11.39,2,0,622,0,0
3804,Tech,1,29.96,6,2,685,0,1
3805,Tech,16,48.84,7,0,693,0,0
3806,Tech,23,22.73,3,0,694,0,0
3807,Healthcare,9,34.52,5,0,654,0,0
3808,Tech,22,27.2,4,0,589,0,0
3809,Retail,16,25.17,6,0,649,0,0
3810,Consulting,19,3.7,5,0,658,0,0
3811,Retail,15,7.64,3,0,756,0,0
3812,Tech,14,44.21,6,0,719,0,1
3813,Retail,20,20.8,4,1,792,1,0
3814,Tech,10,30.91,11,1,702,0,1
3815,Healthcare,21,26.65,5,1,722,1,1
3816,Retail,12,19.25,10,0,712,0,1
3817,Healthcare,1,19.7,4,0,654,0,1
3818,Healthcare,21,28.0,9,2,746,0,0
3819,Manufacturing,17,7.49,4,1,730,0,0
3820,Tech,9,19.67,6,1,765,1,0
3821,Consulting,23,22.63,5,0,707,0,0
3822,Tech,19,49.26,5,0,718,1,0
3823,Consulting,18,17.9,4,0,746,0,1
3824,Tech,7,32.41,3,0,716,1,0
3825,Healthcare,9,7.3,8,0,665,0,0
3826,Retail,22,3.74,12,0,748,1,1
3827,Retail,21,43.64,9,0,807,1,1
3828,Manufacturing,12,36.67,5,1,699,0,1
3829,Consulting,7,16.22,5,0,733,1,0
3830,Consulting,14,25.48,0,0,636,0,0
3831,Consulting,15,7.22,3,1,655,0,0
3832,Healthcare,15,35.5,4,0,745,1,0
3833,Consulting,6,3.98,5,0,686,0,0
3834,Retail,21,37.97,6,0,696,0,1
3835,Healthcare,14,27.57,9,0,726,0,1
3836,Tech,2,14.3,6,0,666,0,0
3837,Consulting,8,43.2,4,2,747,0,0
3838,Consulting,13,49.31,6,0,724,0,1
3839,Tech,23,13.09,5,1,755,1,0
3840,Consulting,6,40.41,6,0,781,0,0
3841,Tech,5,37.63,9,2,726,0,1
3842,Healthcare,5,37.49,8,0,714,0,1
3843,Retail,1,47.88,8,0,671,0,0
3844,Tech,9,24.59,3,1,715,1,0
3845,Manufacturing,6,33.87,8,0,699,0,1
3846,Tech,20,41.28,4,0,692,0,0
3847,Consulting,7,24.24,5,0,705,1,0
3848,Healthcare,9,24.33,9,0,721,0,0
3849,Healthcare,5,16.27,3,1,673,0,0
3850,Tech,14,39.15,1,0,700,0,1
3851,Retail,5,34.47,4,1,714,1,1
3852,Manufacturing,8,22.83,4,2,769,0,1
3853,Healthcare,7,21.26,5,0,723,0,0
3854,Consulting,13,4.09,1,0,715,0,0
3855,Consulting,13,0.82,5,2,732,0,0
3856,Retail,8,26.68,0,0,807,0,0
3857,Healthcare,11,21.17,2,0,725,0,0
3858,Tech,18,39.9,3,0,720,0,0
3859,Consulting,19,27.36,4,0,770,0,1
3860,Retail,6,46.87,3,1,736,0,0
3861,Healthcare,22,10.21,6,0,616,1,0
3862,Healthcare,2,49.51,6,0,644,0,1
3863,Healthcare,13,15.25,3,0,725,0,0
3864,Healthcare,23,32.3,3,0,638,0,0
3865,Healthcare,11,25.34,2,0,726,0,0
3866,Consulting,1,18.3,6,0,751,1,0
3867,Retail,24,7.4,3,0,704,1,0
3868,Healthcare,2,7.17,3,0,699,0,0
3869,Manufacturing,17,35.72,4,1,695,0,0
3870,Manufacturing,8,19.19,7,0,718,0,0
3871,Retail,2,48.08,3,0,632,0,0
3872,Tech,6,16.62,7,0,731,0,0
3873,Tech,22,49.18,4,0,752,0,0
3874,Tech,5,10.67,3,0,767,0,0
3875,Manufacturing,16,5.59,7,0,624,0,0
3876,Tech,8,15.97,9,0,771,0,1
3877,Consulting,19,44.34,4,1,706,0,0
3878,Healthcare,16,26.33,6,1,720,0,1
3879,Manufacturing,13,7.21,5,1,712,0,0
3880,Retail,20,10.52,6,0,678,0,0
3881,Retail,7,15.91,4,0,642,1,0
3882,Healthcare,16,29.71,6,0,638,0,0
3883,Manufacturing,23,16.95,5,1,732,0,1
3884,Tech,16,37.48,6,0,639,0,1
3885,Tech,12,31.01,3,1,704,0,0
3886,Consulting,14,43.75,6,0,737,0,1
3887,Consulting,24,25.3,5,0,667,0,0
3888,Tech,18,16.89,4,0,792,0,1
3889,Retail,18,49.82,7,1,688,0,0
3890,Retail,16,18.1,3,0,711,0,0
3891,Consulting,20,21.72,6,0,688,0,0
3892,Healthcare,16,40.55,7,0,662,0,1
3893,Tech,13,4.89,6,0,755,1,0
3894,Consulting,9,19.63,6,0,670,0,0
3895,Consulting,9,4.74,7,0,673,0,0
3896,Tech,13,7.4,1,0,629,0,0
3897,Tech,4,0.73,3,0,685,0,0
3898,Retail,9,0.97,4,1,667,0,0
3899,Healthcare,15,19.32,9,0,788,0,0
3900,Healthcare,14,40.55,6,0,737,0,0
3901,Tech,19,29.56,7,1,666,0,1
3902,Manufacturing,12,31.93,3,0,711,0,0
3903,Consulting,21,26.2,4,0,673,0,0
3904,Consulting,6,41.08,5,1,666,0,0
3905,Tech,3,44.08,4,0,614,0,0
3906,Manufacturing,22,42.56,7,1,657,0,1
3907,Retail,20,40.7,4,0,744,0,0
3908,Tech,16,9.54,6,0,701,0,0
3909,Tech,20,29.9,3,0,694,0,1
3910,Consulting,24,29.32,1,0,677,0,0
3911,Tech,23,26.63,5,2,679,0,0
3912,Tech,17,24.3,5,1,759,1,0
3913,Tech,16,4.91,6,0,712,0,0
3914,Consulting,6,5.56,7,0,736,0,0
3915,Retail,8,45.16,6,0,713,0,1
3916,Retail,19,31.69,6,0,740,0,1
3917,Tech,2,13.48,3,0,742,0,0
3918,Consulting,14,14.33,2,0,675,0,0
3919,Retail,22,30.7,6,0,724,0,0
3920,Retail,12,20.64,4,0,741,0,0
3921,Retail,17,22.35,4,0,679,0,0
3922,Consulting,15,3.5,5,2,686,1,0
3923,Consulting,18,7.37,2,0,777,1,0
3924,Tech,16,19.97,8,0,759,0,1
3925,Healthcare,13,35.13,6,0,695,0,0
3926,Retail,21,2.88,1,0,719,1,0
3927,Healthcare,17,17.06,6,1,730,0,0
3928,Consulting,8,34.91,1,0,718,0,0
3929,Consulting,1,39.71,9,1,679,0,0
3930,Consulting,3,9.92,6,0,765,0,0
3931,Healthcare,16,36.71,5,0,669,0,0
3932,Consulting,2,47.79,5,0,768,0,1
3933,Tech,15,45.39,3,0,718,0,0
3934,Consulting,1,39.57,3,1,700,0,0
3935,Manufacturing,9,35.76,5,1,699,0,0
3936,Healthcare,16,12.14,5,0,719,0,1
3937,Manufacturing,4,31.88,7,2,750,0,0
3938,Consulting,12,32.34,4,1,750,0,1
3939,Tech,1,20.64,6,1,745,0,0
3940,Retail,1,24.9,2,0,563,0,0
3941,Consulting,7,34.85,6,1,600,0,0
3942,Tech,18,47.63,4,2,611,0,0
3943,Healthcare,23,15.12,5,1,723,0,1
3944,Manufacturing,23,12.69,6,0,742,0,0
3945,Manufacturing,15,30.29,11,0,744,1,1
3946,Manufacturing,13,6.97,7,0,744,0,0
3947,Healthcare,16,29.34,8,0,711,0,0
3948,Tech,7,4.9,3,1,737,0,0
3949,Healthcare,16,24.78,8,0,776,0,0
3950,Manufacturing,13,31.21,6,0,687,0,0
3951,Consulting,14,3.97,5,0,732,0,0
3952,Retail,17,10.74,4,0,670,0,0
3953,Healthcare,12,17.1,9,0,762,1,0
3954,Healthcare,24,18.75,2,0,628,0,0
3955,Tech,24,33.97,4,0,653,0,0
3956,Tech,20,26.69,8,0,693,0,0
3957,Healthcare,13,19.41,8,1,709,0,0
3958,Manufacturing,24,22.81,6,0,653,0,0
3959,Retail,20,1.14,3,2,826,0,0
3960,Tech,15,38.64,8,0,791,0,0
3961,Manufacturing,24,2.53,8,0,676,1,0
3962,Consulting,21,41.55,6,0,687,0,0
3963,Tech,4,27.28,7,0,669,0,0
3964,Manufacturing,22,26.63,4,2,732,0,0
3965,Manufacturing,2,35.38,5,0,634,0,1
3966,Retail,18,43.05,6,0,770,0,0
3967,Retail,2,47.16,6,0,763,0,0
3968,Consulting,15,27.4,3,0,731,1,0
3969,Manufacturing,19,7.96,2,1,694,0,1
3970,Manufacturing,15,43.99,9,0,632,0,0
3971,Retail,20,2.51,10,1,626,0,0
3972,Tech,10,40.46,4,1,651,0,1
3973,Tech,24,34.18,9,1,746,0,0
3974,Healthcare,20,45.28,8,0,748,0,1
3975,Retail,11,44.92,4,0,667,0,1
3976,Healthcare,10,3.13,6,1,757,0,0
3977,Retail,23,30.67,4,2,735,1,1
3978,Consulting,5,6.67,2,0,595,0,0
3979,Manufacturing,9,4.38,4,0,667,0,0
3980,Consulting,20,22.69,8,1,674,0,0
3981,Retail,19,5.33,5,0,750,0,0
3982,Manufacturing,13,36.53,2,0,719,0,0
3983,Tech,18,48.46,4,1,765,0,1
3984,Tech,17,28.69,4,0,772,0,0
3985,Healthcare,6,12.14,3,0,749,1,0
3986,Retail,10,42.24,9,1,698,0,1
3987,Retail,2,42.73,4,0,704,0,1
3988,Tech,24,36.77,7,0,721,0,1
3989,Consulting,6,30.95,4,0,687,0,0
3990,Manufacturing,21,43.46,7,0,565,0,0
3991,Consulting,13,8.58,8,0,734,0,0
3992,Consulting,18,46.61,5,0,719,0,0
3993,Tech,7,47.39,6,0,762,1,1
3994,Tech,2,43.66,2,0,644,0,0
3995,Tech,14,12.91,2,1,653,1,0
3996,Healthcare,5,42.98,5,2,792,0,1
3997,Consulting,18,25.13,8,0,616,0,0
3998,Retail,11,29.95,5,0,644,1,0
3999,Manufacturing,10,42.11,5,0,725,0,0
4000,Healthcare,11,1.96,5,0,613,0,0
4001,Retail,2,18.47,4,0,640,0,0
4002,Consulting,15,40.88,9,1,720,0,1
4003,Tech,7,40.79,7,1,668,0,1
4004,Consulting,9,42.51,5,0,681,1,1
4005,Manufacturing,5,8.88,5,1,713,0,0
4006,Healthcare,7,35.44,9,0,736,1,0
4007,Healthcare,20,7.75,4,2,739,0,0
4008,Manufacturing,2,39.36,5,0,705,0,0
4009,Retail,3,12.63,4,2,709,0,0
4010,Retail,2,37.02,2,0,772,0,0
4011,Healthcare,21,23.02,8,1,737,0,1
4012,Healthcare,22,49.32,5,1,741,0,1
4013,Tech,23,29.2,5,1,709,0,0
4014,Retail,19,31.81,8,1,733,0,0
4015,Manufacturing,4,18.72,6,0,737,0,0
4016,Retail,24,36.86,5,0,654,0,0
4017,Tech,20,25.0,8,0,698,0,0
4018,Healthcare,7,1.39,6,1,626,0,1
4019,Healthcare,22,30.62,8,0,758,0,1
4020,Tech,7,41.61,2,0,597,0,1
4021,Manufacturing,17,12.22,7,0,723,0,0
4022,Healthcare,19,11.44,5,1,753,0,0
4023,Consulting,22,30.64,2,0,631,0,0
4024,Healthcare,16,40.99,7,1,639,0,1
4025,Consulting,3,12.86,1,1,703,0,0
4026,Tech,15,46.65,1,0,626,0,0
4027,Tech,14,46.41,3,0,703,0,0
4028,Healthcare,15,10.43,7,0,793,1,1
4029,Retail,14,13.56,9,0,701,1,0
4030,Consulting,7,35.18,1,1,757,1,0
4031,Manufacturing,3,47.61,2,1,717,1,0
4032,Healthcare,17,35.64,3,0,727,1,1
4033,Manufacturing,10,22.52,9,0,605,1,0
4034,Healthcare,15,8.87,2,0,693,0,0
4035,Retail,6,23.32,5,0,735,0,1
4036,Retail,17,30.54,5,0,752,0,0
4037,Retail,17,16.88,2,0,780,0,0
4038,Retail,14,25.76,2,0,667,1,1
4039,Tech,24,6.95,5,2,681,1,0
4040,Tech,18,22.88,3,0,673,0,0
4041,Consulting,5,4.99,6,1,667,0,0
4042,Manufacturing,8,2.93,1,1,719,0,0
4043,Healthcare,7,42.93,9,0,709,0,1
4044,Healthcare,23,10.65,4,0,741,0,0
4045,Tech,4,28.97,6,2,611,0,1
4046,Healthcare,18,7.87,4,0,672,1,0
4047,Tech,5,13.5,3,0,781,0,0
4048,Consulting,16,18.39,3,0,710,0,0
4049,Manufacturing,14,7.61,1,0,686,1,0
4050,Consulting,19,2.78,7,2,730,1,0
4051,Retail,14,43.92,6,1,647,0,0
4052,Retail,9,1.09,8,0,764,1,0
4053,Retail,6,3.54,6,0,683,0,0
4054,Consulting,17,40.35,6,0,607,0,1
4055,Healthcare,19,14.46,3,0,767,0,0
4056,Manufacturing,12,36.28,3,0,755,0,0
4057,Retail,4,7.74,3,2,678,0,0
4058,Retail,16,12.25,10,0,757,1,1
4059,Retail,11,28.85,11,1,741,0,1
4060,Manufacturing,22,49.44,6,0,775,0,0
4061,Retail,4,4.14,5,0,695,0,0
4062,Manufacturing,17,20.33,7,2,709,1,1
4063,Retail,8,2.63,4,0,783,0,0
4064,Consulting,14,10.36,6,0,575,0,0
4065,Consulting,2,45.42,9,0,687,1,1
4066,Manufacturing,11,5.27,8,0,756,0,0
4067,Consulting,11,42.91,1,1,645,1,1
4068,Manufacturing,24,9.3,7,0,708,0,0
4069,Consulting,22,43.16,7,0,678,0,0
4070,Consulting,24,27.13,4,0,638,0,0
4071,Manufacturing,6,43.97,6,1,679,1,0
4072,Healthcare,21,8.01,6,0,709,0,1
4073,Consulting,21,38.22,2,0,744,0,0
4074,Retail,14,34.19,5,0,799,0,1
4075,Healthcare,10,27.38,5,1,673,0,0
4076,Manufacturing,8,40.62,6,0,728,0,0
4077,Healthcare,7,32.59,8,0,764,0,0
4078,Tech,8,43.91,3,0,718,0,0
4079,Tech,8,19.36,4,0,651,0,0
4080,Consulting,23,29.7,5,0,757,1,1
4081,Consulting,2,43.59,6,0,772,0,1
4082,Retail,16,11.13,5,1,736,0,1
4083,Healthcare,9,24.54,5,0,680,0,1
4084,Tech,13,48.06,6,0,695,1,0
4085,Consulting,23,23.94,9,1,599,0,1
4086,Healthcare,12,13.02,6,0,713,1,0
4087,Consulting,22,17.88,7,0,753,1,0
4088,Consulting,17,44.31,6,1,642,0,0
4089,Tech,2,47.77,6,0,702,1,1
4090,Tech,13,47.53,7,1,670,0,0
4091,Consulting,1,35.1,2,0,768,0,0
4092,Manufacturing,19,25.73,8,1,740,0,1
4093,Consulting,11,9.54,3,0,753,1,0
4094,Consulting,5,6.6,3,0,703,0,0
4095,Retail,1,3.46,4,0,725,1,0
4096,Retail,20,1.38,8,0,642,0,0
4097,Retail,13,43.97,5,0,701,0,1
4098,Manufacturing,8,40.55,5,0,659,0,0
4099,Manufacturing,6,28.61,9,0,658,0,0
4100,Consulting,17,49.94,3,0,645,1,0
4101,Retail,12,47.68,6,0,635,0,1
4102,Manufacturing,1,32.93,8,2,668,0,1
4103,Tech,3,23.5,11,1,716,0,0
4104,Consulting,14,8.03,4,2,697,0,0
4105,Healthcare,8,26.02,6,0,789,0,1
4106,Consulting,11,8.31,4,1,759,0,0
4107,Healthcare,14,20.22,4,0,732,0,0
4108,Retail,8,47.16,7,0,720,0,1
4109,Healthcare,3,17.43,8,0,676,0,0
4110,Retail,7,8.06,3,0,755,0,0
4111,Tech,19,29.33,5,0,678,0,1
4112,Healthcare,4,30.32,4,0,724,0,1
4113,Consulting,16,10.09,2,0,784,0,1
4114,Retail,13,10.23,8,0,651,0,1
4115,Consulting,20,49.48,2,2,663,0,1
4116,Manufacturing,19,12.54,5,0,636,0,0
4117,Retail,5,41.99,0,0,618,0,0
4118,Healthcare,23,23.78,3,0,703,0,0
4119,Retail,5,22.03,11,0,739,1,0
4120,Consulting,20,15.1,4,1,745,0,0
4121,Tech,24,38.8,6,0,672,0,0
4122,Retail,4,44.09,5,1,736,0,1
4123,Healthcare,2,13.43,6,0,765,0,0
4124,Manufacturing,13,5.21,8,0,759,0,0
4125,Tech,16,7.28,6,0,636,0,0
4126,Manufacturing,22,39.74,5,0,675,0,1
4127,Retail,2,22.07,9,0,704,0,0
4128,Consulting,19,7.03,3,0,675,0,0
4129,Consulting,17,17.34,4,0,655,0,0
4130,Healthcare,5,25.95,6,1,773,1,1
4131,Consulting,18,42.68,7,0,678,0,0
4132,Tech,23,32.27,5,1,679,0,0
4133,Consulting,21,9.21,3,1,741,0,0
4134,Healthcare,18,8.36,4,1,667,0,0
4135,Retail,8,20.91,3,2,689,1,0
4136,Retail,15,4.22,3,0,642,0,0
4137,Consulting,13,37.9,2,0,748,0,0
4138,Manufacturing,13,20.37,4,1,721,0,1
4139,Retail,16,17.48,2,0,800,0,0
4140,Consulting,22,25.7,3,0,706,0,0
4141,Healthcare,20,35.59,3,0,781,0,0
4142,Consulting,13,28.68,8,0,703,0,1
4143,Retail,20,40.22,4,0,732,0,1
4144,Healthcare,2,31.65,6,0,733,0,1
4145,Consulting,3,39.5,6,0,739,0,1
4146,Tech,15,34.99,6,2,730,0,1
4147,Healthcare,23,10.06,1,0,718,0,0
4148,Tech,19,3.09,3,0,715,0,0
4149,Manufacturing,13,45.22,4,0,749,0,1
4150,Healthcare,5,47.31,3,0,695,0,0
4151,Tech,22,36.48,5,0,689,0,1
4152,Retail,6,36.35,9,1,668,1,0
4153,Retail,14,13.87,6,0,692,0,0
4154,Manufacturing,4,27.35,4,0,737,0,0
4155,Healthcare,22,49.62,7,0,708,0,0
4156,Healthcare,19,42.88,4,1,754,0,0
4157,Healthcare,23,15.57,7,0,678,1,0
4158,Manufacturing,7,15.4,4,1,687,0,0
4159,Healthcare,4,24.44,2,1,649,0,0
4160,Retail,2,20.53,8,0,736,0,1
4161,Tech,7,18.87,3,0,606,0,0
4162,Retail,3,31.54,4,0,767,1,0
4163,Retail,15,1.07,10,0,754,0,0
4164,Tech,1,38.29,6,1,775,1,0
4165,Retail,2,37.13,3,0,717,0,0
4166,Manufacturing,10,41.6,2,0,822,0,0
4167,Tech,16,42.15,2,0,756,0,0
4168,Retail,15,28.54,3,0,749,0,0
4169,Consulting,24,39.11,6,2,722,0,0
4170,Retail,15,24.87,7,0,633,0,0
4171,Manufacturing,14,47.6,3,0,700,0,0
4172,Healthcare,22,9.94,5,1,683,0,0
4173,Retail,14,45.82,5,0,692,1,0
4174,Healthcare,6,13.3,6,0,696,0,1
4175,Consulting,14,5.58,5,0,738,0,0
4176,Retail,17,22.24,6,0,705,0,1
4177,Tech,18,30.94,6,2,645,0,1
4178,Healthcare,20,11.93,7,0,628,0,0
4179,Consulting,19,28.01,2,2,734,0,1
4180,Tech,17,40.49,8,0,657,0,0
4181,Tech,16,13.23,4,2,610,1,0
4182,Tech,8,29.23,4,0,702,1,0
4183,Tech,7,17.3,6,2,727,0,1
4184,Retail,20,26.72,4,0,703,0,0
4185,Retail,12,33.51,5,0,668,0,0
4186,Retail,9,17.85,8,0,788,0,0
4187,Consulting,14,49.73,6,1,641,0,1
4188,Consulting,20,28.41,5,0,723,0,1
4189,Consulting,1,41.31,4,0,727,0,1
4190,Manufacturing,10,36.39,5,1,712,0,1
4191,Consulting,17,42.71,6,0,722,0,0
4192,Retail,17,9.1,1,0,750,0,0
4193,Retail,17,11.52,5,0,669,1,0
4194,Manufacturing,4,24.63,2,1,724,0,0
4195,Manufacturing,17,42.69,10,0,692,0,0
4196,Consulting,18,10.28,3,1,660,0,1
4197,Healthcare,20,48.57,7,0,647,0,1
4198,Manufacturing,23,6.82,10,1,685,0,0
4199,Tech,2,9.17,4,1,720,0,0
4200,Retail,8,8.78,6,0,689,0,0
4201,Tech,13,29.51,6,1,728,1,0
4202,Retail,23,45.92,7,0,732,0,1
4203,Retail,22,13.13,6,1,690,0,0
4204,Manufacturing,20,27.88,7,0,724,0,0
4205,Manufacturing,22,9.2,7,1,817,0,0
4206,Tech,15,31.74,6,1,751,0,0
4207,Retail,20,6.6,8,0,615,0,0
4208,Tech,23,24.82,2,0,793,0,0
4209,Healthcare,9,32.93,3,0,736,0,0
4210,Tech,3,29.17,9,0,657,0,0
4211,Consulting,3,7.43,11,0,676,0,0
4212,Tech,2,8.49,6,1,761,1,0
4213,Consulting,1,33.73,3,0,728,0,0
4214,Consulting,14,40.54,6,0,734,1,0
4215,Consulting,17,45.45,6,1,656,0,1
4216,Healthcare,13,40.77,6,0,689,0,0
4217,Tech,19,48.71,4,0,677,1,0
4218,Tech,23,20.71,5,1,740,0,1
4219,Healthcare,15,16.89,8,1,703,0,0
4220,Retail,14,1.9,5,0,706,0,0
4221,Manufacturing,2,22.77,7,0,707,0,0
4222,Tech,7,32.74,8,0,685,0,0
4223,Manufacturing,17,40.86,3,0,639,1,0
4224,Healthcare,18,13.74,9,0,738,0,0
4225,Retail,6,25.92,5,0,726,0,0
4226,Retail,21,33.27,7,0,697,0,0
4227,Retail,8,27.8,8,0,698,0,1
4228,Healthcare,2,14.06,4,0,681,0,0
4229,Consulting,1,39.92,4,0,751,0,0
4230,Consulting,16,9.08,2,0,711,0,0
4231,Manufacturing,7,45.3,5,1,670,0,0
4232,Consulting,22,47.65,3,0,714,1,1
4233,Consulting,24,18.6,4,0,653,0,0
4234,Retail,11,19.12,3,0,684,0,0
4235,Retail,15,37.29,7,0,709,0,0
4236,Manufacturing,13,23.09,5,0,722,1,0
4237,Tech,24,1.92,7,1,669,1,0
4238,Manufacturing,2,46.03,7,1,679,0,0
4239,Manufacturing,14,21.82,2,0,701,0,0
4240,Healthcare,24,10.57,3,0,646,0,0
4241,Healthcare,6,28.01,2,0,653,0,0
4242,Manufacturing,9,11.34,7,1,686,0,0
4243,Manufacturing,7,10.7,6,0,642,1,1
4244,Manufacturing,18,27.51,5,0,691,1,0
4245,Consulting,24,19.86,6,0,707,0,0
4246,Healthcare,9,28.86,11,1,644,1,1
4247,Manufacturing,23,49.84,7,0,704,0,0
4248,Retail,4,43.02,5,0,620,1,0
4249,Retail,9,0.88,1,0,698,0,0
4250,Consulting,4,3.0,5,2,696,0,0
4251,Consulting,12,30.7,2,0,693,0,0
4252,Tech,4,31.5,9,1,769,0,0
4253,Tech,24,43.97,6,0,762,0,0
4254,Tech,20,31.64,7,0,636,0,0
4255,Consulting,14,11.77,2,0,714,1,0
4256,Consulting,24,23.69,3,1,670,0,1
4257,Consulting,24,40.54,6,0,739,0,0
4258,Retail,7,46.18,6,0,678,1,0
4259,Consulting,13,12.23,2,0,730,0,0
4260,Retail,22,27.21,3,0,718,0,0
4261,Tech,8,8.37,4,0,682,0,0
4262,Tech,23,25.1,3,0,684,0,0
4263,Tech,5,4.96,4,1,721,0,0
4264,Manufacturing,12,47.12,1,0,710,0,1
4265,Manufacturing,13,32.08,5,0,638,0,1
4266,Healthcare,20,42.78,4,0,794,0,0
4267,Healthcare,14,49.92,8,0,731,0,1
4268,Healthcare,18,9.54,5,0,709,0,0
4269,Manufacturing,24,34.86,6,1,736,0,0
4270,Manufacturing,20,44.41,3,2,645,0,1
4271,Healthcare,4,29.01,8,0,639,1,0
4272,Healthcare,21,32.16,4,0,626,0,0
4273,Consulting,18,20.68,5,1,603,0,1
4274,Healthcare,7,33.9,2,0,707,0,0
4275,Consulting,15,20.08,4,0,682,0,0
4276,Retail,21,24.09,9,1,709,0,1
4277,Manufacturing,6,5.59,6,0,696,0,0
4278,Healthcare,16,0.89,0,2,758,0,0
4279,Manufacturing,20,3.23,4,0,697,0,1
4280,Manufacturing,24,10.03,3,1,623,0,0
4281,Manufacturing,8,23.1,4,2,670,0,1
4282,Retail,21,1.54,5,0,820,0,0
4283,Tech,16,8.22,4,2,655,0,0
4284,Healthcare,22,39.18,5,0,726,0,0
4285,Tech,16,38.23,6,0,754,0,0
4286,Tech,3,39.59,4,0,714,1,1
4287,Tech,17,46.12,4,0,630,0,0
4288,Manufacturing,9,6.39,7,0,694,0,0
4289,Consulting,3,8.58,7,1,621,1,0
4290,Manufacturing,20,17.01,0,1,742,1,0
4291,Manufacturing,7,45.8,8,0,700,0,1
4292,Tech,18,38.89,7,0,791,0,0
4293,Manufacturing,12,16.54,2,0,729,0,0
4294,Tech,19,4.84,12,0,579,0,0
4295,Consulting,16,31.01,8,1,681,0,0
4296,Healthcare,22,13.21,5,0,605,0,0
4297,Tech,24,26.79,6,0,774,0,1
4298,Consulting,17,47.12,9,0,636,1,0
4299,Healthcare,20,28.84,8,0,746,1,0
4300,Retail,15,46.23,5,0,738,1,1
4301,Tech,1,19.96,5,1,669,0,0
4302,Tech,2,31.85,3,0,759,0,0
4303,Retail,8,44.75,11,0,706,0,0
4304,Retail,22,29.61,3,0,820,0,0
4305,Tech,2,30.94,4,2,631,0,1
4306,Retail,19,35.96,5,0,765,0,0
4307,Manufacturing,9,44.16,6,0,730,0,0
4308,Healthcare,9,4.86,4,0,658,0,0
4309,Healthcare,13,17.17,4,0,771,0,0
4310,Healthcare,6,20.19,2,0,662,0,0
4311,Manufacturing,15,45.53,4,0,771,0,0
4312,Retail,19,47.82,2,0,647,0,0
4313,Consulting,21,6.46,2,2,718,0,0
4314,Retail,15,6.4,5,0,708,1,0
4315,Tech,18,46.78,3,2,805,0,1
4316,Healthcare,7,15.14,3,0,699,0,0
4317,Retail,11,12.47,5,0,617,0,0
4318,Consulting,8,2.26,5,0,686,0,0
4319,Tech,6,14.14,9,0,637,0,0
4320,Manufacturing,8,34.83,6,0,800,0,0
4321,Manufacturing,2,21.59,11,0,693,0,0
4322,Consulting,19,26.09,10,0,654,0,0
4323,Tech,16,45.91,4,0,680,0,0
4324,Healthcare,7,6.18,4,0,794,0,0
4325,Retail,10,4.03,6,2,785,0,0
4326,Tech,12,42.67,3,2,729,0,0
4327,Manufacturing,17,38.86,8,1,653,0,0
4328,Consulting,7,13.55,8,0,700,0,0
4329,Consulting,22,16.55,8,0,651,0,1
4330,Retail,8,15.86,4,0,730,1,0
4331,Consulting,7,32.57,5,1,650,0,0
4332,Consulting,4,3.53,3,0,755,1,0
4333,Tech,3,24.73,2,2,663,1,0
4334,Healthcare,19,7.13,8,0,703,0,0
4335,Retail,15,41.08,1,0,719,1,0
4336,Tech,4,19.34,6,0,689,0,0
4337,Healthcare,9,26.61,9,0,744,0,0
4338,Tech,13,1.95,7,0,702,0,0
4339,Tech,18,3.38,2,0,694,0,0
4340,Consulting,21,33.92,3,0,710,1,0
4341,Healthcare,16,38.46,1,1,713,1,0
4342,Retail,1,35.65,3,0,734,0,0
4343,Retail,4,36.98,7,0,586,0,1
4344,Healthcare,18,5.68,6,0,752,1,0
4345,Consulting,8,34.83,4,2,670,0,1
4346,Manufacturing,20,9.5,3,2,626,0,0
4347,Tech,16,5.35,2,1,637,0,0
4348,Consulting,21,37.98,4,1,770,0,0
4349,Healthcare,11,44.53,2,0,731,1,0
4350,Tech,20,35.98,5,0,596,0,0
4351,Retail,21,40.38,4,0,706,0,1
4352,Manufacturing,21,49.56,8,2,675,0,1
4353,Retail,21,7.17,7,0,696,0,0
4354,Healthcare,19,48.28,2,0,606,1,0
4355,Tech,23,30.26,2,0,723,0,1
4356,Healthcare,19,40.76,3,0,726,0,1
4357,Tech,18,32.68,8,0,691,0,0
4358,Consulting,19,28.72,5,2,696,0,0
4359,Manufacturing,11,35.33,7,0,655,0,0
4360,Consulting,3,16.35,9,1,685,0,1
4361,Consulting,8,46.25,10,1,762,0,0
4362,Healthcare,20,6.21,5,0,687,1,0
4363,Manufacturing,19,16.24,7,0,750,0,0
4364,Tech,10,2.04,7,0,671,0,0
4365,Tech,16,13.93,7,2,710,0,0
4366,Retail,5,11.3,6,0,710,0,0
4367,Tech,20,2.96,3,0,684,0,0
4368,Healthcare,9,24.84,7,0,775,0,0
4369,Consulting,8,23.7,4,0,722,0,1
4370,Consulting,11,4.35,7,0,746,0,0
4371,Consulting,16,13.46,3,0,658,0,0
4372,Manufacturing,7,47.69,3,1,784,0,0
4373,Tech,15,5.98,5,0,685,1,0
4374,Healthcare,24,15.6,4,0,744,0,0
4375,Manufacturing,21,2.28,3,0,677,0,0
4376,Retail,20,7.87,8,0,658,0,0
4377,Healthcare,23,35.12,3,0,772,0,0
4378,Healthcare,17,18.65,5,2,671,0,0
4379,Healthcare,6,22.88,4,2,712,1,0
4380,Consulting,15,8.27,4,1,667,0,0
4381,Healthcare,8,34.27,0,1,600,0,0
4382,Tech,7,37.7,6,0,706,0,0
4383,Healthcare,2,9.47,8,0,779,0,0
4384,Consulting,13,2.73,4,0,658,0,0
4385,Healthcare,23,4.51,3,0,665,0,0
4386,Retail,6,33.02,1,0,708,0,0
4387,Retail,5,7.21,4,0,714,0,0
4388,Consulting,20,24.95,4,2,670,0,0
4389,Tech,1,8.06,7,2,634,0,0
4390,Tech,18,8.92,2,0,721,0,0
4391,Manufacturing,15,0.72,9,2,671,0,1
4392,Consulting,23,16.38,6,0,743,0,0
4393,Healthcare,10,4.94,2,1,654,1,0
4394,Consulting,3,20.0,4,0,679,0,1
4395,Manufacturing,5,30.09,4,0,653,0,0
4396,Consulting,24,18.69,6,2,698,0,0
4397,Consulting,13,35.4,3,0,660,0,0
4398,Manufacturing,8,37.2,4,0,729,0,0
4399,Tech,22,34.98,1,2,691,0,0
4400,Healthcare,21,46.87,4,0,712,1,0
4401,Manufacturing,2,12.25,7,0,709,0,0
4402,Retail,9,9.88,8,1,648,0,0
4403,Tech,17,30.68,8,1,785,0,0
4404,Retail,18,29.95,6,0,763,0,0
4405,Tech,13,25.75,3,0,660,0,0
4406,Healthcare,1,0.72,4,0,630,0,0
4407,Healthcare,12,27.98,3,1,691,0,0
4408,Consulting,20,46.67,8,0,654,0,0
4409,Retail,20,17.06,6,0,680,0,0
4410,Tech,21,48.4,5,1,683,0,0
4411,Healthcare,5,18.16,6,2,622,0,0
4412,Manufacturing,8,7.42,12,0,641,0,0
4413,Healthcare,15,20.22,7,0,634,0,0
4414,Manufacturing,3,24.98,10,0,733,0,1
4415,Tech,6,31.66,7,2,678,0,1
4416,Healthcare,13,25.49,10,1,740,0,0
4417,Healthcare,12,27.07,1,0,625,0,0
4418,Tech,19,1.69,5,0,712,0,0
4419,Healthcare,18,13.05,7,0,717,0,0
4420,Manufacturing,24,15.88,7,0,706,1,0
4421,Healthcare,1,49.36,2,1,731,0,1
4422,Retail,7,15.13,7,0,661,0,0
4423,Consulting,12,44.88,4,0,736,1,1
4424,Manufacturing,10,15.58,5,0,659,0,0
4425,Retail,12,5.26,7,1,676,0,0
4426,Tech,11,12.76,4,0,727,0,0
4427,Manufacturing,4,14.01,4,0,764,0,0
4428,Consulting,19,48.92,3,2,618,0,1
4429,Consulting,6,33.88,5,1,645,0,0
4430,Tech,9,46.62,7,0,708,0,0
4431,Tech,20,41.83,6,0,755,0,0
4432,Manufacturing,10,29.14,6,0,577,1,0
4433,Healthcare,5,33.93,8,0,601,0,0
4434,Tech,13,31.43,3,0,785,0,0
4435,Healthcare,9,33.48,7,1,825,1,0
4436,Retail,2,13.61,8,1,709,1,0
4437,Consulting,18,20.7,6,0,675,0,0
4438,Healthcare,21,29.83,2,2,691,0,0
4439,Consulting,1,2.28,5,0,614,0,0
4440,Healthcare,24,24.4,5,0,698,0,0
4441,Retail,21,43.06,7,0,613,0,0
4442,Tech,12,24.87,4,1,653,0,0
4443,Retail,10,27.84,5,0,686,0,0
4444,Tech,2,10.49,7,0,711,0,0
4445,Tech,9,39.82,2,0,751,0,0
4446,Consulting,2,18.26,2,0,618,1,0
4447,Retail,23,47.85,5,0,840,1,1
4448,Healthcare,24,49.69,3,0,700,0,0
4449,Retail,22,45.84,5,0,626,0,0
4450,Consulting,14,4.7,7,0,748,0,0
4451,Tech,11,16.99,6,0,724,0,0
4452,Consulting,23,47.28,1,0,646,0,0
4453,Manufacturing,11,40.32,6,0,649,0,1
4454,Manufacturing,17,45.6,4,0,741,0,0
4455,Healthcare,4,28.84,7,2,668,0,1
4456,Consulting,13,24.28,6,1,651,0,0
4457,Healthcare,7,5.77,3,2,704,0,0
4458,Healthcare,16,42.05,2,1,635,0,0
4459,Manufacturing,1,37.38,4,0,784,0,0
4460,Healthcare,13,3.41,3,0,712,0,0
4461,Manufacturing,1,10.87,4,1,712,0,0
4462,Tech,11,28.09,4,2,631,0,0
4463,Consulting,6,34.38,1,1,664,0,0
4464,Healthcare,20,7.31,8,0,754,0,0
4465,Manufacturing,3,12.62,6,0,666,0,0
4466,Retail,12,10.06,6,0,653,1,0
4467,Healthcare,5,11.39,5,0,652,0,0
4468,Tech,9,46.08,3,0,653,0,1
4469,Tech,12,35.93,5,0,699,0,0
4470,Retail,10,36.99,3,0,662,0,1
4471,Manufacturing,19,39.8,6,0,682,1,1
4472,Healthcare,5,18.15,6,0,744,0,0
4473,Manufacturing,5,38.48,7,0,699,0,1
4474,Tech,9,48.93,1,2,777,0,0
4475,Manufacturing,20,35.07,4,1,662,0,0
4476,Tech,17,21.13,5,0,634,0,0
4477,Manufacturing,10,35.96,7,1,757,0,0
4478,Retail,21,45.09,3,0,712,0,0
4479,Consulting,1,6.87,4,1,698,1,0
4480,Retail,22,13.63,4,1,686,1,0
4481,Retail,16,46.01,5,0,654,1,0
4482,Consulting,15,47.34,4,1,580,0,0
4483,Consulting,23,24.46,2,2,744,0,0
4484,Healthcare,17,19.04,3,0,745,1,0
4485,Healthcare,20,14.5,6,0,649,0,0
4486,Retail,13,25.19,2,0,628,0,0
4487,Retail,1,46.76,3,0,667,0,0
4488,Tech,8,7.92,8,0,627,0,0
4489,Tech,5,21.28,8,0,763,0,0
4490,Healthcare,6,45.62,5,0,638,0,0
4491,Healthcare,23,17.78,8,0,741,0,0
4492,Tech,20,38.52,4,0,654,0,1
4493,Tech,14,19.77,4,1,739,0,0
4494,Manufacturing,22,40.34,3,0,725,0,0
4495,Manufacturing,23,49.06,3,2,779,0,1
4496,Tech,11,19.7,5,0,639,1,0
4497,Manufacturing,6,42.33,5,1,636,0,0
4498,Consulting,11,49.43,4,0,667,0,0
4499,Healthcare,13,49.2,6,1,815,0,1
4500,Healthcare,12,21.97,8,0,661,1,0
4501,Tech,22,24.55,9,0,696,0,0
4502,Retail,2,15.52,4,0,709,0,0
4503,Tech,21,16.04,8,0,683,0,0
4504,Manufacturing,3,24.88,4,0,755,1,0
4505,Retail,23,10.43,6,0,698,0,0
4506,Manufacturing,4,35.7,4,0,754,0,1
4507,Consulting,17,27.05,6,1,780,0,0
4508,Manufacturing,22,44.95,4,0,710,1,1
4509,Consulting,6,40.62,9,0,682,0,0
4510,Consulting,7,16.46,7,1,728,1,1
4511,Manufacturing,15,25.54,5,0,759,0,0
4512,Manufacturing,11,37.65,5,0,669,0,0
4513,Consulting,24,10.06,3,0,737,1,0
4514,Retail,3,2.06,4,0,707,0,0
4515,Consulting,6,42.69,4,0,701,0,1
4516,Healthcare,2,7.31,7,0,538,1,0
4517,Consulting,14,44.53,5,0,743,0,0
4518,Retail,9,45.72,3,0,706,0,0
4519,Healthcare,18,23.3,4,0,700,0,1
4520,Tech,19,40.44,4,2,664,0,0
4521,Tech,12,18.48,4,1,625,0,0
4522,Retail,13,42.98,7,0,652,0,0
4523,Consulting,12,41.32,3,0,652,0,0
4524,Manufacturing,12,4.39,6,0,762,0,0
4525,Retail,18,29.34,5,0,656,0,0
4526,Healthcare,9,32.18,11,0,671,0,0
4527,Healthcare,17,0.54,5,2,727,0,0
4528,Tech,21,49.01,6,0,769,0,0
4529,Healthcare,16,20.63,2,1,720,1,0
4530,Retail,17,26.11,6,0,794,0,0
4531,Healthcare,21,10.14,5,0,757,1,0
4532,Retail,24,30.74,4,0,748,0,0
4533,Manufacturing,8,40.63,3,0,738,0,0
4534,Tech,11,29.5,1,1,735,0,0
4535,Healthcare,24,39.51,4,0,653,0,0
4536,Retail,2,36.69,5,0,659,1,0
4537,Consulting,8,12.26,4,0,702,0,0
4538,Tech,12,22.07,1,0,789,0,0
4539,Manufacturing,21,7.86,8,0,662,0,0
4540,Retail,1,2.58,3,0,679,0,0
4541,Manufacturing,23,3.62,8,0,660,1,0
4542,Manufacturing,13,47.15,2,0,707,0,0
4543,Healthcare,22,49.23,5,0,719,0,1
4544,Healthcare,21,5.2,4,0,673,0,0
4545,Retail,17,17.09,3,0,730,0,0
4546,Consulting,14,6.16,6,0,716,0,0
4547,Retail,14,41.79,4,0,656,0,0
4548,Consulting,16,25.07,3,0,769,1,0
4549,Manufacturing,17,31.25,3,1,710,1,0
4550,Tech,6,27.23,3,0,824,1,0
4551,Retail,7,35.66,3,0,765,0,0
4552,Retail,1,16.3,3,0,704,0,0
4553,Consulting,15,7.31,10,0,687,0,0
4554,Manufacturing,20,1.37,10,0,779,0,0
4555,Manufacturing,21,22.56,6,0,668,1,0
4556,Consulting,18,45.44,5,0,633,0,0
4557,Manufacturing,13,15.61,3,0,693,0,0
4558,Healthcare,24,10.2,6,0,598,0,1
4559,Tech,2,46.34,4,0,713,0,0
4560,Retail,19,5.72,6,2,706,1,0
4561,Tech,15,3.06,5,2,643,0,1
4562,Retail,12,44.03,0,0,737,1,0
4563,Healthcare,15,35.2,8,1,741,1,1
4564,Manufacturing,18,21.39,6,0,621,0,0
4565,Consulting,14,37.74,3,2,749,0,1
4566,Healthcare,6,37.2,7,0,743,0,0
4567,Tech,12,2.48,5,0,707,0,0
4568,Consulting,20,33.97,4,0,661,0,0
4569,Manufacturing,23,32.22,2,0,676,0,0
4570,Healthcare,6,48.21,6,0,724,0,0
4571,Consulting,9,48.35,4,0,664,0,0
4572,Healthcare,4,19.2,6,1,782,0,1
4573,Healthcare,17,29.7,3,0,737,1,0
4574,Manufacturing,2,7.5,7,1,797,0,0
4575,Retail,16,3.79,3,0,671,0,0
4576,Consulting,24,21.92,5,0,674,0,1
4577,Manufacturing,14,34.65,4,0,654,0,0
4578,Healthcare,8,28.6,5,0,728,1,0
4579,Manufacturing,14,21.77,2,0,747,0,1
4580,Retail,2,41.0,6,0,689,1,0
4581,Consulting,16,39.82,3,0,663,0,0
4582,Retail,4,36.73,3,0,676,0,0
4583,Tech,1,4.31,3,0,804,0,0
4584,Consulting,23,39.93,5,0,722,0,0
4585,Retail,20,46.01,7,0,850,0,1
4586,Healthcare,14,3.44,4,0,687,0,0
4587,Consulting,8,20.38,6,0,669,0,0
4588,Consulting,3,49.42,4,0,654,0,0
4589,Manufacturing,5,30.16,8,0,753,0,0
4590,Healthcare,6,25.92,10,0,728,1,1
4591,Tech,22,9.28,4,0,769,0,0
4592,Retail,8,28.49,7,0,654,0,1
4593,Manufacturing,6,22.23,5,0,668,0,0
4594,Retail,6,6.81,9,0,653,0,0
4595,Tech,4,23.48,4,0,688,0,0
4596,Tech,7,8.64,10,0,707,0,0
4597,Consulting,24,36.67,3,0,710,0,1
4598,Tech,19,48.7,4,1,667,0,0
4599,Retail,7,23.74,3,0,777,0,1
4600,Healthcare,3,31.8,4,0,700,0,0
4601,Healthcare,8,21.83,8,0,758,0,0
4602,Consulting,1,7.35,5,0,597,0,0
4603,Retail,1,48.54,2,0,675,0,0
4604,Retail,14,6.91,9,0,822,1,0
4605,Tech,6,6.03,1,2,701,1,0
4606,Retail,10,23.23,6,0,668,0,0
4607,Manufacturing,14,33.11,2,1,738,0,0
4608,Tech,4,18.07,7,0,697,0,0
4609,Manufacturing,6,10.03,6,0,785,0,1
4610,Consulting,16,41.04,5,0,633,0,0
4611,Healthcare,21,18.47,5,0,626,0,1
4612,Consulting,1,10.12,4,0,632,1,0
4613,Healthcare,6,18.57,3,2,735,0,0
4614,Consulting,9,11.12,6,0,678,0,0
4615,Retail,15,26.21,3,0,704,1,1
4616,Manufacturing,12,33.58,4,1,703,0,0
4617,Healthcare,3,40.08,6,0,754,0,0
4618,Tech,11,11.76,8,0,779,1,0
4619,Manufacturing,15,8.76,8,0,771,0,0
4620,Tech,3,1.47,5,0,694,0,0
4621,Manufacturing,14,11.79,5,0,709,0,0
4622,Manufacturing,2,1.68,3,0,789,0,0
4623,Consulting,4,17.6,5,0,772,0,0
4624,Healthcare,19,7.71,8,0,686,1,0
4625,Healthcare,12,29.2,5,0,755,0,0
4626,Manufacturing,2,19.49,3,0,654,1,1
4627,Retail,17,5.13,3,0,615,0,0
4628,Retail,3,20.29,5,1,619,0,0
4629,Tech,10,10.86,5,0,665,0,0
4630,Tech,16,34.17,4,1,694,0,0
4631,Consulting,22,18.54,3,0,741,0,1
4632,Manufacturing,9,7.78,4,0,771,0,0
4633,Tech,11,17.81,8,1,629,1,0
4634,Tech,21,11.61,6,0,707,0,0
4635,Manufacturing,15,39.89,5,1,753,1,1
4636,Consulting,3,49.18,3,0,733,1,1
4637,Tech,16,1.76,9,0,627,1,1
4638,Consulting,21,34.66,5,0,694,0,0
4639,Healthcare,21,13.57,8,0,649,0,1
4640,Consulting,21,3.79,3,2,715,0,0
4641,Retail,12,1.21,3,0,770,0,0
4642,Retail,23,44.11,5,2,623,0,0
4643,Consulting,5,18.0,3,1,708,0,0
4644,Retail,7,49.73,7,1,722,1,0
4645,Healthcare,9,22.4,5,0,769,0,0
4646,Manufacturing,21,9.79,1,0,741,1,0
4647,Retail,18,38.97,7,0,726,0,0
4648,Retail,21,46.36,5,0,662,1,0
4649,Consulting,8,40.87,4,1,740,0,0
4650,Healthcare,12,37.39,7,0,657,0,1
4651,Manufacturing,20,17.07,4,0,701,0,0
4652,Consulting,2,3.69,5,1,749,0,0
4653,Consulting,10,10.46,6,0,700,0,0
4654,Healthcare,19,22.62,7,0,697,0,0
4655,Manufacturing,9,47.83,2,0,732,0,0
4656,Healthcare,24,36.28,7,0,599,0,0
4657,Manufacturing,8,41.5,7,1,789,0,1
4658,Healthcare,24,14.23,1,2,654,0,0
4659,Consulting,24,34.35,9,0,649,0,0
4660,Consulting,24,43.19,3,0,624,1,0
4661,Tech,1,24.23,8,0,736,1,1
4662,Retail,6,21.78,5,0,633,1,0
4663,Healthcare,12,36.11,3,0,729,0,0
4664,Tech,24,28.22,4,0,668,0,0
4665,Retail,19,49.66,6,0,710,0,1
4666,Healthcare,17,21.54,3,0,694,0,0
4667,Manufacturing,2,9.21,5,2,634,1,1
4668,Retail,11,23.86,5,0,704,0,0
4669,Consulting,18,12.14,4,1,659,1,0
4670,Tech,23,28.28,1,2,724,0,0
4671,Retail,22,6.73,6,0,691,0,0
4672,Retail,11,47.52,6,0,719,0,0
4673,Consulting,18,43.06,4,2,658,0,1
4674,Healthcare,8,8.2,3,0,682,0,0
4675,Manufacturing,15,9.03,7,0,731,0,0
4676,Consulting,9,25.87,4,0,768,0,0
4677,Manufacturing,15,38.76,4,0,677,0,1
4678,Healthcare,7,11.34,4,0,719,0,1
4679,Retail,20,3.52,5,0,636,0,0
4680,Manufacturing,13,27.5,5,0,673,0,0
4681,Tech,13,34.73,9,0,635,0,1
4682,Tech,1,12.6,3,0,692,0,0
4683,Consulting,20,37.12,4,1,725,1,1
4684,Healthcare,4,47.56,1,0,726,1,1
4685,Consulting,24,7.29,2,2,769,0,0
4686,Consulting,4,25.8,10,0,658,0,1
4687,Consulting,4,3.31,9,2,616,0,1
4688,Tech,13,10.73,5,0,670,0,0
4689,Tech,2,4.95,7,0,696,0,0
4690,Consulting,23,20.5,7,0,610,0,0
4691,Tech,15,41.13,4,0,649,0,1
4692,Healthcare,4,29.07,6,0,684,0,0
4693,Consulting,6,11.52,5,0,765,0,0
4694,Tech,3,2.49,5,0,734,1,0
4695,Manufacturing,7,27.89,6,0,779,0,0
4696,Consulting,6,7.07,4,0,640,1,0
4697,Consulting,3,17.47,4,0,718,0,0
4698,Healthcare,4,25.75,10,1,703,0,0
4699,Retail,10,45.23,5,1,601,0,1
4700,Retail,21,4.55,12,0,660,1,0
4701,Healthcare,9,33.6,3,0,689,0,1
4702,Healthcare,6,1.2,7,0,745,0,0
4703,Healthcare,20,31.68,1,0,650,0,0
4704,Retail,11,27.8,8,0,718,1,0
4705,Healthcare,7,40.69,3,2,653,0,0
4706,Tech,18,26.82,7,0,766,0,0
4707,Consulting,4,17.95,4,1,676,0,0
4708,Consulting,5,12.52,10,0,682,0,1
4709,Manufacturing,4,4.72,4,1,703,0,0
4710,Manufacturing,4,26.96,8,0,614,0,0
4711,Consulting,13,44.47,8,0,685,0,0
4712,Tech,16,25.98,4,1,724,0,0
4713,Retail,14,37.09,4,0,680,1,0
4714,Retail,11,15.27,3,0,681,0,0
4715,Tech,2,22.68,3,0,618,1,0
4716,Retail,22,16.57,4,0,687,0,0
4717,Healthcare,14,5.91,4,2,733,0,0
4718,Consulting,24,21.14,2,2,770,0,0
4719,Consulting,24,38.33,8,1,648,0,1
4720,Tech,7,20.05,7,0,775,0,0
4721,Retail,11,32.68,7,0,801,0,0
4722,Manufacturing,4,38.05,2,1,699,0,0
4723,Manufacturing,7,16.48,9,0,659,1,0
4724,Retail,16,39.98,2,1,702,1,0
4725,Manufacturing,6,17.28,8,1,713,0,0
4726,Tech,6,13.18,3,1,696,0,0
4727,Tech,2,11.51,4,0,568,0,0
4728,Retail,24,10.4,11,0,702,0,0
4729,Manufacturing,8,36.99,6,2,715,0,1
4730,Tech,7,44.43,5,0,737,0,1
4731,Tech,24,11.92,9,0,794,0,0
4732,Healthcare,14,4.72,5,0,626,0,0
4733,Healthcare,9,16.03,4,0,753,1,0
4734,Tech,15,33.06,6,1,671,0,1
4735,Retail,22,18.74,2,0,653,0,0
4736,Consulting,18,27.68,7,0,735,0,0
4737,Consulting,12,37.34,8,0,757,0,0
4738,Tech,23,20.72,3,0,712,0,0
4739,Tech,19,49.98,2,1,681,0,1
4740,Tech,13,15.25,3,0,683,0,0
4741,Retail,7,48.92,9,2,811,1,1
4742,Healthcare,10,10.55,6,0,683,0,0
4743,Tech,10,5.99,2,1,736,1,0
4744,Tech,2,37.67,7,0,692,1,0
4745,Manufacturing,14,35.26,6,1,702,1,1
4746,Retail,13,40.65,3,0,763,1,0
4747,Tech,22,17.51,4,0,793,0,0
4748,Manufacturing,6,46.57,5,1,673,0,1
4749,Consulting,9,6.41,7,0,669,0,0
4750,Tech,13,2.0,6,0,711,0,0
4751,Tech,9,15.38,3,1,676,0,0
4752,Manufacturing,13,39.97,9,0,614,0,0
4753,Retail,5,33.81,4,0,633,1,0
4754,Tech,14,22.09,3,0,713,0,0
4755,Consulting,5,13.18,6,0,702,0,0
4756,Tech,9,3.43,4,0,598,0,0
4757,Consulting,8,17.21,9,0,688,0,0
4758,Healthcare,7,23.27,2,0,741,1,0
4759,Healthcare,8,34.51,5,0,738,0,1
4760,Consulting,22,32.48,7,0,677,0,0
4761,Retail,3,47.39,7,1,726,0,1
4762,Tech,23,5.47,8,0,630,1,0
4763,Tech,24,17.15,5,0,741,0,0
4764,Healthcare,15,24.34,6,0,691,0,0
4765,Consulting,8,33.7,6,0,734,0,0
4766,Tech,1,25.02,2,0,716,0,0
4767,Tech,7,45.68,2,0,737,0,0
4768,Retail,19,30.63,7,1,796,1,0
4769,Manufacturing,2,2.46,7,0,790,0,0
4770,Healthcare,14,6.13,3,0,632,1,0
4771,Healthcare,18,37.8,5,0,683,0,1
4772,Manufacturing,15,35.93,5,0,770,1,0
4773,Tech,14,8.1,3,0,658,0,0
4774,Retail,24,3.42,4,0,801,0,0
4775,Retail,19,29.15,3,0,706,0,0
4776,Healthcare,19,31.97,2,0,655,0,0
4777,Retail,22,7.2,6,0,707,1,0
4778,Manufacturing,17,23.94,7,1,666,0,0
4779,Tech,22,15.64,4,0,686,0,1
4780,Manufacturing,19,46.6,5,0,712,1,0
4781,Consulting,16,11.35,6,0,668,0,0
4782,Healthcare,20,36.8,6,0,706,0,0
4783,Retail,19,26.15,7,0,669,0,0
4784,Consulting,1,1.07,5,0,681,0,0
4785,Retail,19,26.09,2,0,644,0,0
4786,Tech,7,5.42,6,0,685,1,1
4787,Tech,23,33.12,8,2,738,0,1
4788,Tech,11,28.49,7,0,713,0,0
4789,Retail,5,1.02,5,2,764,1,1
4790,Consulting,17,10.63,5,1,700,0,0
4791,Tech,11,38.92,8,2,723,1,0
4792,Consulting,24,14.15,7,0,732,0,0
4793,Retail,8,25.21,5,0,687,0,1
4794,Consulting,10,15.94,6,0,612,0,0
4795,Retail,12,46.12,6,0,644,0,0
4796,Retail,10,27.06,4,1,803,0,0
4797,Healthcare,13,34.96,4,0,733,1,1
4798,Retail,18,4.63,7,0,661,0,0
4799,Retail,10,2.5,2,0,800,0,0
4800,Manufacturing,19,13.33,3,0,657,1,1
4801,Tech,20,15.8,2,0,602,0,0
4802,Healthcare,17,34.54,2,0,716,0,1
4803,Healthcare,20,28.67,6,0,707,1,1
4804,Healthcare,16,19.04,2,1,654,0,0
4805,Manufacturing,5,32.88,5,0,701,0,0
4806,Retail,3,8.6,6,1,675,0,0
4807,Tech,15,3.64,3,1,706,0,0
4808,Consulting,2,42.8,7,0,686,1,0
4809,Retail,13,28.42,5,2,779,0,1
4810,Manufacturing,22,32.63,5,0,733,0,0
4811,Retail,8,15.71,2,0,779,0,0
4812,Retail,23,18.91,10,1,721,0,1
4813,Manufacturing,17,4.58,2,0,627,0,0
4814,Healthcare,4,42.92,3,0,644,0,0
4815,Healthcare,19,29.83,5,0,826,0,0
4816,Tech,22,4.64,5,0,538,0,0
4817,Tech,9,40.32,5,1,697,0,1
4818,Healthcare,23,22.48,10,1,593,1,1
4819,Consulting,15,38.37,5,0,730,0,0
4820,Retail,9,1.12,7,1,641,0,0
4821,Consulting,24,1.92,5,1,704,0,0
4822,Retail,21,8.95,7,0,718,0,0
4823,Healthcare,9,10.94,5,0,745,0,1
4824,Tech,14,38.32,4,1,697,0,1
4825,Tech,23,35.48,3,0,635,0,0
4826,Consulting,21,31.0,6,0,750,0,0
4827,Tech,16,44.3,3,0,769,0,0
4828,Healthcare,24,12.73,3,0,734,0,0
4829,Consulting,23,45.27,7,0,735,1,0
4830,Retail,17,45.52,8,1,731,0,1
4831,Tech,13,22.0,5,0,715,1,0
4832,Manufacturing,9,5.17,5,0,685,0,0
4833,Tech,15,36.46,4,1,741,1,0
4834,Retail,7,17.18,5,0,773,0,0
4835,Consulting,1,39.85,4,1,662,0,1
4836,Retail,1,8.6,3,0,741,1,0
4837,Manufacturing,5,27.21,4,1,713,0,1
4838,Healthcare,24,25.65,3,0,559,0,0
4839,Tech,9,5.47,7,1,688,1,0
4840,Consulting,12,18.48,10,1,656,0,0
4841,Healthcare,6,4.7,5,0,726,1,0
4842,Retail,13,23.5,6,1,683,0,0
4843,Consulting,8,42.22,4,0,637,0,0
4844,Healthcare,15,13.88,4,1,713,1,0
4845,Consulting,6,38.36,7,0,670,0,0
4846,Manufacturing,6,9.58,7,2,699,0,0
4847,Manufacturing,4,33.85,6,0,745,0,1
4848,Tech,11,45.82,2,1,694,0,0
4849,Tech,21,16.53,4,0,625,0,0
4850,Manufacturing,18,45.07,8,0,705,0,1
4851,Consulting,3,25.52,9,0,660,0,0
4852,Manufacturing,3,16.18,11,0,672,0,0
4853,Tech,12,44.88,4,0,707,0,0
4854,Manufacturing,21,2.09,5,2,689,0,0
4855,Manufacturing,21,1.89,6,0,747,0,0
4856,Consulting,6,30.19,3,0,738,1,0
4857,Healthcare,21,39.94,2,1,754,1,0
4858,Tech,6,37.7,10,1,593,1,1
4859,Consulting,8,4.43,7,0,677,0,0
4860,Manufacturing,15,47.54,5,0,568,0,0
4861,Manufacturing,18,35.3,5,0,629,0,0
4862,Healthcare,20,47.48,3,0,714,0,0
4863,Tech,16,16.79,2,2,675,0,0
4864,Tech,6,34.85,3,0,735,0,0
4865,Retail,21,43.07,6,1,715,0,0
4866,Tech,17,19.33,3,1,602,0,0
4867,Healthcare,9,48.26,7,0,705,0,0
4868,Retail,19,13.62,1,0,738,0,0
4869,Retail,18,16.12,8,0,691,0,0
4870,Manufacturing,23,46.06,8,0,774,0,0
4871,Manufacturing,5,48.5,4,0,587,0,0
4872,Tech,6,14.62,3,2,674,0,0
4873,Retail,12,7.25,4,0,665,0,0
4874,Manufacturing,11,38.07,4,0,698,0,0
4875,Healthcare,16,46.52,3,0,722,0,1
4876,Manufacturing,20,30.24,6,0,743,0,1
4877,Manufacturing,17,31.91,5,1,671,0,0
4878,Retail,20,38.27,12,0,669,0,0
4879,Retail,9,8.08,5,2,702,0,0
4880,Consulting,1,48.69,5,0,696,1,0
4881,Healthcare,3,18.53,3,0,712,0,0
4882,Retail,21,31.6,9,0,741,0,1
4883,Tech,23,23.7,5,1,683,0,0
4884,Healthcare,9,23.67,8,0,648,0,0
4885,Healthcare,22,35.29,6,0,685,1,0
4886,Retail,19,49.74,3,1,648,1,0
4887,Healthcare,13,33.12,3,1,791,0,0
4888,Retail,23,39.81,4,2,686,0,1
4889,Manufacturing,14,1.87,9,1,672,1,0
4890,Consulting,20,40.62,8,0,677,0,0
4891,Manufacturing,19,15.35,7,0,746,1,0
4892,Retail,23,6.77,5,0,752,1,0
4893,Retail,7,6.11,8,1,711,0,1
4894,Manufacturing,4,34.15,6,1,686,0,1
4895,Tech,12,49.88,4,0,680,0,0
4896,Tech,23,33.48,3,0,594,0,0
4897,Tech,14,13.49,4,0,745,0,0
4898,Retail,2,10.56,3,0,779,0,1
4899,Healthcare,1,26.53,3,0,661,0,0
4900,Retail,18,3.72,3,0,716,0,0
4901,Healthcare,20,20.27,5,0,743,0,0
4902,Manufacturing,8,33.48,5,0,670,0,0
4903,Consulting,3,48.4,4,0,692,1,1
4904,Healthcare,6,21.57,5,1,735,0,0
4905,Tech,22,10.41,3,0,722,0,0
4906,Retail,13,40.96,4,0,731,1,0
4907,Manufacturing,9,37.34,1,0,626,0,0
4908,Tech,9,43.06,10,0,707,0,0
4909,Manufacturing,20,11.13,9,0,665,0,0
4910,Consulting,9,20.54,3,1,675,0,0
4911,Retail,15,49.09,12,0,733,0,1
4912,Retail,13,8.32,10,0,625,0,0
4913,Consulting,22,33.74,5,0,741,1,0
4914,Retail,16,12.24,8,1,672,0,0
4915,Healthcare,2,25.26,6,1,763,0,0
4916,Manufacturing,14,40.13,5,0,690,1,0
4917,Tech,6,24.69,6,0,807,0,0
4918,Consulting,2,40.37,5,0,601,1,0
4919,Healthcare,8,21.6,5,0,603,0,0
4920,Tech,4,49.97,5,1,760,0,1
4921,Tech,21,22.07,3,0,759,1,0
4922,Consulting,24,7.89,7,0,627,0,0
4923,Healthcare,14,20.39,3,0,658,0,0
4924,Tech,11,37.26,3,0,683,0,0
4925,Tech,24,42.47,6,0,712,0,1
4926,Healthcare,14,23.28,9,1,752,0,0
4927,Retail,12,29.93,8,0,695,0,0
4928,Tech,16,42.32,5,1,764,0,1
4929,Manufacturing,6,40.77,11,0,732,0,0
4930,Healthcare,20,33.06,6,0,711,0,0
4931,Tech,1,40.84,6,0,662,0,0
4932,Consulting,12,29.01,3,1,763,0,0
4933,Manufacturing,7,0.73,1,0,640,1,0
4934,Tech,8,2.54,4,0,654,0,0
4935,Manufacturing,9,49.0,3,2,741,1,0
4936,Manufacturing,2,7.68,4,0,697,0,0
4937,Retail,17,20.52,2,2,755,0,0
4938,Manufacturing,20,46.72,3,1,673,1,1
4939,Retail,13,10.15,4,0,784,0,1
4940,Healthcare,5,42.27,5,1,674,0,0
4941,Retail,10,41.0,7,0,694,0,0
4942,Consulting,12,49.32,2,0,762,0,0
4943,Tech,17,14.44,9,0,687,0,0
4944,Healthcare,21,16.11,4,0,706,0,0
4945,Healthcare,6,45.19,6,0,648,0,0
4946,Consulting,3,12.09,3,0,640,0,0
4947,Retail,15,27.62,7,0,808,0,1
4948,Tech,7,35.51,5,0,681,0,0
4949,Retail,6,13.96,8,0,760,0,0
4950,Manufacturing,4,46.95,10,0,694,1,1
4951,Retail,19,33.45,5,0,669,1,0
4952,Healthcare,5,2.83,5,2,679,0,0
4953,Tech,3,7.22,5,0,633,0,0
4954,Retail,9,9.94,3,0,666,0,0
4955,Tech,6,12.63,6,0,772,0,0
4956,Tech,13,36.67,6,1,796,0,1
4957,Manufacturing,22,4.9,4,2,742,1,0
4958,Manufacturing,20,17.85,1,0,734,0,0
4959,Healthcare,4,45.61,4,0,680,0,0
4960,Consulting,2,28.06,4,0,654,0,1
4961,Tech,4,13.64,5,1,711,0,1
4962,Consulting,8,47.87,7,0,672,0,1
4963,Healthcare,13,12.59,6,0,706,0,0
4964,Tech,10,45.3,4,1,721,1,0
4965,Tech,18,36.43,5,0,658,0,0
4966,Consulting,9,37.16,5,0,733,1,0
4967,Retail,1,38.36,2,0,611,0,0
4968,Manufacturing,13,25.58,4,0,743,1,0
4969,Retail,18,40.82,3,1,698,0,1
4970,Consulting,15,41.89,4,0,650,0,1
4971,Manufacturing,2,18.34,4,1,664,0,0
4972,Retail,11,20.32,7,1,693,0,0
4973,Manufacturing,14,44.49,3,2,732,0,1
4974,Tech,22,26.47,3,2,704,1,0
4975,Retail,15,43.41,4,1,740,0,1
4976,Manufacturing,14,31.53,7,0,666,0,0
4977,Manufacturing,16,29.88,7,0,693,0,0
4978,Manufacturing,23,2.03,2,0,727,0,0
4979,Retail,15,14.26,3,0,753,0,0
4980,Healthcare,19,25.35,4,0,645,0,0
4981,Retail,9,29.57,4,0,584,0,0
4982,Consulting,5,31.71,5,0,675,0,0
4983,Retail,5,35.95,2,0,664,0,0
4984,Manufacturing,11,32.98,7,0,738,0,0
4985,Tech,20,42.5,4,0,653,1,0
4986,Retail,24,15.13,9,0,777,1,1
4987,Retail,4,32.26,5,0,710,0,0
4988,Manufacturing,20,3.03,8,0,694,0,0
4989,Tech,18,24.27,7,0,668,0,0
4990,Tech,3,13.77,4,0,629,0,0
4991,Consulting,4,19.35,7,0,670,0,0
4992,Retail,14,18.06,6,0,708,1,0
4993,Tech,7,3.49,10,0,713,0,0
4994,Tech,8,23.6,8,0,659,0,1
4995,Healthcare,24,49.73,3,1,784,0,0
4996,Healthcare,16,15.3,3,0,775,0,0
4997,Tech,20,36.94,6,0,758,0,0
4998,Consulting,15,27.62,2,0,716,0,0
4999,Tech,7,16.6,5,0,650,0,0
5000,Manufacturing,17,4.94,6,2,674,0,0
5001,Retail,22,11.18,3,0,706,1,0
5002,Consulting,22,39.2,6,0,746,0,1
5003,Manufacturing,22,14.31,3,0,670,1,0
5004,Consulting,12,7.64,8,0,728,0,0
5005,Manufacturing,18,16.9,5,0,648,0,0
5006,Retail,24,29.41,5,0,695,0,0
5007,Retail,14,35.32,6,0,694,0,0
5008,Healthcare,15,19.67,6,0,654,0,0
5009,Manufacturing,15,25.16,4,1,735,0,0
5010,Healthcare,5,23.02,3,1,707,0,0
5011,Manufacturing,16,0.95,7,1,693,0,0
5012,Healthcare,5,20.08,5,0,675,0,0
5013,Retail,2,29.57,1,1,656,0,0
5014,Consulting,20,28.71,8,0,753,0,0
5015,Healthcare,9,37.61,8,2,624,0,0
5016,Manufacturing,22,33.68,6,1,726,0,1
5017,Manufacturing,9,14.2,1,0,618,0,1
5018,Retail,4,13.15,6,0,739,0,1
5019,Manufacturing,15,23.48,3,0,723,1,0
5020,Tech,11,36.78,3,1,673,1,0
5021,Consulting,1,5.14,5,0,746,0,0
5022,Healthcare,18,47.44,2,1,721,1,0
5023,Consulting,1,27.39,2,0,682,0,1
5024,Retail,8,15.67,3,0,744,0,0
5025,Healthcare,16,34.82,3,0,696,1,0
5026,Healthcare,22,2.71,7,1,649,0,0
5027,Tech,18,24.48,10,0,765,0,0
5028,Retail,22,24.56,7,0,628,1,0
5029,Manufacturing,9,8.52,5,1,717,0,0
5030,Tech,12,41.95,3,0,754,0,0
5031,Tech,19,39.94,5,0,680,1,0
5032,Consulting,18,8.06,7,0,660,0,0
5033,Consulting,5,18.51,4,1,700,0,0
5034,Consulting,2,5.47,6,0,619,1,0
5035,Tech,7,42.51,10,0,781,0,0
5036,Manufacturing,10,16.5,5,2,679,0,0
5037,Healthcare,15,22.25,3,0,685,0,1
5038,Consulting,7,16.53,3,0,746,0,0
5039,Manufacturing,5,15.85,1,1,754,0,0
5040,Retail,15,37.49,6,0,707,1,1
5041,Consulting,20,37.5,3,0,637,1,0
5042,Healthcare,20,26.13,6,1,719,0,1
5043,Retail,15,33.05,11,0,721,0,0
5044,Retail,10,25.83,3,1,704,0,0
5045,Healthcare,24,1.92,4,0,730,0,0
5046,Consulting,14,3.77,7,0,717,0,0
5047,Tech,10,19.5,2,1,612,0,0
5048,Healthcare,17,37.61,6,0,650,0,0
5049,Healthcare,21,45.7,6,2,706,0,1
5050,Healthcare,14,1.97,3,0,691,0,0
5051,Retail,2,18.72,8,1,698,0,1
5052,Manufacturing,16,11.58,2,2,688,0,1
5053,Tech,13,40.85,8,0,688,0,0
5054,Consulting,9,42.38,2,0,664,0,0
5055,Consulting,7,10.72,2,0,680,0,0
5056,Manufacturing,16,35.69,5,1,717,0,0
5057,Healthcare,10,36.72,7,0,636,0,0
5058,Tech,24,9.26,4,0,661,0,0
5059,Consulting,22,21.97,7,0,681,0,0
5060,Consulting,9,31.21,7,2,697,1,0
5061,Healthcare,22,1.79,4,0,714,0,0
5062,Manufacturing,23,20.53,8,0,800,0,0
5063,Tech,7,8.17,7,1,676,0,0
5064,Manufacturing,16,27.32,7,2,755,0,1
5065,Manufacturing,9,42.22,8,1,628,0,0
5066,Tech,24,26.48,8,0,850,0,0
5067,Tech,17,2.28,5,1,729,0,0
5068,Consulting,20,1.97,6,0,615,0,0
5069,Consulting,7,30.47,5,1,671,0,1
5070,Tech,11,16.74,2,0,673,1,0
5071,Retail,8,28.85,3,0,622,1,0
5072,Consulting,7,8.6,4,0,719,0,0
5073,Retail,19,38.95,1,0,696,0,0
5074,Tech,20,43.11,8,0,719,1,0
5075,Consulting,12,44.52,5,0,701,1,0
5076,Manufacturing,7,15.55,3,0,649,0,0
5077,Tech,8,33.21,1,0,800,1,0
5078,Healthcare,7,14.31,2,2,644,0,0
5079,Retail,6,38.26,5,2,649,0,0
5080,Tech,9,6.47,2,0,765,1,0
5081,Tech,13,38.26,5,0,684,1,0
5082,Consulting,7,22.27,5,0,639,0,0
5083,Consulting,8,42.85,7,0,537,1,0
5084,Consulting,22,37.08,3,1,723,0,0
5085,Healthcare,17,19.14,2,0,635,0,0
5086,Consulting,17,45.23,6,0,651,0,0
5087,Tech,16,14.53,3,1,719,0,1
5088,Consulting,22,48.37,7,0,630,0,0
5089,Manufacturing,2,38.48,6,0,625,0,0
5090,Consulting,8,49.54,4,0,796,0,1
5091,Healthcare,17,3.17,4,1,688,0,1
5092,Manufacturing,13,14.06,2,0,704,0,0
5093,Tech,18,37.19,6,0,668,0,0
5094,Tech,24,46.15,7,1,739,0,0
5095,Retail,22,1.92,6,0,783,0,0
5096,Manufacturing,10,0.5,6,2,689,0,1
5097,Retail,2,13.18,10,1,713,0,0
5098,Manufacturing,2,42.71,4,0,684,0,1
5099,Manufacturing,14,38.47,4,0,643,0,0
5100,Healthcare,16,17.34,5,0,682,1,0
5101,Retail,7,0.6,6,0,719,1,0
5102,Healthcare,21,27.96,4,0,731,0,1
5103,Manufacturing,21,12.28,6,1,735,0,0
5104,Tech,24,37.41,7,0,642,0,0
5105,Manufacturing,12,22.59,4,0,641,0,0
5106,Healthcare,23,34.09,4,0,708,0,0
5107,Retail,14,42.69,5,0,708,1,1
5108,Retail,4,27.02,3,0,669,0,0
5109,Healthcare,4,17.13,0,0,593,1,0
5110,Retail,18,38.59,5,0,697,0,0
5111,Consulting,3,13.63,5,0,745,0,0
5112,Tech,1,44.63,1,0,731,0,0
5113,Tech,17,4.04,2,1,755,0,0
5114,Tech,7,41.86,7,1,742,0,0
5115,Retail,16,5.03,4,2,654,1,0
5116,Retail,5,3.28,6,0,726,0,0
5117,Manufacturing,19,18.48,9,0,723,0,0
5118,Manufacturing,7,47.85,4,0,758,0,0
5119,Tech,14,49.18,3,1,780,1,0
5120,Consulting,2,10.5,5,0,646,0,0
5121,Manufacturing,3,7.86,6,0,660,0,0
5122,Manufacturing,17,17.97,3,0,682,0,0
5123,Retail,16,17.19,8,0,726,0,0
5124,Consulting,8,38.1,9,0,632,0,0
5125,Tech,18,22.48,6,0,640,0,0
5126,Manufacturing,15,39.1,4,0,850,1,1
5127,Consulting,7,37.56,7,0,676,0,0
5128,Consulting,9,29.13,4,2,689,1,0
5129,Tech,6,41.76,4,0,753,1,1
5130,Consulting,18,10.18,5,0,644,0,0
5131,Consulting,18,8.51,2,2,627,0,0
5132,Consulting,24,37.66,3,1,739,0,0
5133,Manufacturing,14,12.62,7,0,739,0,0
5134,Tech,14,0.64,5,0,665,0,1
5135,Consulting,14,45.64,5,0,708,0,1
5136,Consulting,4,31.34,2,0,773,0,1
5137,Manufacturing,4,22.52,6,0,695,0,0
5138,Tech,15,36.42,7,0,675,0,1
5139,Retail,15,17.0,5,0,613,0,0
5140,Manufacturing,18,47.71,7,0,796,0,1
5141,Tech,14,3.9,6,0,647,0,0
5142,Consulting,1,32.23,3,0,738,0,0
5143,Tech,10,38.98,4,0,655,0,0
5144,Tech,20,23.72,7,2,659,1,0
5145,Tech,10,37.87,2,0,747,0,0
5146,Retail,10,46.38,8,1,701,0,0
5147,Tech,24,37.33,5,0,666,0,0
5148,Retail,2,15.81,1,0,688,1,0
5149,Consulting,8,28.31,4,1,769,1,0
5150,Retail,1,45.62,2,0,703,0,0
5151,Consulting,1,22.73,5,1,736,0,0
5152,Consulting,4,34.24,6,1,705,0,0
5153,Retail,7,23.54,7,1,659,0,0
5154,Manufacturing,9,6.51,3,0,758,0,0
5155,Healthcare,16,3.4,5,0,749,1,0
5156,Tech,5,47.64,3,1,800,0,0
5157,Healthcare,2,30.82,8,0,691,1,0
5158,Tech,23,5.64,6,0,740,0,0
5159,Tech,11,42.94,5,0,711,0,0
5160,Consulting,18,26.37,6,0,697,1,0
5161,Tech,19,38.71,8,1,770,1,1
5162,Tech,13,6.77,8,0,734,0,0
5163,Retail,24,45.39,4,0,704,0,0
5164,Healthcare,11,29.73,1,1,713,0,0
5165,Retail,20,37.04,8,0,638,0,0
5166,Tech,19,2.05,6,1,720,0,0
5167,Consulting,17,16.11,2,0,732,1,0
5168,Retail,5,13.74,7,1,681,1,0
5169,Retail,13,47.5,2,0,756,0,1
5170,Manufacturing,20,9.67,8,0,701,1,0
5171,Tech,1,35.5,6,0,700,0,0
5172,Consulting,10,2.62,5,0,682,0,0
5173,Retail,8,10.29,6,1,642,0,0
5174,Retail,24,17.26,5,0,652,0,0
5175,Consulting,8,39.83,6,0,707,0,1
5176,Tech,19,39.6,2,0,707,0,0
5177,Manufacturing,6,47.65,2,1,691,1,0
5178,Retail,12,45.88,10,0,745,0,0
5179,Manufacturing,7,4.53,5,2,696,0,0
5180,Healthcare,16,41.58,6,0,709,0,0
5181,Tech,9,22.83,4,1,738,0,0
5182,Healthcare,21,43.36,4,0,715,1,0
5183,Healthcare,22,4.92,10,0,643,0,0
5184,Healthcare,10,41.23,4,0,792,0,0
5185,Tech,10,8.4,5,0,652,0,0
5186,Tech,10,17.03,6,0,681,0,0
5187,Consulting,20,1.93,3,0,773,0,1
5188,Manufacturing,16,6.62,3,0,695,0,0
5189,Manufacturing,1,22.56,2,0,644,0,0
5190,Consulting,17,41.01,6,0,693,0,1
5191,Consulting,21,38.8,10,2,716,1,1
5192,Healthcare,14,12.15,7,0,661,0,0
5193,Consulting,19,8.01,6,0,750,0,0
5194,Retail,21,19.77,5,2,844,0,1
5195,Manufacturing,21,44.22,6,1,717,0,1
5196,Consulting,17,5.03,9,0,765,0,0
5197,Retail,14,27.37,5,0,744,0,1
5198,Retail,8,4.9,7,0,609,0,0
5199,Retail,21,23.78,8,2,649,0,0
5200,Retail,21,6.78,1,0,723,0,0
5201,Healthcare,9,4.48,3,0,686,0,0
5202,Retail,8,9.95,5,1,644,0,0
5203,Healthcare,13,13.14,6,0,734,0,0
5204,Healthcare,17,14.18,5,0,761,1,0
5205,Retail,19,32.44,6,1,689,0,0
5206,Manufacturing,7,3.22,3,0,642,0,0
5207,Retail,17,4.5,3,0,662,0,0
5208,Retail,1,9.84,5,0,640,0,0
5209,Retail,5,43.67,1,1,690,0,0
5210,Manufacturing,6,31.62,6,1,714,0,0
5211,Tech,2,36.65,7,0,716,0,0
5212,Tech,16,18.83,7,2,583,0,0
5213,Healthcare,22,11.05,5,0,591,0,1
5214,Healthcare,5,2.38,6,0,672,0,0
5215,Manufacturing,5,24.68,7,0,801,0,0
5216,Consulting,12,28.93,6,0,686,1,0
5217,Tech,3,44.9,8,0,765,0,1
5218,Healthcare,16,44.16,3,0,793,1,1
5219,Tech,6,21.52,7,0,670,0,0
5220,Manufacturing,15,21.47,4,0,610,0,0
5221,Manufacturing,15,8.48,4,0,736,0,0
5222,Consulting,16,13.24,8,0,719,1,0
5223,Consulting,20,46.32,9,0,705,0,1
5224,Manufacturing,13,7.48,8,0,694,0,0
5225,Healthcare,12,48.45,2,0,732,1,0
5226,Tech,10,25.48,10,0,739,0,0
5227,Retail,14,23.1,4,0,820,1,0
5228,Consulting,2,9.14,5,1,631,0,0
5229,Retail,3,33.25,4,1,779,0,0
5230,Healthcare,9,23.26,5,0,545,0,0
5231,Consulting,11,18.85,1,0,692,0,0
5232,Retail,11,13.59,3,0,820,0,0
5233,Healthcare,22,3.79,4,0,797,0,0
5234,Tech,10,26.21,5,0,733,0,0
5235,Healthcare,14,15.99,2,0,746,0,0
5236,Consulting,9,35.54,8,0,650,0,0
5237,Manufacturing,20,36.31,3,2,692,1,0
5238,Tech,21,16.94,3,0,739,1,0
5239,Retail,10,33.62,5,0,692,0,0
5240,Consulting,22,13.3,4,2,740,0,0
5241,Manufacturing,9,36.5,2,0,723,0,0
5242,Healthcare,5,1.3,8,0,787,0,0
5243,Manufacturing,8,8.0,5,0,741,1,1
5244,Consulting,11,12.63,13,0,751,1,0
5245,Consulting,1,38.76,3,1,695,0,0
5246,Manufacturing,21,3.79,9,0,707,0,0
5247,Healthcare,10,9.81,5,0,697,0,0
5248,Manufacturing,1,18.25,3,0,774,0,0
5249,Consulting,22,0.95,4,0,673,1,0
5250,Consulting,7,38.22,7,0,701,0,0
5251,Retail,14,28.23,7,0,582,0,0
5252,Retail,5,45.08,2,0,685,0,1
5253,Tech,17,2.04,2,0,627,0,0
5254,Consulting,22,13.93,4,0,706,0,0
5255,Retail,21,36.7,4,0,605,1,0
5256,Manufacturing,6,33.92,9,0,744,0,0
5257,Healthcare,16,12.53,4,2,667,1,0
5258,Manufacturing,11,29.99,9,1,667,0,1
5259,Healthcare,10,39.79,6,0,719,0,0
5260,Retail,15,2.15,7,0,639,1,0
5261,Tech,7,36.02,8,0,688,1,0
5262,Manufacturing,23,12.98,2,0,744,0,0
5263,Manufacturing,2,47.42,4,0,673,0,1
5264,Manufacturing,12,27.14,2,0,730,0,0
5265,Healthcare,19,2.15,4,0,710,0,0
5266,Retail,12,20.47,7,0,785,0,1
5267,Manufacturing,16,48.33,7,0,752,0,0
5268,Manufacturing,6,36.65,2,0,794,0,0
5269,Tech,3,15.37,2,2,660,0,0
5270,Tech,2,28.98,2,2,716,0,0
5271,Retail,20,30.16,6,1,729,0,0
5272,Retail,5,1.66,2,0,648,0,0
5273,Consulting,11,9.35,9,2,685,0,1
5274,Tech,3,27.81,3,0,818,0,0
5275,Consulting,3,20.44,5,0,736,0,0
5276,Healthcare,22,9.91,3,0,751,0,0
5277,Consulting,5,38.75,1,2,708,0,1
5278,Manufacturing,22,24.71,8,0,675,1,0
5279,Consulting,23,15.84,2,0,670,0,0
5280,Retail,11,8.5,6,0,583,0,0
5281,Healthcare,3,30.75,10,0,596,0,0
5282,Manufacturing,13,33.48,9,0,714,0,0
5283,Consulting,21,33.65,6,0,803,0,1
5284,Healthcare,8,11.4,3,0,612,0,0
5285,Healthcare,20,29.97,2,0,705,0,0
5286,Manufacturing,10,45.32,4,0,666,0,0
5287,Consulting,2,17.98,4,0,744,0,0
5288,Healthcare,4,10.93,6,1,605,0,0
5289,Healthcare,18,38.72,1,0,634,1,0
5290,Tech,19,9.26,3,0,688,1,0
5291,Healthcare,4,13.06,3,0,780,0,0
5292,Tech,20,5.48,4,1,627,0,1
5293,Consulting,9,13.76,3,0,691,1,0
5294,Consulting,16,20.81,6,0,660,0,0
5295,Consulting,6,3.68,3,1,636,1,1
5296,Retail,4,43.65,5,0,710,0,0
5297,Consulting,9,25.93,6,0,697,0,0
5298,Healthcare,13,29.61,1,0,570,0,0
5299,Manufacturing,9,18.88,7,1,642,0,0
5300,Tech,6,33.66,4,0,627,0,1
5301,Retail,21,21.87,3,1,650,0,0
5302,Consulting,19,38.19,4,0,647,1,0
5303,Consulting,14,41.16,1,0,787,0,0
5304,Manufacturing,21,33.76,4,0,671,0,0
5305,Manufacturing,15,24.82,1,0,656,0,0
5306,Retail,3,39.22,2,0,785,0,0
5307,Tech,5,24.97,3,1,667,0,0
5308,Consulting,21,6.02,4,0,709,0,0
5309,Retail,18,6.26,8,0,683,1,0
5310,Healthcare,14,47.45,5,0,775,1,1
5311,Healthcare,16,11.07,5,0,688,0,0
5312,Retail,14,40.89,6,0,662,0,1
5313,Consulting,9,12.71,5,0,666,0,0
5314,Retail,15,21.82,6,0,718,0,1
5315,Consulting,7,32.92,12,0,729,0,0
5316,Manufacturing,14,8.36,4,0,744,0,0
5317,Retail,6,36.99,2,2,670,0,1
5318,Consulting,21,34.65,3,0,643,1,0
5319,Retail,15,27.38,7,0,688,1,0
5320,Retail,20,28.51,4,0,721,0,0
5321,Consulting,8,5.74,7,0,764,0,1
5322,Consulting,2,22.08,5,1,687,0,0
5323,Tech,8,4.79,1,0,747,0,0
5324,Retail,1,15.74,4,1,636,0,0
5325,Healthcare,17,45.07,9,0,698,0,0
5326,Retail,19,28.94,4,0,626,0,0
5327,Retail,5,37.26,7,2,685,0,1
5328,Consulting,22,28.91,6,1,755,0,0
5329,Retail,20,10.11,1,0,740,0,0
5330,Retail,16,29.94,3,0,654,0,0
5331,Healthcare,7,37.89,5,1,669,0,0
5332,Consulting,7,7.35,7,0,636,0,0
5333,Retail,18,40.94,2,0,681,1,0
5334,Manufacturing,18,27.99,7,0,743,0,0
5335,Tech,2,0.71,6,0,613,0,0
5336,Healthcare,15,26.23,4,2,743,0,0
5337,Retail,14,20.09,7,1,568,0,0
5338,Manufacturing,18,15.17,8,1,605,1,0
5339,Retail,9,38.68,5,0,587,1,0
5340,Retail,14,45.03,3,0,679,0,0
5341,Consulting,5,38.25,3,1,655,0,1
5342,Consulting,11,42.42,3,0,763,0,0
5343,Consulting,8,45.48,5,0,713,0,1
5344,Manufacturing,5,45.68,6,0,648,0,0
5345,Retail,11,6.17,3,1,699,0,0
5346,Tech,5,23.09,9,0,669,0,0
5347,Healthcare,17,0.51,6,0,687,0,0
5348,Consulting,22,25.57,7,0,695,1,1
5349,Consulting,4,46.25,5,1,755,0,1
5350,Retail,15,10.36,8,0,793,0,0
5351,Retail,19,32.17,5,0,748,0,0
5352,Manufacturing,22,32.4,5,0,659,0,0
5353,Manufacturing,2,8.44,3,0,691,1,0
5354,Consulting,24,12.31,5,0,676,0,0
5355,Retail,17,23.37,5,0,606,0,0
5356,Tech,12,9.82,5,0,702,0,0
5357,Healthcare,24,29.46,7,0,735,0,0
5358,Retail,17,24.48,7,0,610,0,0
5359,Retail,10,26.2,7,0,659,1,0
5360,Manufacturing,18,7.16,4,0,653,0,0
5361,Healthcare,19,26.1,5,2,713,1,0
5362,Consulting,18,2.95,9,0,724,1,0
5363,Retail,13,44.14,5,0,794,0,0
5364,Consulting,14,17.49,4,0,702,0,0
5365,Retail,24,42.89,4,0,742,0,1
5366,Consulting,16,35.23,9,2,693,0,1
5367,Healthcare,18,38.43,9,0,679,0,0
5368,Manufacturing,18,16.07,6,0,680,1,0
5369,Healthcare,16,11.77,3,0,723,0,0
5370,Tech,17,20.63,7,1,681,0,1
5371,Manufacturing,7,1.7,5,1,627,0,0
5372,Healthcare,12,45.98,4,0,702,1,0
5373,Tech,2,19.66,8,0,713,0,0
5374,Retail,10,49.43,8,0,693,0,0
5375,Retail,5,38.19,4,0,695,1,0
5376,Consulting,21,4.49,3,0,716,0,0
5377,Manufacturing,3,33.18,8,0,678,1,0
5378,Retail,19,13.91,8,0,719,0,0
5379,Manufacturing,13,12.56,6,0,709,1,0
5380,Retail,12,13.2,7,1,712,0,0
5381,Consulting,3,45.85,7,0,748,0,1
5382,Healthcare,6,25.25,4,0,722,0,0
5383,Consulting,14,33.64,7,0,605,0,0
5384,Tech,4,14.41,3,0,735,1,0
5385,Retail,13,26.39,7,0,761,1,0
5386,Tech,19,17.83,6,0,762,0,0
5387,Tech,18,16.4,2,0,769,1,0
5388,Manufacturing,3,12.72,5,0,719,0,0
5389,Retail,20,20.75,3,0,707,0,0
5390,Tech,6,33.17,6,0,675,0,1
5391,Healthcare,16,11.49,5,1,628,0,0
5392,Tech,20,48.29,5,1,719,1,1
5393,Healthcare,24,6.67,6,0,696,0,0
5394,Manufacturing,3,24.27,6,0,656,0,0
5395,Tech,12,4.71,4,0,741,1,0
5396,Consulting,19,1.62,4,1,662,0,0
5397,Manufacturing,19,46.17,2,0,728,1,0
5398,Healthcare,24,40.61,1,2,699,0,0
5399,Manufacturing,4,34.86,8,2,764,0,1
5400,Tech,1,43.33,5,0,784,0,0
5401,Retail,2,40.24,8,0,735,0,1
5402,Retail,13,32.54,6,0,653,0,0
5403,Healthcare,13,42.44,7,0,687,0,0
5404,Healthcare,2,19.84,6,1,728,1,1
5405,Retail,19,27.86,10,1,685,0,0
5406,Healthcare,22,38.93,2,0,756,0,0
5407,Manufacturing,24,4.7,7,0,694,0,0
5408,Consulting,16,43.0,1,0,725,0,0
5409,Consulting,12,8.26,6,0,732,0,0
5410,Manufacturing,1,43.29,3,0,728,1,0
5411,Consulting,9,15.91,4,0,658,0,0
5412,Tech,17,16.68,9,0,774,0,0
5413,Manufacturing,10,4.16,3,0,708,0,0
5414,Healthcare,18,44.35,4,0,686,0,0
5415,Manufacturing,19,9.14,4,1,626,1,0
5416,Retail,7,31.69,4,0,626,0,0
5417,Healthcare,19,32.38,3,0,669,0,0
5418,Retail,24,14.42,3,0,668,1,0
5419,Healthcare,15,49.29,4,0,636,1,0
5420,Consulting,9,3.68,4,0,673,0,1
5421,Manufacturing,10,30.59,6,0,749,1,0
5422,Tech,23,24.24,8,1,719,1,0
5423,Healthcare,20,12.65,8,0,641,1,0
5424,Healthcare,20,8.6,6,0,751,0,0
5425,Retail,4,36.99,7,0,750,0,1
5426,Consulting,6,45.86,3,0,622,0,0
5427,Retail,4,5.82,4,0,769,0,0
5428,Retail,5,10.1,2,0,732,0,0
5429,Consulting,9,49.32,8,0,751,0,0
5430,Tech,12,1.24,4,0,651,1,0
5431,Retail,23,25.66,6,2,683,0,1
5432,Retail,8,26.05,5,1,675,0,0
5433,Healthcare,21,13.53,6,0,664,0,0
5434,Consulting,5,33.32,7,0,666,0,0
5435,Manufacturing,11,47.27,3,2,654,0,0
5436,Tech,23,22.79,5,0,730,0,0
5437,Tech,11,37.6,0,0,709,0,1
5438,Consulting,13,32.48,4,0,755,0,0
5439,Healthcare,14,23.91,8,1,579,0,0
5440,Healthcare,8,2.97,5,0,720,1,1
5441,Consulting,18,37.22,7,0,669,0,0
5442,Healthcare,19,18.48,4,0,676,1,0
5443,Tech,12,11.61,2,0,685,0,0
5444,Tech,12,47.44,7,0,818,0,0
5445,Manufacturing,18,38.79,4,0,663,0,1
5446,Consulting,10,48.13,8,0,729,1,0
5447,Retail,7,13.18,5,0,788,0,0
5448,Retail,18,41.87,5,0,639,0,0
5449,Manufacturing,12,30.58,6,0,697,0,0
5450,Manufacturing,14,49.08,6,0,634,0,0
5451,Healthcare,15,47.34,6,0,661,0,0
5452,Manufacturing,16,48.66,2,0,723,0,0
5453,Manufacturing,2,47.61,7,0,697,0,0
5454,Retail,18,0.88,9,2,616,0,0
5455,Healthcare,12,37.18,4,0,728,0,0
5456,Manufacturing,16,13.96,1,1,789,0,1
5457,Manufacturing,13,35.4,4,0,728,0,0
5458,Healthcare,20,49.04,6,2,674,0,1
5459,Consulting,17,2.45,3,0,649,0,0
5460,Healthcare,18,28.57,7,0,702,0,0
5461,Retail,3,36.88,5,2,647,0,1
5462,Consulting,23,13.04,6,0,761,1,0
5463,Tech,10,11.64,9,2,688,0,0
5464,Healthcare,1,3.49,4,0,619,0,0
5465,Retail,6,5.15,4,1,676,0,0
5466,Consulting,3,33.01,5,1,669,0,0
5467,Healthcare,19,25.51,3,0,740,0,0
5468,Manufacturing,4,1.99,11,0,722,0,0
5469,Healthcare,20,48.5,3,0,706,1,0
5470,Tech,23,32.97,7,0,667,0,1
5471,Healthcare,3,26.02,8,0,614,0,0
5472,Consulting,8,14.0,4,0,768,0,0
5473,Consulting,8,33.08,5,0,699,1,0
5474,Healthcare,7,18.53,5,0,775,0,0
5475,Consulting,2,35.27,9,1,717,0,0
5476,Manufacturing,21,34.29,1,0,650,0,0
5477,Healthcare,6,5.09,3,0,725,1,0
5478,Manufacturing,16,45.51,7,0,633,0,0
5479,Manufacturing,10,24.61,4,0,609,0,0
5480,Retail,4,19.95,1,1,737,1,0
5481,Healthcare,13,47.8,5,0,668,1,0
5482,Consulting,10,22.19,7,0,765,0,0
5483,Manufacturing,21,36.2,9,1,646,0,1
5484,Retail,14,32.93,7,1,782,0,1
5485,Healthcare,9,8.67,5,0,751,0,0
5486,Healthcare,11,49.56,6,1,734,0,1
5487,Tech,23,23.45,6,1,690,1,0
5488,Tech,18,20.04,7,0,708,0,0
5489,Manufacturing,11,46.02,6,0,749,0,0
5490,Tech,17,26.7,3,2,715,0,0
5491,Manufacturing,2,35.4,8,0,743,0,1
5492,Consulting,3,42.39,2,1,714,0,0
5493,Manufacturing,11,12.16,4,0,674,0,0
5494,Tech,18,8.89,10,0,787,0,0
5495,Consulting,3,3.89,2,1,793,0,0
5496,Tech,15,44.91,10,1,762,0,1
5497,Manufacturing,11,10.42,4,1,711,1,0
5498,Retail,11,15.73,3,0,697,0,0
5499,Healthcare,20,14.65,4,1,753,0,1
5500,Tech,11,15.58,5,0,694,0,0
5501,Manufacturing,19,33.57,3,2,639,0,1
5502,Consulting,1,47.73,4,0,690,0,0
5503,Tech,5,16.81,9,0,742,1,0
5504,Tech,10,20.68,8,0,712,0,0
5505,Healthcare,10,38.67,0,0,699,0,0
5506,Manufacturing,14,21.9,2,1,661,0,1
5507,Retail,2,46.34,9,0,631,0,0
5508,Consulting,4,25.41,5,0,676,0,0
5509,Manufacturing,2,17.71,7,1,717,0,0
5510,Consulting,18,48.59,5,0,670,1,1
5511,Tech,13,21.58,6,1,705,0,1
5512,Healthcare,19,11.94,2,0,729,0,0
5513,Healthcare,5,9.3,0,0,738,0,0
5514,Retail,20,49.76,6,0,711,0,1
5515,Healthcare,2,37.77,3,0,630,1,0
5516,Tech,11,20.73,2,2,717,0,0
5517,Retail,18,41.4,3,0,691,1,1
5518,Manufacturing,6,27.57,3,0,588,0,0
5519,Healthcare,23,16.21,7,0,684,0,0
5520,Retail,10,37.3,7,0,792,0,1
5521,Tech,22,37.42,8,0,706,0,0
5522,Consulting,23,25.26,5,1,728,0,0
5523,Consulting,17,2.74,8,0,775,0,0
5524,Tech,22,4.31,3,0,711,0,0
5525,Tech,11,39.54,4,0,701,0,0
5526,Consulting,19,41.26,5,1,627,0,0
5527,Retail,17,34.08,2,1,698,0,1
5528,Consulting,24,42.03,4,1,683,0,0
5529,Tech,4,36.11,4,0,719,0,1
5530,Healthcare,24,44.9,7,0,677,1,1
5531,Manufacturing,14,7.94,5,0,670,1,0
5532,Healthcare,20,19.69,5,0,586,1,0
5533,Healthcare,4,23.47,9,0,744,1,0
5534,Tech,14,15.23,4,0,647,1,0
5535,Consulting,4,36.41,2,2,730,0,1
5536,Retail,6,45.67,11,0,759,0,1
5537,Healthcare,9,20.92,6,1,660,0,0
5538,Consulting,21,47.11,7,0,780,0,1
5539,Retail,12,26.08,4,1,705,0,1
5540,Healthcare,8,26.36,7,1,719,0,0
5541,Retail,24,30.21,1,0,679,1,0
5542,Consulting,4,13.78,3,0,672,1,0
5543,Manufacturing,5,19.48,5,2,611,0,0
5544,Consulting,6,27.89,2,0,796,0,0
5545,Tech,5,47.13,5,0,591,0,0
5546,Retail,19,32.31,5,0,622,0,0
5547,Manufacturing,8,16.99,5,1,691,0,1
5548,Retail,9,1.02,5,0,693,0,1
5549,Retail,15,49.09,3,1,617,1,1
5550,Healthcare,4,24.9,7,0,676,0,0
5551,Tech,9,46.96,5,0,667,0,0
5552,Retail,7,27.69,5,0,684,0,0
5553,Consulting,8,30.47,4,0,746,0,1
5554,Consulting,15,35.74,2,0,771,1,0
5555,Healthcare,19,16.39,9,1,782,1,1
5556,Tech,15,35.1,6,0,728,1,0
5557,Tech,5,26.58,6,0,625,0,1
5558,Consulting,19,33.79,4,2,724,0,1
5559,Manufacturing,7,41.87,4,0,722,1,0
5560,Healthcare,6,9.62,7,1,720,0,0
5561,Healthcare,19,30.87,3,0,741,0,0
5562,Consulting,17,3.08,2,0,664,0,0
5563,Consulting,10,5.55,4,1,635,0,0
5564,Manufacturing,19,33.89,6,0,640,0,0
5565,Manufacturing,11,4.01,3,0,665,0,0
5566,Tech,15,29.97,4,0,683,0,1
5567,Healthcare,10,11.39,8,1,715,1,0
5568,Healthcare,11,15.55,3,0,668,0,1
5569,Consulting,23,6.92,7,1,768,0,0
5570,Tech,3,12.81,5,0,701,0,0
5571,Healthcare,3,41.15,5,0,668,0,1
5572,Tech,18,32.12,10,0,757,0,1
5573,Tech,11,47.51,7,1,679,0,0
5574,Consulting,20,2.91,4,0,666,0,0
5575,Tech,22,39.72,4,0,769,0,1
5576,Manufacturing,18,35.1,5,0,710,0,1
5577,Manufacturing,15,13.41,2,1,807,1,0
5578,Retail,7,36.59,4,0,638,0,0
5579,Consulting,10,35.97,4,0,627,0,1
5580,Retail,21,23.24,3,0,713,1,0
5581,Manufacturing,23,34.59,4,1,796,1,0
5582,Retail,20,22.51,7,1,664,0,0
5583,Consulting,10,17.11,3,0,706,1,0
5584,Consulting,13,23.59,9,0,672,0,0
5585,Tech,15,44.81,6,1,679,0,1
5586,Healthcare,23,19.54,3,2,725,0,1
5587,Tech,18,20.48,0,0,652,0,0
5588,Consulting,23,30.62,4,0,618,0,0
5589,Manufacturing,4,37.77,3,0,717,0,0
5590,Manufacturing,20,36.86,3,0,686,0,0
5591,Tech,17,1.48,8,0,745,0,0
5592,Consulting,3,34.53,12,2,749,0,0
5593,Manufacturing,21,22.8,3,1,647,1,0
5594,Consulting,21,26.44,6,0,689,0,1
5595,Manufacturing,2,28.3,7,0,726,1,0
5596,Consulting,4,36.72,5,0,741,0,0
5597,Retail,1,41.65,3,0,772,0,1
5598,Consulting,15,32.49,3,0,731,0,0
5599,Consulting,1,28.41,10,0,740,0,1
5600,Tech,6,19.0,4,0,742,0,0
5601,Retail,7,7.32,1,0,788,0,0
5602,Healthcare,19,47.95,5,0,582,1,1
5603,Tech,12,23.36,4,0,797,0,0
5604,Healthcare,1,28.53,5,0,707,0,0
5605,Manufacturing,7,37.68,6,0,566,0,0
5606,Healthcare,19,3.89,5,1,711,0,0
5607,Consulting,13,42.82,5,0,674,0,0
5608,Healthcare,12,39.95,5,0,720,0,0
5609,Tech,12,38.83,7,1,806,0,1
5610,Tech,22,1.59,7,2,633,1,0
5611,Healthcare,13,26.56,8,0,732,0,0
5612,Tech,14,3.19,3,1,717,0,0
5613,Tech,22,27.77,7,0,685,0,0
5614,Healthcare,12,36.06,3,0,641,1,0
5615,Retail,20,6.53,4,0,713,0,0
5616,Retail,12,34.9,7,0,624,0,0
5617,Manufacturing,6,22.75,8,1,667,1,0
5618,Tech,10,40.67,7,0,663,1,0
5619,Healthcare,20,26.91,6,0,708,0,0
5620,Tech,24,17.14,9,0,649,0,0
5621,Consulting,9,16.93,7,1,684,0,0
5622,Tech,2,44.93,4,0,712,0,0
5623,Tech,7,22.92,4,0,833,0,0
5624,Retail,9,20.58,9,0,615,0,0
5625,Healthcare,12,2.47,6,0,739,0,0
5626,Tech,5,18.53,3,0,740,0,0
5627,Retail,1,42.56,6,2,708,0,0
5628,Manufacturing,22,38.17,5,0,652,0,0
5629,Retail,15,11.44,6,1,765,0,0
5630,Retail,8,20.95,1,0,700,0,0
5631,Retail,1,10.23,7,0,718,0,0
5632,Tech,18,47.73,6,2,654,0,1
5633,Tech,13,30.11,7,0,706,0,0
5634,Manufacturing,1,37.84,6,1,747,0,1
5635,Consulting,5,35.83,2,0,726,0,0
5636,Consulting,18,43.75,7,0,682,0,0
5637,Consulting,16,47.49,6,0,741,0,0
5638,Manufacturing,10,2.11,4,0,720,1,0
5639,Consulting,4,48.78,4,0,663,1,0
5640,Consulting,1,43.59,4,0,629,1,0
5641,Retail,23,19.46,3,0,771,1,0
5642,Tech,8,41.93,2,1,729,1,1
5643,Tech,5,36.96,3,0,808,0,0
5644,Retail,2,39.76,7,0,794,0,1
5645,Retail,24,11.42,5,0,690,0,0
5646,Retail,17,32.6,4,0,714,0,0
5647,Tech,7,1.78,4,0,696,0,0
5648,Consulting,17,42.49,5,0,638,0,1
5649,Retail,6,47.58,3,2,782,0,1
5650,Manufacturing,22,33.28,2,1,726,0,1
5651,Retail,15,25.88,7,2,746,0,1
5652,Healthcare,5,36.42,5,0,641,1,1
5653,Retail,15,16.65,4,1,698,0,0
5654,Tech,18,31.51,2,0,618,0,0
5655,Retail,18,36.09,4,0,694,0,0
5656,Healthcare,21,7.56,7,2,684,0,1
5657,Manufacturing,21,7.43,5,0,653,0,0
5658,Consulting,23,35.95,6,0,674,0,0
5659,Retail,6,21.87,7,0,768,0,0
5660,Healthcare,2,44.52,6,0,735,1,0
5661,Healthcare,17,15.94,8,0,702,0,1
5662,Manufacturing,21,2.6,8,2,650,0,0
5663,Tech,4,32.67,8,0,720,0,0
5664,Retail,12,34.37,5,0,619,0,0
5665,Healthcare,19,27.9,4,1,631,1,1
5666,Manufacturing,2,34.32,5,0,774,0,0
5667,Consulting,2,26.43,5,0,779,1,1
5668,Healthcare,14,34.79,6,1,591,0,0
5669,Manufacturing,15,2.67,6,2,712,0,0
5670,Tech,20,18.74,3,0,801,0,0
5671,Tech,2,10.94,6,0,676,0,0
5672,Healthcare,4,5.42,6,0,713,0,0
5673,Healthcare,19,12.09,4,1,669,1,0
5674,Retail,9,9.97,2,0,728,1,0
5675,Manufacturing,7,48.67,7,0,648,0,0
5676,Healthcare,13,14.68,3,0,717,0,0
5677,Retail,12,11.93,5,1,801,0,0
5678,Retail,3,41.83,3,0,709,0,0
5679,Healthcare,13,21.25,6,2,678,0,0
5680,Tech,15,21.36,8,0,640,0,1
5681,Manufacturing,14,22.46,4,0,709,0,0
5682,Manufacturing,24,21.12,2,0,653,0,0
5683,Tech,9,16.66,9,0,637,0,0
5684,Healthcare,13,14.67,6,2,633,1,0
5685,Manufacturing,23,44.16,6,0,617,0,0
5686,Healthcare,22,8.5,6,0,686,0,0
5687,Healthcare,4,9.46,3,0,777,0,0
5688,Retail,21,28.8,3,0,752,0,0
5689,Tech,8,17.51,5,1,740,0,0
5690,Healthcare,3,21.37,5,1,662,0,0
5691,Consulting,2,40.42,2,1,706,0,1
5692,Tech,19,45.23,2,0,684,0,0
5693,Manufacturing,23,39.63,6,2,799,1,1
5694,Retail,8,12.13,6,1,646,1,0
5695,Manufacturing,17,49.01,6,0,617,0,0
5696,Manufacturing,13,18.48,9,0,631,0,0
5697,Tech,7,8.87,5,0,722,0,0
5698,Manufacturing,9,25.23,4,1,662,0,1
5699,Healthcare,12,36.4,3,1,669,0,0
5700,Manufacturing,14,4.62,9,0,612,0,0
5701,Retail,14,31.9,4,0,660,0,0
5702,Retail,15,42.97,8,0,737,0,0
5703,Consulting,3,13.46,6,0,604,1,0
5704,Retail,15,34.81,9,0,673,1,0
5705,Manufacturing,19,20.3,11,1,699,0,1
5706,Retail,24,21.0,2,0,732,1,0
5707,Tech,20,14.4,4,0,672,1,0
5708,Retail,14,31.41,5,0,683,1,0
5709,Healthcare,8,18.37,7,0,756,0,0
5710,Tech,5,41.63,4,1,682,0,0
5711,Consulting,19,48.16,4,0,754,0,0
5712,Healthcare,4,46.79,3,0,844,1,1
5713,Manufacturing,14,8.57,10,0,712,0,0
5714,Manufacturing,16,1.2,4,0,643,0,0
5715,Manufacturing,20,22.2,4,1,727,1,0
5716,Healthcare,24,36.58,4,0,756,0,0
5717,Healthcare,6,48.88,6,1,663,0,0
5718,Healthcare,23,39.28,3,1,732,0,0
5719,Tech,6,29.24,7,1,599,0,0
5720,Tech,3,1.8,8,0,748,0,0
5721,Manufacturing,15,41.36,7,0,658,0,0
5722,Retail,3,9.27,3,0,608,0,0
5723,Manufacturing,11,3.25,5,0,673,1,0
5724,Consulting,3,42.59,4,0,762,0,0
5725,Tech,10,28.53,4,0,696,0,0
5726,Healthcare,18,6.86,2,1,689,1,0
5727,Tech,1,19.63,5,0,743,0,0
5728,Healthcare,16,4.73,3,0,720,0,0
5729,Consulting,16,32.08,8,0,670,0,1
5730,Consulting,10,14.48,2,2,697,0,1
5731,Tech,1,43.37,6,2,797,0,0
5732,Healthcare,4,18.21,7,0,701,0,1
5733,Consulting,3,24.98,2,1,708,0,0
5734,Manufacturing,5,3.64,5,1,807,0,0
5735,Manufacturing,12,14.14,7,1,623,0,0
5736,Healthcare,12,34.0,5,2,735,0,0
5737,Tech,13,36.95,3,2,715,0,1
5738,Consulting,24,12.52,3,0,688,1,0
5739,Tech,12,25.44,4,2,750,1,0
5740,Manufacturing,16,40.97,8,0,644,0,0
5741,Consulting,13,19.31,7,0,685,0,1
5742,Tech,5,7.12,4,0,635,1,0
5743,Retail,24,21.88,6,0,678,0,0
5744,Healthcare,4,30.23,8,0,662,1,0
5745,Healthcare,21,0.87,4,0,744,0,0
5746,Retail,15,17.75,7,0,715,1,1
5747,Manufacturing,12,30.57,4,0,649,0,1
5748,Consulting,19,47.62,5,2,704,0,0
5749,Healthcare,21,20.72,5,0,515,0,0
5750,Retail,19,8.57,9,1,721,1,0
5751,Retail,21,26.94,8,0,597,0,0
5752,Manufacturing,11,14.64,3,0,733,0,0
5753,Manufacturing,21,11.13,4,0,678,0,0
5754,Tech,6,29.72,2,0,801,0,0
5755,Healthcare,9,45.84,0,1,612,0,0
5756,Tech,1,41.84,3,0,731,0,0
5757,Retail,12,9.52,4,0,786,0,0
5758,Consulting,14,38.41,5,1,675,0,0
5759,Consulting,6,11.88,7,0,706,0,0
5760,Manufacturing,1,14.89,4,0,691,0,0
5761,Consulting,22,46.04,6,1,719,0,1
5762,Consulting,2,45.6,2,0,696,0,0
5763,Consulting,24,8.85,6,1,665,1,0
5764,Retail,11,3.68,6,0,702,0,0
5765,Consulting,3,15.01,6,0,850,0,1
5766,Consulting,10,29.3,7,1,759,1,1
5767,Consulting,6,43.91,4,0,651,0,0
5768,Tech,6,6.38,3,0,723,0,0
5769,Retail,20,21.04,0,2,581,1,0
5770,Manufacturing,21,13.95,4,1,675,0,0
5771,Tech,2,1.24,4,0,688,0,0
5772,Healthcare,24,39.53,3,1,724,0,1
5773,Retail,10,40.76,4,1,699,0,1
5774,Retail,23,11.45,6,0,680,1,0
5775,Healthcare,6,7.99,6,0,705,0,0
5776,Healthcare,23,7.66,4,0,717,0,0
5777,Healthcare,17,23.47,2,0,757,0,0
5778,Manufacturing,14,12.7,7,0,717,0,0
5779,Consulting,5,25.81,1,0,679,0,0
5780,Retail,23,19.55,3,2,650,1,0
5781,Consulting,17,10.94,5,0,674,0,0
5782,Consulting,2,37.68,2,2,636,0,1
5783,Healthcare,9,7.94,5,1,693,0,0
5784,Manufacturing,12,40.05,5,1,669,0,1
5785,Tech,19,28.29,4,0,717,0,0
5786,Manufacturing,22,41.69,5,0,648,0,1
5787,Consulting,7,0.74,9,0,803,0,0
5788,Manufacturing,9,37.58,3,1,687,1,0
5789,Healthcare,21,3.05,12,0,802,0,0
5790,Tech,16,47.53,5,0,652,0,0
5791,Healthcare,20,35.29,0,0,708,0,0
5792,Tech,11,16.35,1,0,673,0,0
5793,Consulting,12,16.33,4,0,750,0,0
5794,Tech,15,43.14,8,2,711,0,1
5795,Tech,18,45.19,9,1,629,0,1
5796,Tech,19,44.63,2,0,721,0,0
5797,Manufacturing,16,40.53,7,1,735,1,1
5798,Manufacturing,15,41.04,7,0,657,0,1
5799,Consulting,5,28.85,5,0,697,1,0
5800,Tech,11,1.9,10,0,763,0,0
5801,Retail,15,4.8,7,0,678,0,0
5802,Consulting,18,32.65,6,1,719,0,1
5803,Tech,13,20.36,5,2,609,1,0
5804,Tech,4,28.58,7,0,831,0,0
5805,Manufacturing,17,11.94,6,0,710,0,1
5806,Consulting,4,32.65,7,0,652,0,0
5807,Tech,16,12.52,5,0,664,0,0
5808,Tech,23,23.31,8,2,572,0,1
5809,Consulting,15,24.2,7,2,724,0,0
5810,Retail,14,9.29,10,0,747,0,1
5811,Consulting,12,43.87,7,0,843,1,0
5812,Consulting,3,26.53,4,0,718,1,0
5813,Retail,10,43.41,3,0,710,0,0
5814,Consulting,8,13.5,4,0,710,1,0
5815,Tech,6,9.03,5,0,660,0,0
5816,Consulting,22,1.39,7,0,683,0,0
5817,Retail,14,5.15,3,1,676,1,0
5818,Healthcare,17,7.8,10,0,654,0,0
5819,Consulting,21,4.4,6,1,707,0,0
5820,Manufacturing,19,44.9,7,2,744,0,1
5821,Tech,16,45.62,5,0,617,0,0
5822,Tech,15,46.9,8,0,699,0,0
5823,Manufacturing,15,48.01,7,0,737,1,1
5824,Manufacturing,1,24.85,10,0,717,1,1
5825,Consulting,24,26.74,8,2,723,1,1
5826,Manufacturing,23,6.98,7,1,731,0,0
5827,Healthcare,23,7.28,5,0,722,1,0
5828,Retail,12,38.75,5,1,624,0,1
5829,Manufacturing,10,42.86,8,0,733,1,0
5830,Manufacturing,14,39.34,4,0,670,0,0
5831,Healthcare,10,41.81,4,0,689,0,0
5832,Tech,10,14.19,3,1,721,0,0
5833,Tech,20,23.57,4,1,696,0,0
5834,Consulting,11,23.23,5,1,648,0,0
5835,Healthcare,22,49.77,5,1,747,0,1
5836,Retail,16,47.48,3,0,653,0,0
5837,Retail,9,30.13,7,0,681,0,1
5838,Healthcare,15,7.33,4,0,745,0,0
5839,Retail,14,13.3,2,0,655,0,0
5840,Tech,19,18.51,2,0,781,0,0
5841,Retail,9,43.72,4,0,660,0,0
5842,Retail,4,8.95,2,2,672,0,0
5843,Healthcare,21,11.38,7,0,710,0,1
5844,Healthcare,7,17.79,7,0,621,0,0
5845,Retail,22,46.38,5,1,626,0,1
5846,Manufacturing,8,25.44,3,1,800,1,0
5847,Healthcare,24,32.52,9,0,706,0,0
5848,Consulting,8,19.67,6,0,745,0,0
5849,Consulting,19,9.83,7,0,739,0,0
5850,Tech,15,11.53,6,2,707,0,0
5851,Retail,16,40.23,5,1,695,0,0
5852,Manufacturing,22,44.73,7,0,654,0,0
5853,Tech,23,24.91,4,0,768,0,0
5854,Retail,9,18.17,3,0,676,0,0
5855,Healthcare,12,40.49,8,0,673,0,0
5856,Consulting,16,33.82,9,0,568,0,0
5857,Manufacturing,4,2.52,1,0,772,0,0
5858,Consulting,5,17.86,2,0,692,0,0
5859,Healthcare,8,34.27,2,0,661,0,0
5860,Retail,1,28.9,2,2,791,0,0
5861,Healthcare,6,48.91,2,2,600,1,1
5862,Healthcare,15,43.37,2,0,637,0,0
5863,Consulting,4,3.46,3,0,632,0,1
5864,Manufacturing,21,36.43,7,0,722,0,0
5865,Healthcare,11,17.15,4,0,703,0,0
5866,Consulting,5,34.26,2,0,708,1,0
5867,Manufacturing,18,31.05,2,0,750,0,0
5868,Retail,24,25.4,2,0,707,0,0
5869,Retail,15,42.72,4,0,705,0,1
5870,Tech,18,35.58,7,2,596,0,1
5871,Consulting,20,44.53,0,0,715,0,0
5872,Manufacturing,13,14.44,4,2,648,0,0
5873,Healthcare,5,17.73,2,1,713,1,1
5874,Retail,1,31.29,5,0,721,0,0
5875,Manufacturing,22,48.34,5,1,737,0,1
5876,Consulting,18,18.89,5,0,832,1,0
5877,Tech,14,2.1,9,2,782,0,1
5878,Retail,5,22.57,6,1,765,0,0
5879,Manufacturing,6,27.42,4,0,666,0,0
5880,Manufacturing,24,40.15,6,2,815,0,1
5881,Manufacturing,16,36.57,5,0,719,0,1
5882,Consulting,22,48.25,4,0,815,0,0
5883,Consulting,21,39.24,6,1,736,0,1
5884,Consulting,12,15.28,4,0,570,0,0
5885,Healthcare,20,32.25,6,2,747,0,0
5886,Manufacturing,18,33.78,8,0,718,0,0
5887,Retail,2,49.9,8,0,676,0,0
5888,Consulting,23,7.37,5,1,725,1,0
5889,Consulting,21,9.97,3,0,697,1,0
5890,Manufacturing,23,8.2,4,1,722,0,0
5891,Consulting,13,29.66,1,0,680,1,0
5892,Healthcare,17,7.2,3,1,697,0,0
5893,Healthcare,17,32.97,5,0,674,0,0
5894,Consulting,16,40.29,1,1,673,0,0
5895,Manufacturing,21,21.92,4,0,706,1,0
5896,Manufacturing,18,28.25,4,0,732,0,0
5897,Manufacturing,8,45.68,5,0,639,0,0
5898,Tech,3,28.69,9,2,684,0,1
5899,Consulting,17,10.83,6,1,690,0,0
5900,Manufacturing,18,17.49,8,0,753,0,0
5901,Healthcare,23,26.73,6,0,713,0,0
5902,Retail,6,8.17,9,0,640,0,0
5903,Retail,8,30.82,4,2,714,0,1
5904,Manufacturing,23,49.96,8,0,722,0,0
5905,Retail,13,32.8,5,2,738,0,0
5906,Retail,8,18.93,2,1,669,0,0
5907,Tech,19,16.92,5,0,716,0,1
5908,Healthcare,6,46.61,11,0,707,1,1
5909,Healthcare,23,43.64,8,1,708,0,1
5910,Tech,15,23.88,8,1,702,0,0
5911,Tech,10,17.99,6,0,808,0,1
5912,Retail,17,35.67,3,0,819,0,0
5913,Consulting,1,16.07,1,0,752,0,0
5914,Retail,7,6.41,6,0,690,0,0
5915,Tech,13,15.85,6,0,733,1,0
5916,Healthcare,3,22.0,7,2,690,0,1
5917,Retail,19,13.14,4,2,696,1,0
5918,Consulting,15,11.23,8,0,679,0,0
5919,Retail,5,0.8,9,0,619,0,0
5920,Manufacturing,11,31.73,5,1,576,0,0
5921,Retail,22,30.92,5,0,675,1,0
5922,Tech,18,9.81,8,0,664,0,0
5923,Healthcare,3,47.21,2,1,662,1,0
5924,Healthcare,6,20.77,5,0,762,0,0
5925,Tech,3,1.76,5,0,658,0,0
5926,Manufacturing,5,11.38,3,0,638,0,0
5927,Tech,9,34.76,5,0,755,0,1
5928,Retail,19,10.48,4,0,690,0,0
5929,Tech,13,3.17,7,0,666,0,0
5930,Tech,6,31.08,4,0,689,0,0
5931,Manufacturing,11,26.16,5,0,744,0,0
5932,Retail,21,38.18,2,0,694,0,0
5933,Consulting,21,38.75,3,0,698,0,0
5934,Consulting,14,48.02,5,0,697,0,1
5935,Healthcare,6,3.32,7,0,711,0,0
5936,Tech,6,2.43,6,0,668,0,0
5937,Healthcare,17,49.37,6,2,615,0,1
5938,Manufacturing,11,32.42,4,0,709,0,0
5939,Consulting,15,35.91,8,2,659,0,1
5940,Tech,9,5.28,3,2,714,0,0
5941,Manufacturing,21,3.96,6,0,637,1,0
5942,Manufacturing,17,8.43,4,0,740,0,0
5943,Tech,24,21.65,5,0,662,0,0
5944,Manufacturing,7,5.95,3,0,684,0,0
5945,Tech,7,22.59,7,2,652,0,1
5946,Tech,21,28.3,7,1,750,1,0
5947,Retail,1,0.52,10,0,720,0,1
5948,Healthcare,8,6.16,9,0,644,0,0
5949,Manufacturing,5,19.07,4,0,813,0,0
5950,Manufacturing,19,3.14,4,0,655,0,0
5951,Retail,8,7.11,10,0,655,0,0
5952,Retail,17,11.97,6,1,720,0,0
5953,Retail,19,21.77,4,0,763,1,0
5954,Consulting,12,35.88,8,1,704,0,1
5955,Consulting,23,7.07,4,0,714,0,0
5956,Consulting,15,37.03,9,0,708,1,1
5957,Tech,4,42.83,2,1,674,0,0
5958,Manufacturing,23,32.75,7,0,708,0,0
5959,Healthcare,12,2.66,2,0,755,0,0
5960,Tech,13,22.31,8,0,779,0,0
5961,Manufacturing,14,33.17,8,0,732,0,0
5962,Manufacturing,5,48.94,2,0,754,1,0
5963,Retail,22,47.61,5,0,732,0,1
5964,Retail,16,20.09,6,1,681,0,0
5965,Tech,7,30.99,4,0,745,1,0
5966,Retail,15,44.6,5,0,636,0,0
5967,Manufacturing,13,41.64,4,1,690,1,0
5968,Retail,16,24.23,1,1,793,0,0
5969,Consulting,12,13.43,2,0,685,0,0
5970,Retail,7,7.29,3,0,704,0,0
5971,Manufacturing,16,24.66,6,1,663,0,0
5972,Tech,23,36.28,4,1,646,0,0
5973,Healthcare,23,48.5,6,0,713,0,0
5974,Retail,13,43.16,10,0,708,0,0
5975,Manufacturing,23,10.61,6,1,768,0,1
5976,Healthcare,3,36.13,7,0,624,1,0
5977,Healthcare,15,14.81,7,0,727,0,0
5978,Consulting,3,34.33,10,2,721,0,1
5979,Healthcare,7,33.46,6,0,673,0,0
5980,Manufacturing,18,13.99,6,0,739,0,0
5981,Manufacturing,14,12.1,7,0,624,0,1
5982,Retail,18,5.64,5,0,632,0,0
5983,Retail,19,3.0,10,0,607,0,0
5984,Retail,14,42.99,5,0,677,0,0
5985,Healthcare,20,2.97,6,0,714,0,0
5986,Healthcare,6,4.89,2,0,712,0,0
5987,Consulting,8,12.32,7,0,670,0,0
5988,Retail,7,44.44,5,2,783,0,1
5989,Tech,20,16.98,6,0,707,0,0
5990,Consulting,18,9.99,3,0,604,1,1
5991,Tech,18,35.92,5,0,799,0,0
5992,Healthcare,15,16.29,5,0,786,0,0
5993,Consulting,20,17.0,12,0,744,0,1
5994,Consulting,22,37.08,8,1,717,0,1
5995,Manufacturing,19,12.96,5,0,707,0,1
5996,Healthcare,22,44.89,1,1,646,1,0
5997,Healthcare,21,28.29,4,1,706,0,0
5998,Consulting,21,27.12,6,0,702,0,1
5999,Healthcare,2,13.61,5,2,713,0,1
6000,Consulting,8,41.84,7,1,675,0,0
6001,Manufacturing,21,28.85,2,0,610,0,0
6002,Consulting,11,8.2,8,1,746,0,1
6003,Healthcare,18,10.71,6,0,692,0,0
6004,Healthcare,23,23.68,3,0,681,1,0
6005,Consulting,13,39.09,3,0,722,0,0
6006,Consulting,9,47.0,5,0,754,0,1
6007,Consulting,9,33.34,4,1,662,0,1
6008,Retail,17,25.55,5,1,729,1,0
6009,Healthcare,7,12.91,3,1,728,1,0
6010,Healthcare,9,33.81,5,1,724,0,1
6011,Retail,22,49.12,3,0,719,0,0
6012,Consulting,1,24.07,6,1,729,0,0
6013,Manufacturing,2,8.53,4,0,699,0,0
6014,Consulting,4,5.62,2,0,739,1,1
6015,Consulting,14,13.83,4,1,701,0,0
6016,Retail,4,28.69,7,0,780,1,1
6017,Healthcare,2,47.37,9,0,768,1,0
6018,Consulting,8,15.31,7,0,765,0,0
6019,Healthcare,18,15.62,9,0,596,0,0
6020,Tech,19,24.32,2,0,666,1,0
6021,Healthcare,14,45.97,8,0,798,1,1
6022,Manufacturing,20,21.24,5,1,622,0,0
6023,Manufacturing,10,11.55,7,0,809,1,0
6024,Consulting,17,8.57,3,2,720,0,1
6025,Healthcare,8,23.12,3,1,697,0,0
6026,Consulting,14,40.13,11,0,669,0,1
6027,Retail,21,14.92,5,0,701,1,0
6028,Manufacturing,23,25.87,4,0,697,0,0
6029,Consulting,8,30.35,7,1,657,0,0
6030,Retail,5,22.8,8,1,636,0,0
6031,Consulting,16,9.99,1,2,635,0,0
6032,Healthcare,8,46.13,5,0,764,0,0
6033,Healthcare,10,28.49,4,0,733,0,0
6034,Healthcare,8,36.59,4,1,721,1,1
6035,Healthcare,9,31.98,2,0,649,0,0
6036,Tech,18,49.9,7,0,720,0,0
6037,Retail,3,23.09,9,0,784,1,0
6038,Retail,17,21.54,13,0,681,0,1
6039,Healthcare,20,18.33,6,0,691,0,1
6040,Tech,15,18.4,7,0,722,0,1
6041,Healthcare,21,14.15,4,2,625,1,0
6042,Tech,17,49.04,4,0,776,0,0
6043,Healthcare,8,43.6,5,0,743,0,0
6044,Manufacturing,2,16.18,2,0,733,0,1
6045,Manufacturing,17,15.61,4,2,703,0,0
6046,Consulting,18,5.62,2,0,636,0,0
6047,Healthcare,5,43.91,6,0,729,0,1
6048,Retail,9,18.9,8,0,689,1,0
6049,Consulting,9,28.84,4,0,750,0,0
6050,Manufacturing,2,45.07,3,0,689,0,0
6051,Healthcare,2,20.7,1,0,814,1,0
6052,Consulting,19,40.44,6,0,664,0,1
6053,Healthcare,23,21.8,7,2,668,0,1
6054,Manufacturing,3,35.2,7,0,659,0,0
6055,Consulting,17,21.84,1,0,818,0,1
6056,Manufacturing,14,19.94,5,0,648,0,0
6057,Tech,14,49.54,5,0,773,0,0
6058,Manufacturing,14,30.81,3,0,566,0,0
6059,Healthcare,6,18.69,0,2,697,1,0
6060,Retail,3,13.26,3,2,658,0,0
6061,Manufacturing,1,2.47,4,0,712,1,1
6062,Retail,16,35.48,9,1,773,0,0
6063,Tech,4,18.92,4,0,660,1,0
6064,Consulting,1,41.15,2,1,697,0,0
6065,Consulting,17,18.51,4,0,701,0,0
6066,Retail,18,18.98,7,1,718,1,1
6067,Consulting,8,39.07,10,2,661,0,1
6068,Manufacturing,2,24.73,5,0,695,0,0
6069,Retail,18,44.3,8,0,655,0,1
6070,Healthcare,16,29.71,1,0,747,0,0
6071,Manufacturing,10,12.41,4,0,710,0,0
6072,Manufacturing,8,28.63,7,0,679,1,0
6073,Manufacturing,12,0.7,5,1,665,0,0
6074,Healthcare,22,15.96,7,1,698,0,1
6075,Tech,16,10.79,3,0,691,0,0
6076,Consulting,12,32.88,3,0,758,1,0
6077,Retail,11,7.23,4,0,679,0,0
6078,Tech,20,14.86,6,0,654,0,0
6079,Retail,19,16.9,6,0,692,0,0
6080,Consulting,1,0.66,6,1,619,0,0
6081,Healthcare,3,2.81,8,0,743,0,0
6082,Manufacturing,12,15.9,5,0,769,1,0
6083,Manufacturing,9,11.51,5,2,785,0,1
6084,Healthcare,21,6.29,6,0,592,0,1
6085,Tech,22,8.13,5,0,680,0,0
6086,Tech,5,41.86,5,0,740,1,0
6087,Retail,1,34.32,4,0,713,1,0
6088,Healthcare,10,24.46,5,0,658,1,0
6089,Tech,17,45.49,7,1,712,0,1
6090,Healthcare,4,1.96,3,1,727,1,0
6091,Consulting,15,17.57,7,2,691,0,1
6092,Manufacturing,19,41.26,8,0,668,0,0
6093,Manufacturing,8,31.6,4,0,652,1,0
6094,Manufacturing,23,49.09,5,2,740,0,0
6095,Healthcare,15,47.25,7,2,753,0,1
6096,Healthcare,7,8.91,2,0,790,0,0
6097,Retail,15,48.61,5,0,712,0,1
6098,Manufacturing,8,47.3,3,0,677,0,1
6099,Retail,23,18.99,7,0,640,0,0
6100,Manufacturing,10,49.15,4,2,688,0,1
6101,Retail,18,2.27,1,0,706,0,0
6102,Retail,4,33.21,9,2,710,0,1
6103,Consulting,15,13.67,6,0,679,0,0
6104,Retail,11,6.91,1,2,785,0,1
6105,Healthcare,22,29.09,3,0,766,0,0
6106,Retail,3,15.66,2,0,768,0,0
6107,Manufacturing,15,33.51,3,0,685,0,0
6108,Retail,3,27.23,10,0,712,0,0
6109,Tech,15,19.93,3,0,675,0,0
6110,Manufacturing,6,9.5,1,0,689,0,0
6111,Tech,1,30.26,0,1,763,0,0
6112,Manufacturing,14,41.55,4,0,657,0,0
6113,Healthcare,16,30.2,5,0,700,0,1
6114,Healthcare,1,30.72,4,0,691,0,1
6115,Healthcare,21,25.84,2,0,680,1,0
6116,Tech,17,19.72,4,0,738,0,1
6117,Consulting,8,23.14,4,0,695,0,0
6118,Manufacturing,18,49.48,4,0,702,0,0
6119,Healthcare,16,37.61,3,0,751,1,1
6120,Manufacturing,6,21.81,4,0,707,1,0
6121,Tech,10,23.14,4,0,786,0,0
6122,Consulting,10,25.23,9,1,634,1,1
6123,Tech,5,33.14,5,2,768,0,0
6124,Manufacturing,12,23.56,5,0,739,0,0
6125,Consulting,20,34.47,4,0,737,1,0
6126,Consulting,17,16.79,6,0,659,0,0
6127,Tech,14,20.83,3,0,726,1,0
6128,Healthcare,14,43.27,6,0,628,0,0
6129,Manufacturing,3,16.78,5,0,724,1,0
6130,Retail,12,48.24,3,0,664,0,0
6131,Retail,20,9.04,6,1,746,0,0
6132,Tech,18,12.46,9,0,634,1,0
6133,Manufacturing,12,23.45,3,0,677,0,0
6134,Manufacturing,2,39.97,6,0,670,1,1
6135,Tech,2,36.71,9,1,709,0,0
6136,Manufacturing,17,9.14,1,0,686,0,0
6137,Healthcare,10,12.22,5,2,720,0,0
6138,Tech,18,28.98,9,0,658,1,1
6139,Healthcare,22,15.11,9,2,776,0,1
6140,Manufacturing,19,21.41,6,0,733,0,0
6141,Tech,21,24.59,5,0,650,0,0
6142,Manufacturing,1,29.92,3,0,771,0,1
6143,Tech,24,12.93,7,2,700,0,0
6144,Manufacturing,4,8.58,11,1,733,1,0
6145,Healthcare,4,20.23,5,2,695,0,1
6146,Healthcare,2,4.56,5,0,715,0,0
6147,Manufacturing,19,26.57,11,0,825,1,1
6148,Tech,21,42.06,7,0,740,0,1
6149,Retail,12,6.39,7,0,795,0,0
6150,Healthcare,10,6.08,2,0,737,0,0
6151,Healthcare,13,4.47,4,0,684,0,1
6152,Retail,22,42.47,9,0,692,0,0
6153,Manufacturing,23,4.49,2,0,713,0,0
6154,Tech,20,49.18,5,0,631,0,0
6155,Manufacturing,23,18.24,7,0,695,0,0
6156,Consulting,15,16.77,4,0,757,0,1
6157,Healthcare,3,5.04,2,0,757,1,0
6158,Consulting,23,29.49,7,0,655,0,0
6159,Healthcare,20,29.5,1,0,759,1,0
6160,Healthcare,13,24.94,5,0,680,0,0
6161,Consulting,8,15.9,5,0,568,0,0
6162,Consulting,7,18.74,4,0,668,0,1
6163,Manufacturing,24,16.36,5,0,741,0,0
6164,Consulting,8,21.59,6,0,668,1,0
6165,Manufacturing,18,17.42,8,0,711,0,0
6166,Manufacturing,9,33.94,4,0,677,0,0
6167,Manufacturing,6,15.14,6,1,685,0,1
6168,Healthcare,4,17.87,5,1,742,0,1
6169,Healthcare,15,22.06,3,0,807,0,0
6170,Consulting,5,0.7,4,0,677,1,0
6171,Healthcare,5,24.86,6,0,659,0,0
6172,Consulting,7,13.16,9,0,722,0,0
6173,Healthcare,9,3.28,8,0,705,0,0
6174,Tech,7,45.6,4,0,737,0,0
6175,Tech,9,16.46,0,0,784,0,0
6176,Consulting,20,21.59,4,0,759,0,0
6177,Healthcare,10,41.45,7,0,680,0,0
6178,Healthcare,4,8.76,2,0,723,0,0
6179,Manufacturing,6,42.59,4,2,703,0,0
6180,Retail,24,12.46,4,1,705,0,1
6181,Consulting,14,29.66,1,0,733,1,1
6182,Retail,9,34.44,3,1,669,0,0
6183,Retail,1,45.3,3,0,837,0,0
6184,Consulting,17,30.58,1,0,707,0,1
6185,Healthcare,13,22.93,2,0,706,0,0
6186,Consulting,24,28.83,12,0,711,0,1
6187,Retail,7,10.5,7,2,764,0,0
6188,Healthcare,9,34.61,6,0,657,0,0
6189,Tech,11,9.75,6,0,703,0,0
6190,Consulting,3,28.08,4,2,628,0,1
6191,Consulting,12,32.56,7,1,673,0,0
6192,Healthcare,21,44.98,4,2,728,1,0
6193,Tech,3,22.78,8,0,671,0,0
6194,Tech,15,38.88,5,0,703,0,0
6195,Healthcare,21,8.79,7,2,677,0,0
6196,Manufacturing,10,8.23,4,1,750,0,0
6197,Consulting,1,26.48,6,1,641,0,1
6198,Consulting,14,30.02,4,0,658,0,0
6199,Retail,20,31.8,5,0,659,0,0
6200,Healthcare,6,37.41,1,1,727,0,0
6201,Retail,2,15.1,4,0,680,1,0
6202,Retail,23,31.32,8,0,707,1,0
6203,Tech,8,9.81,1,0,766,0,0
6204,Consulting,1,11.34,4,0,684,0,0
6205,Retail,4,3.83,7,1,776,0,0
6206,Tech,4,37.48,8,1,593,0,0
6207,Healthcare,5,25.6,7,0,637,1,1
6208,Retail,20,12.29,8,1,686,0,0
6209,Consulting,9,28.03,6,0,627,0,0
6210,Retail,23,18.03,3,0,738,1,0
6211,Healthcare,13,41.94,2,1,724,0,0
6212,Retail,18,26.64,4,1,727,1,0
6213,Consulting,17,1.98,5,0,632,0,0
6214,Tech,1,49.26,1,1,690,0,0
6215,Consulting,22,4.18,4,1,698,0,1
6216,Tech,15,34.95,3,2,668,0,0
6217,Manufacturing,2,22.14,5,0,680,0,1
6218,Consulting,16,12.84,6,0,673,0,1
6219,Consulting,20,33.98,1,0,680,0,0
6220,Healthcare,22,6.73,4,0,774,0,0
6221,Retail,5,42.98,4,0,633,0,1
6222,Tech,22,12.91,5,2,630,0,0
6223,Tech,19,18.39,9,0,818,0,1
6224,Healthcare,5,31.82,2,1,799,0,1
6225,Healthcare,2,0.55,4,1,759,0,0
6226,Retail,7,23.9,7,0,646,0,0
6227,Retail,3,44.77,6,0,651,0,1
6228,Consulting,17,34.18,3,1,660,0,1
6229,Manufacturing,24,19.7,5,2,703,1,1
6230,Retail,24,33.19,10,1,722,0,1
6231,Healthcare,3,46.86,2,0,635,0,0
6232,Retail,13,9.8,3,0,682,1,0
6233,Tech,7,26.82,7,0,682,0,0
6234,Manufacturing,24,12.12,8,1,683,0,1
6235,Consulting,3,42.78,4,0,701,0,1
6236,Tech,15,36.19,8,0,707,0,1
6237,Tech,18,40.15,2,0,807,0,0
6238,Manufacturing,10,47.18,4,0,659,0,1
6239,Consulting,23,12.0,3,1,715,0,1
6240,Healthcare,7,2.91,3,2,667,1,0
6241,Consulting,9,14.9,5,0,806,0,0
6242,Retail,5,20.26,3,0,686,0,0
6243,Tech,20,31.45,4,1,656,0,1
6244,Retail,8,39.99,9,1,656,1,1
6245,Healthcare,14,17.82,6,0,688,0,1
6246,Retail,4,23.94,4,2,748,1,0
6247,Consulting,20,39.38,4,0,674,0,0
6248,Retail,14,11.65,6,1,717,0,1
6249,Healthcare,12,11.25,5,0,725,0,0
6250,Healthcare,2,29.67,2,0,722,0,0
6251,Healthcare,13,22.08,4,0,636,0,0
6252,Consulting,1,47.47,1,1,721,0,1
6253,Healthcare,20,18.17,6,0,695,0,0
6254,Tech,7,38.1,4,0,768,0,0
6255,Healthcare,9,29.36,7,0,710,0,1
6256,Retail,17,3.2,2,0,702,0,0
6257,Retail,21,4.68,4,0,746,0,0
6258,Retail,23,10.56,2,0,678,0,0
6259,Consulting,13,7.59,4,0,827,1,0
6260,Retail,23,16.8,4,1,660,0,0
6261,Consulting,10,29.16,2,0,686,0,1
6262,Consulting,16,30.32,5,0,645,0,0
6263,Healthcare,6,29.59,6,0,613,1,0
6264,Tech,16,6.32,5,0,681,0,0
6265,Healthcare,11,30.21,3,1,687,0,0
6266,Healthcare,20,20.78,3,0,665,0,0
6267,Consulting,3,45.2,3,1,621,0,0
6268,Consulting,9,45.64,3,2,768,0,0
6269,Retail,15,38.52,6,0,664,0,1
6270,Retail,13,35.3,11,1,669,1,0
6271,Healthcare,10,6.19,9,0,721,0,0
6272,Manufacturing,20,4.69,1,0,695,0,0
6273,Manufacturing,24,42.12,4,0,659,0,0
6274,Retail,13,21.64,6,2,713,1,0
6275,Manufacturing,17,22.84,5,1,713,0,0
6276,Retail,7,42.47,4,0,647,1,1
6277,Consulting,6,31.26,3,0,733,1,0
6278,Healthcare,13,9.38,4,0,674,0,0
6279,Tech,17,10.95,4,0,771,0,0
6280,Healthcare,15,0.82,4,0,761,1,0
6281,Retail,4,35.68,6,0,734,0,1
6282,Retail,15,24.54,4,2,720,1,0
6283,Healthcare,14,47.52,3,1,667,0,1
6284,Retail,21,35.84,3,0,626,1,1
6285,Manufacturing,11,5.61,3,0,622,0,0
6286,Manufacturing,24,8.5,7,0,638,0,0
6287,Retail,4,25.34,7,1,755,0,0
6288,Retail,3,46.28,6,0,731,1,1
6289,Manufacturing,2,12.74,6,0,699,0,0
6290,Retail,20,41.37,1,2,701,0,0
6291,Retail,10,15.96,4,0,706,0,0
6292,Healthcare,13,13.86,6,1,692,1,1
6293,Tech,20,45.12,5,2,742,0,1
6294,Manufacturing,21,2.84,5,2,738,1,1
6295,Healthcare,23,33.21,4,0,724,0,0
6296,Tech,18,2.64,3,0,667,0,0
6297,Retail,21,40.14,2,2,671,0,1
6298,Retail,16,41.56,2,1,705,0,0
6299,Healthcare,11,44.72,9,1,651,1,0
6300,Retail,10,9.71,8,2,664,0,1
6301,Consulting,9,6.66,6,0,654,0,0
6302,Healthcare,12,25.42,5,0,668,0,0
6303,Tech,19,13.95,4,0,632,0,0
6304,Healthcare,1,30.51,5,2,675,0,0
6305,Manufacturing,18,25.93,6,0,689,0,0
6306,Healthcare,14,7.67,4,0,697,1,0
6307,Retail,22,37.09,6,0,658,1,0
6308,Retail,21,40.29,8,0,763,1,1
6309,Consulting,1,48.17,3,0,736,1,0
6310,Consulting,17,20.08,6,0,678,0,0
6311,Consulting,11,17.22,3,1,729,0,1
6312,Tech,20,10.02,8,1,720,0,0
6313,Consulting,15,9.45,6,2,719,0,0
6314,Tech,4,16.39,5,0,730,0,0
6315,Consulting,15,49.1,5,0,695,0,1
6316,Tech,22,5.07,3,1,691,0,0
6317,Healthcare,22,13.34,11,0,611,0,0
6318,Healthcare,14,4.76,5,1,738,0,0
6319,Retail,22,14.04,3,0,726,1,0
6320,Tech,1,5.07,7,0,756,0,0
6321,Manufacturing,9,25.66,13,2,635,1,1
6322,Retail,7,22.2,6,0,766,0,0
6323,Healthcare,23,9.12,7,1,774,0,0
6324,Tech,11,9.15,6,0,731,0,0
6325,Consulting,23,31.49,4,0,717,0,0
6326,Manufacturing,2,19.66,4,0,701,0,0
6327,Healthcare,2,3.28,5,2,660,0,0
6328,Retail,6,46.05,3,0,708,0,0
6329,Tech,23,20.55,5,0,720,0,0
6330,Manufacturing,19,29.76,5,1,746,1,1
6331,Tech,20,44.33,9,0,776,0,0
6332,Consulting,14,20.41,2,0,704,0,0
6333,Retail,3,41.12,5,0,714,0,0
6334,Tech,7,45.78,3,0,706,1,0
6335,Healthcare,7,9.12,7,0,790,0,0
6336,Retail,4,44.68,11,1,684,0,1
6337,Healthcare,23,6.43,5,0,612,0,0
6338,Tech,5,14.12,3,0,683,0,0
6339,Retail,17,40.51,3,0,743,0,1
6340,Healthcare,4,45.08,3,0,615,0,0
6341,Consulting,23,34.36,2,2,701,0,1
6342,Consulting,13,5.69,8,0,633,0,0
6343,Tech,16,26.39,3,0,717,1,1
6344,Retail,16,28.85,1,0,794,0,0
6345,Manufacturing,2,14.45,2,0,628,0,0
6346,Retail,18,49.57,5,0,715,0,0
6347,Consulting,1,17.11,4,0,752,0,0
6348,Healthcare,18,10.91,5,0,784,0,0
6349,Manufacturing,8,5.95,4,1,794,1,0
6350,Tech,11,19.24,2,0,716,0,0
6351,Manufacturing,24,34.78,8,0,752,0,0
6352,Tech,24,11.96,8,0,755,0,0
6353,Manufacturing,15,38.59,6,0,713,0,1
6354,Tech,16,7.2,2,0,646,0,0
6355,Tech,17,22.3,8,0,742,0,0
6356,Manufacturing,17,35.27,5,1,778,0,0
6357,Manufacturing,12,7.2,4,0,633,1,0
6358,Tech,10,30.09,4,0,725,0,0
6359,Consulting,20,40.05,4,2,683,0,1
6360,Manufacturing,6,29.98,3,1,717,0,1
6361,Retail,8,25.82,3,1,677,0,0
6362,Healthcare,13,42.0,4,0,722,0,0
6363,Tech,2,49.28,7,0,743,0,0
6364,Tech,19,9.47,4,0,673,1,0
6365,Healthcare,22,34.72,7,0,684,0,0
6366,Consulting,10,4.49,5,0,682,0,0
6367,Healthcare,4,2.62,7,0,766,0,0
6368,Manufacturing,12,14.4,5,2,776,0,1
6369,Healthcare,18,48.56,6,0,619,0,1
6370,Tech,7,27.83,6,1,712,0,0
6371,Healthcare,20,13.78,4,0,697,1,0
6372,Retail,24,7.06,2,1,673,0,0
6373,Manufacturing,24,46.05,3,0,735,0,0
6374,Healthcare,23,18.44,11,0,700,0,0
6375,Tech,4,15.68,10,0,776,0,0
6376,Manufacturing,7,42.97,6,0,718,0,0
6377,Tech,10,30.42,6,1,659,0,0
6378,Consulting,15,8.85,4,0,694,0,0
6379,Retail,12,21.36,5,0,667,1,0
6380,Consulting,1,46.45,10,0,779,0,0
6381,Retail,20,45.11,8,0,717,0,0
6382,Healthcare,18,3.97,4,0,748,0,0
6383,Manufacturing,16,13.8,5,1,635,1,0
6384,Healthcare,5,8.15,6,0,692,0,0
6385,Retail,19,26.92,4,0,673,1,0
6386,Retail,4,37.62,7,0,647,0,0
6387,Retail,6,15.13,6,0,697,0,0
6388,Tech,17,38.02,5,0,693,0,1
6389,Manufacturing,7,33.6,2,1,657,0,1
6390,Healthcare,24,36.55,7,1,707,0,1
6391,Healthcare,23,47.44,6,2,735,0,0
6392,Consulting,7,21.52,8,0,752,0,1
6393,Retail,9,17.46,2,1,672,1,0
6394,Retail,13,34.35,6,0,706,0,0
6395,Retail,20,40.47,7,0,648,0,0
6396,Healthcare,14,9.98,7,0,630,0,0
6397,Consulting,16,42.42,3,0,687,0,0
6398,Tech,23,3.36,6,1,667,0,0
6399,Manufacturing,9,0.82,5,0,607,0,0
6400,Tech,15,8.34,2,0,734,1,0
6401,Healthcare,5,48.94,4,0,691,0,0
6402,Retail,18,26.42,2,1,717,0,0
6403,Manufacturing,21,2.81,2,0,726,0,0
6404,Healthcare,20,49.86,2,0,804,0,1
6405,Healthcare,8,37.37,6,0,716,0,0
6406,Healthcare,15,41.98,3,0,695,0,0
6407,Manufacturing,21,11.04,3,0,683,0,0
6408,Manufacturing,9,5.72,3,0,719,0,0
6409,Consulting,19,26.0,12,0,634,0,1
6410,Consulting,22,38.72,6,0,629,0,0
6411,Tech,6,32.07,5,0,717,0,0
6412,Manufacturing,4,31.74,5,1,692,0,0
6413,Manufacturing,11,37.98,9,0,702,1,0
6414,Manufacturing,10,11.74,5,0,648,0,0
6415,Consulting,3,33.25,7,0,773,0,1
6416,Healthcare,1,19.91,3,1,605,1,0
6417,Retail,12,3.95,5,0,715,0,0
6418,Consulting,23,10.51,7,0,659,0,0
6419,Manufacturing,15,39.8,5,1,652,0,0
6420,Consulting,15,44.85,5,2,833,0,1
6421,Tech,21,14.5,4,0,676,0,0
6422,Manufacturing,14,9.92,6,0,702,0,0
6423,Tech,7,1.82,5,0,741,0,0
6424,Manufacturing,17,47.41,4,1,752,0,1
6425,Consulting,24,34.35,6,0,770,1,0
6426,Healthcare,19,47.87,9,0,670,0,1
6427,Retail,7,43.26,5,0,776,0,0
6428,Tech,3,17.35,6,0,664,0,0
6429,Consulting,3,6.08,7,0,703,0,1
6430,Healthcare,18,25.2,5,0,699,0,0
6431,Consulting,20,1.83,5,1,713,0,0
6432,Tech,22,7.92,7,0,654,0,0
6433,Retail,14,12.05,2,0,706,0,0
6434,Consulting,3,33.45,14,0,726,0,1
6435,Manufacturing,7,25.74,3,0,672,0,0
6436,Healthcare,7,15.47,3,2,670,0,0
6437,Consulting,5,28.46,7,0,696,0,0
6438,Healthcare,3,6.7,5,0,687,0,0
6439,Manufacturing,18,37.91,3,0,764,1,0
6440,Retail,15,35.75,6,1,717,0,0
6441,Retail,20,11.22,10,1,740,0,0
6442,Manufacturing,14,30.52,3,0,708,0,0
6443,Healthcare,4,25.41,5,0,725,0,1
6444,Consulting,24,3.51,4,0,792,0,0
6445,Manufacturing,8,14.27,4,1,731,0,0
6446,Tech,21,49.97,5,0,667,1,1
6447,Healthcare,13,5.43,1,1,646,0,0
6448,Retail,22,25.57,6,0,641,0,0
6449,Manufacturing,8,42.54,2,0,647,0,1
6450,Retail,15,15.38,4,1,693,0,0
6451,Healthcare,17,13.41,13,0,748,0,0
6452,Retail,5,44.59,9,0,676,0,1
6453,Manufacturing,20,15.59,4,1,753,0,0
6454,Healthcare,4,32.75,1,0,623,0,0
6455,Tech,11,37.15,6,0,693,0,1
6456,Manufacturing,18,39.54,8,0,706,0,0
6457,Consulting,10,49.74,7,0,704,0,1
6458,Manufacturing,17,40.26,5,0,731,0,0
6459,Healthcare,15,33.02,7,0,732,0,0
6460,Manufacturing,6,44.83,6,0,721,0,0
6461,Tech,23,45.33,6,1,664,0,0
6462,Tech,21,48.67,6,2,738,0,1
6463,Consulting,16,38.94,6,0,664,1,0
6464,Retail,15,10.15,4,2,672,0,0
6465,Healthcare,8,35.64,7,0,727,0,1
6466,Healthcare,9,4.22,8,0,672,0,0
6467,Retail,11,16.24,4,1,647,0,1
6468,Tech,2,6.23,3,2,708,1,0
6469,Tech,13,47.52,1,1,675,1,0
6470,Manufacturing,4,17.27,6,0,688,0,0
6471,Consulting,9,35.8,2,1,720,1,0
6472,Consulting,5,28.78,3,0,756,0,0
6473,Consulting,19,5.82,4,0,715,0,0
6474,Manufacturing,22,28.29,9,2,684,0,1
6475,Consulting,3,33.22,4,0,715,1,0
6476,Retail,21,44.14,5,0,729,0,0
6477,Manufacturing,3,3.97,4,1,777,1,1
6478,Retail,6,15.13,2,0,699,0,0
6479,Manufacturing,10,34.77,8,1,651,0,1
6480,Consulting,5,2.2,9,2,593,0,0
6481,Retail,3,10.58,9,0,719,0,1
6482,Retail,22,11.32,7,0,697,1,0
6483,Retail,24,33.63,4,0,697,1,0
6484,Manufacturing,7,14.66,4,0,596,0,0
6485,Healthcare,22,30.18,9,0,749,0,1
6486,Consulting,18,48.28,4,2,658,1,0
6487,Retail,23,39.77,11,2,719,0,1
6488,Healthcare,8,16.98,8,0,782,0,0
6489,Consulting,1,23.88,4,1,645,0,0
6490,Consulting,4,10.43,5,0,749,0,0
6491,Retail,24,1.28,5,0,678,1,0
6492,Retail,7,14.84,6,0,706,0,0
6493,Manufacturing,14,18.79,2,0,728,0,1
6494,Healthcare,13,28.44,7,2,658,0,0
6495,Healthcare,10,47.23,6,1,716,0,1
6496,Retail,23,47.42,2,1,705,1,0
6497,Consulting,18,3.97,5,1,688,0,0
6498,Retail,1,30.92,3,0,694,0,0
6499,Consulting,4,2.6,2,1,683,0,0
6500,Consulting,16,32.58,7,0,636,0,0
6501,Retail,16,6.33,3,0,739,1,1
6502,Tech,18,47.35,3,0,657,0,0
6503,Healthcare,8,43.28,0,0,728,0,0
6504,Consulting,10,1.61,7,0,608,0,0
6505,Consulting,16,39.22,6,0,725,0,0
6506,Tech,23,31.98,6,0,612,0,0
6507,Manufacturing,24,25.02,4,1,753,0,0
6508,Tech,11,30.33,5,0,660,0,0
6509,Tech,6,34.07,3,0,740,1,0
6510,Consulting,1,44.28,10,0,733,0,0
6511,Healthcare,12,38.48,2,0,679,0,0
6512,Tech,6,28.98,2,1,756,0,0
6513,Manufacturing,13,41.32,3,0,647,0,0
6514,Retail,17,49.35,10,0,664,0,0
6515,Tech,1,15.36,5,0,596,0,0
6516,Tech,8,6.36,6,0,652,0,0
6517,Manufacturing,22,36.71,5,1,718,0,1
6518,Healthcare,8,48.94,8,1,698,0,1
6519,Tech,24,6.28,7,0,707,0,0
6520,Tech,11,21.87,0,0,704,0,0
6521,Healthcare,14,3.58,9,0,716,1,0
6522,Manufacturing,24,38.94,5,0,700,1,0
6523,Tech,10,47.46,6,0,712,0,0
6524,Healthcare,15,25.2,5,0,630,1,1
6525,Tech,7,20.77,5,0,657,0,0
6526,Retail,7,45.43,2,0,662,1,0
6527,Consulting,10,7.1,5,2,706,1,0
6528,Retail,4,44.63,4,0,734,1,1
6529,Tech,18,19.91,2,0,688,1,0
6530,Manufacturing,10,28.19,6,0,665,1,0
6531,Consulting,19,26.65,6,0,675,0,0
6532,Retail,14,30.99,5,0,710,1,0
6533,Healthcare,13,47.14,3,0,704,0,0
6534,Manufacturing,15,47.58,4,1,782,1,0
6535,Retail,16,41.64,4,0,748,0,0
6536,Healthcare,2,9.98,4,0,621,0,0
6537,Tech,4,17.01,5,1,663,0,1
6538,Healthcare,21,24.65,5,1,678,0,0
6539,Retail,18,45.32,6,0,760,0,1
6540,Retail,17,26.28,3,0,697,0,0
6541,Tech,10,48.88,7,0,752,0,0
6542,Healthcare,21,49.2,4,1,733,0,0
6543,Healthcare,9,30.13,5,1,700,0,0
6544,Tech,15,43.94,4,0,659,0,0
6545,Healthcare,12,49.96,4,1,762,0,1
6546,Tech,21,42.56,3,1,612,0,0
6547,Manufacturing,9,33.02,1,0,681,0,0
6548,Retail,14,42.33,2,0,657,0,0
6549,Manufacturing,13,4.59,4,1,651,0,0
6550,Consulting,6,31.92,3,1,719,0,0
6551,Consulting,19,11.22,3,0,715,0,0
6552,Consulting,4,6.25,3,0,680,0,0
6553,Tech,20,44.7,4,0,731,1,0
6554,Healthcare,17,32.16,4,0,751,0,0
6555,Manufacturing,19,12.56,7,1,776,0,0
6556,Manufacturing,3,19.65,3,0,606,0,0
6557,Manufacturing,14,48.68,5,0,777,0,0
6558,Manufacturing,17,43.18,2,0,749,0,0
6559,Consulting,13,1.27,3,0,704,1,0
6560,Manufacturing,9,49.0,6,0,620,0,0
6561,Healthcare,1,18.74,6,1,751,0,0
6562,Consulting,17,34.92,5,2,727,1,1
6563,Manufacturing,16,35.78,2,1,749,0,1
6564,Tech,18,45.63,7,2,742,0,0
6565,Retail,2,44.31,8,0,672,0,0
6566,Retail,14,14.45,4,1,758,0,0
6567,Retail,22,32.36,11,2,747,1,0
6568,Consulting,23,19.99,7,0,702,0,0
6569,Manufacturing,17,26.51,1,0,681,0,0
6570,Consulting,3,27.96,6,0,685,0,0
6571,Healthcare,2,20.12,9,0,789,0,0
6572,Tech,8,23.46,2,1,744,0,0
6573,Tech,2,10.81,6,2,680,0,0
6574,Retail,2,30.58,7,0,695,0,0
6575,Retail,9,38.07,7,0,688,0,1
6576,Retail,20,21.77,4,2,679,0,0
6577,Manufacturing,21,48.9,5,0,665,0,0
6578,Healthcare,6,3.33,6,1,647,1,0
6579,Healthcare,12,29.66,6,0,666,0,0
6580,Healthcare,9,29.39,7,0,702,0,0
6581,Healthcare,7,2.3,6,0,733,0,0
6582,Retail,12,11.62,9,0,669,0,0
6583,Tech,5,45.32,2,0,673,0,0
6584,Retail,16,27.45,9,0,656,0,0
6585,Healthcare,5,22.1,5,0,638,0,0
6586,Retail,12,21.07,5,0,692,0,0
6587,Healthcare,24,44.46,3,0,772,0,1
6588,Consulting,20,18.67,5,0,588,1,0
6589,Tech,9,43.03,5,0,718,0,0
6590,Consulting,23,15.81,6,0,662,0,0
6591,Manufacturing,7,26.81,6,0,706,0,1
6592,Retail,19,7.62,1,0,654,0,0
6593,Manufacturing,20,41.34,5,0,762,1,0
6594,Retail,23,36.93,1,0,713,0,0
6595,Consulting,11,26.74,6,0,653,0,0
6596,Healthcare,21,1.78,4,0,763,0,1
6597,Healthcare,12,24.32,5,0,665,0,0
6598,Retail,3,11.65,3,0,698,1,0
6599,Healthcare,17,20.96,2,0,688,1,0
6600,Consulting,7,42.89,5,0,748,0,0
6601,Healthcare,22,38.6,4,0,700,0,1
6602,Consulting,10,12.48,8,0,795,0,0
6603,Manufacturing,23,49.26,1,0,744,0,0
6604,Consulting,15,45.21,9,1,650,0,0
6605,Tech,2,26.67,7,0,825,0,0
6606,Tech,13,26.74,6,0,688,1,0
6607,Tech,4,45.11,3,0,679,0,0
6608,Retail,18,31.99,2,0,711,1,0
6609,Retail,24,27.07,6,0,665,0,0
6610,Retail,23,37.58,3,0,788,0,0
6611,Consulting,1,12.14,3,0,741,1,0
6612,Retail,2,43.98,4,2,744,0,0
6613,Manufacturing,2,26.81,6,0,710,0,0
6614,Tech,4,30.37,2,0,713,0,1
6615,Consulting,3,4.95,4,2,761,0,0
6616,Tech,17,15.82,5,0,647,0,0
6617,Retail,14,21.62,2,1,713,0,0
6618,Consulting,2,20.99,7,0,715,1,1
6619,Healthcare,16,39.03,5,0,703,0,1
6620,Manufacturing,11,14.47,6,0,818,1,0
6621,Retail,13,9.51,6,0,687,0,0
6622,Retail,1,29.34,7,1,671,0,0
6623,Manufacturing,23,30.94,4,1,768,0,0
6624,Manufacturing,2,6.52,3,0,792,0,0
6625,Healthcare,2,0.62,2,1,726,0,0
6626,Retail,21,45.92,2,0,717,0,0
6627,Retail,5,4.44,3,0,799,0,0
6628,Tech,4,44.94,5,0,742,0,1
6629,Consulting,12,20.26,3,0,667,0,0
6630,Consulting,3,32.83,10,0,694,0,0
6631,Tech,20,9.69,3,0,722,0,0
6632,Consulting,10,41.28,4,0,600,1,1
6633,Manufacturing,20,9.42,7,0,842,0,0
6634,Consulting,18,19.63,8,0,684,0,1
6635,Consulting,21,12.28,3,0,668,1,0
6636,Tech,21,41.96,6,0,709,0,0
6637,Healthcare,21,42.99,4,1,597,0,0
6638,Consulting,10,18.92,6,0,724,0,0
6639,Consulting,1,15.72,8,0,791,0,0
6640,Healthcare,6,38.79,2,0,754,1,0
6641,Tech,11,43.99,4,1,716,0,1
6642,Healthcare,2,31.39,1,0,639,0,0
6643,Tech,7,46.41,10,2,642,1,0
6644,Manufacturing,20,19.46,3,0,671,0,1
6645,Tech,21,8.02,8,2,711,0,1
6646,Manufacturing,21,9.39,8,1,718,1,0
6647,Manufacturing,21,33.66,7,0,663,0,0
6648,Tech,18,20.67,6,0,642,0,0
6649,Retail,21,8.24,6,0,601,0,0
6650,Tech,19,14.97,3,0,637,0,1
6651,Consulting,4,26.76,3,2,773,1,1
6652,Consulting,13,6.51,7,0,737,0,0
6653,Retail,18,0.67,2,1,766,0,0
6654,Manufacturing,20,45.91,4,0,664,1,0
6655,Retail,24,15.59,8,0,730,1,0
6656,Consulting,13,11.46,2,0,715,1,1
6657,Retail,19,35.07,3,0,668,0,1
6658,Tech,17,42.74,5,0,717,0,0
6659,Retail,1,31.8,1,1,794,0,1
6660,Manufacturing,6,13.1,4,0,734,1,0
6661,Tech,19,43.15,4,0,718,0,1
6662,Healthcare,20,25.77,3,1,759,0,0
6663,Consulting,1,19.37,4,2,649,0,0
6664,Consulting,8,30.43,4,2,719,1,0
6665,Retail,17,35.18,6,0,685,0,0
6666,Tech,21,29.89,5,1,624,0,0
6667,Healthcare,22,46.05,7,1,621,1,1
6668,Tech,15,31.59,1,0,657,0,0
6669,Consulting,18,43.99,3,1,689,0,0
6670,Tech,7,29.55,11,0,644,0,0
6671,Healthcare,16,16.82,7,0,699,1,0
6672,Retail,7,26.85,4,2,726,0,0
6673,Manufacturing,17,4.77,4,0,664,0,0
6674,Tech,4,11.89,5,0,772,0,0
6675,Manufacturing,12,38.43,4,0,749,0,1
6676,Consulting,13,33.24,7,0,643,1,0
6677,Retail,4,8.74,3,0,651,0,0
6678,Retail,21,22.18,1,0,769,0,0
6679,Tech,1,7.53,5,1,693,0,0
6680,Retail,1,42.86,4,2,727,0,1
6681,Tech,7,5.9,4,0,764,0,0
6682,Tech,9,32.88,5,2,671,0,0
6683,Manufacturing,1,30.55,6,2,670,1,1
6684,Retail,16,23.9,6,0,743,1,1
6685,Tech,18,14.27,5,0,751,0,0
6686,Manufacturing,22,20.5,5,1,770,0,0
6687,Healthcare,15,40.42,4,0,740,0,1
6688,Manufacturing,6,38.2,5,0,678,0,0
6689,Manufacturing,2,37.07,6,0,707,1,0
6690,Tech,9,37.62,7,2,680,0,1
6691,Consulting,4,7.62,3,0,705,0,0
6692,Consulting,13,5.41,8,0,781,1,0
6693,Consulting,23,43.14,1,1,693,1,0
6694,Manufacturing,22,41.94,9,0,733,0,1
6695,Tech,11,34.23,5,1,705,1,0
6696,Retail,13,30.49,4,0,675,0,0
6697,Manufacturing,11,18.66,4,0,673,0,0
6698,Manufacturing,19,11.59,2,0,741,0,0
6699,Tech,8,33.55,6,0,756,0,1
6700,Healthcare,7,45.7,4,0,639,0,1
6701,Manufacturing,16,22.13,6,0,685,0,0
6702,Healthcare,3,15.51,5,0,767,0,0
6703,Healthcare,17,13.9,6,0,710,0,0
6704,Consulting,18,1.67,1,2,682,0,0
6705,Tech,15,26.26,6,0,742,0,0
6706,Healthcare,17,49.42,6,2,692,1,1
6707,Tech,11,40.85,7,1,687,0,0
6708,Consulting,5,44.92,6,0,617,0,0
6709,Tech,16,31.25,7,0,649,0,0
6710,Manufacturing,15,24.33,5,0,740,0,0
6711,Healthcare,10,49.53,4,0,737,0,0
6712,Tech,14,22.63,5,1,655,0,1
6713,Retail,2,45.88,5,0,694,0,0
6714,Tech,16,38.21,3,0,695,0,1
6715,Healthcare,19,16.88,7,0,737,0,0
6716,Consulting,8,25.4,3,0,671,0,1
6717,Consulting,15,19.52,5,0,698,0,0
6718,Healthcare,10,7.24,1,0,733,0,0
6719,Manufacturing,5,18.16,4,1,703,0,0
6720,Manufacturing,20,44.5,9,0,587,0,0
6721,Consulting,16,37.76,6,1,772,1,0
6722,Consulting,21,14.24,4,0,718,0,0
6723,Healthcare,22,18.71,11,1,728,0,1
6724,Manufacturing,12,31.01,10,0,544,0,0
6725,Consulting,23,21.1,2,2,693,0,0
6726,Manufacturing,13,25.4,2,1,785,1,0
6727,Consulting,9,35.06,2,0,690,0,0
6728,Tech,17,23.63,2,1,685,0,0
6729,Retail,20,9.95,2,0,702,0,0
6730,Tech,12,26.27,6,0,801,0,0
6731,Consulting,5,18.13,2,1,676,0,0
6732,Retail,24,14.89,8,0,764,1,0
6733,Retail,12,16.74,10,0,683,0,0
6734,Consulting,1,22.23,5,1,672,0,0
6735,Consulting,20,44.39,5,0,697,0,1
6736,Manufacturing,16,36.84,5,0,650,0,0
6737,Consulting,12,33.56,5,1,660,0,0
6738,Healthcare,9,23.83,6,0,697,1,1
6739,Consulting,13,0.59,7,0,684,0,0
6740,Healthcare,17,17.36,5,1,682,0,0
6741,Consulting,17,40.75,4,0,693,0,0
6742,Manufacturing,4,19.71,5,1,630,0,0
6743,Healthcare,14,28.41,5,1,660,1,1
6744,Tech,19,10.63,5,1,724,0,0
6745,Healthcare,7,45.83,1,0,659,0,0
6746,Manufacturing,3,46.2,7,1,691,0,1
6747,Healthcare,1,7.73,9,0,644,0,0
6748,Consulting,12,36.35,5,1,798,0,0
6749,Consulting,15,4.22,8,1,713,0,1
6750,Manufacturing,11,30.13,2,0,710,1,1
6751,Retail,10,9.34,1,2,672,0,0
6752,Consulting,2,7.71,2,0,627,0,0
6753,Tech,4,0.7,5,2,708,1,1
6754,Manufacturing,17,47.07,4,0,699,0,0
6755,Healthcare,17,41.55,5,1,813,0,0
6756,Healthcare,8,4.34,3,0,635,0,0
6757,Tech,23,30.17,6,0,719,1,1
6758,Consulting,14,12.03,4,0,642,1,0
6759,Manufacturing,24,13.57,6,0,755,0,0
6760,Tech,4,43.77,2,0,751,0,0
6761,Consulting,6,6.16,6,0,758,0,0
6762,Manufacturing,19,30.27,4,0,676,0,0
6763,Healthcare,24,20.36,8,0,697,0,0
6764,Manufacturing,4,9.94,3,1,723,0,0
6765,Retail,3,22.87,6,2,711,0,0
6766,Manufacturing,20,47.05,9,1,721,0,1
6767,Retail,6,39.19,6,2,683,0,1
6768,Manufacturing,23,7.04,3,0,659,1,1
6769,Retail,7,42.55,4,2,682,0,0
6770,Healthcare,14,46.9,8,0,781,1,1
6771,Consulting,12,14.21,5,0,760,0,0
6772,Retail,16,17.0,5,2,736,1,1
6773,Retail,20,6.75,5,0,755,0,0
6774,Healthcare,8,17.57,7,0,671,0,0
6775,Retail,23,33.82,0,1,773,0,1
6776,Tech,2,13.97,3,1,636,0,1
6777,Healthcare,13,0.84,1,0,700,0,0
6778,Tech,8,17.26,3,0,712,0,0
6779,Healthcare,21,22.93,8,2,618,0,0
6780,Retail,20,28.53,4,0,677,0,0
6781,Tech,16,34.35,2,0,713,1,0
6782,Retail,4,3.56,10,0,573,0,0
6783,Healthcare,16,23.75,4,0,637,0,1
6784,Retail,20,13.68,7,0,695,0,0
6785,Tech,6,47.42,4,0,686,1,1
6786,Tech,4,18.31,6,0,644,1,0
6787,Retail,16,5.46,2,0,739,0,0
6788,Manufacturing,23,2.55,6,2,783,0,1
6789,Healthcare,23,13.64,2,0,687,0,0
6790,Healthcare,21,9.35,5,0,677,1,0
6791,Retail,13,32.67,5,1,611,0,1
6792,Manufacturing,5,42.42,7,0,655,0,1
6793,Tech,15,15.97,5,1,598,0,0
6794,Consulting,8,29.1,5,0,611,0,0
6795,Consulting,7,36.65,3,0,717,0,1
6796,Retail,14,20.23,6,1,716,0,0
6797,Manufacturing,7,3.78,6,0,701,0,0
6798,Manufacturing,22,11.84,1,0,735,0,0
6799,Healthcare,7,44.21,8,0,747,1,1
6800,Tech,23,41.31,1,0,644,0,0
6801,Manufacturing,18,4.78,5,0,665,0,0
6802,Consulting,10,11.59,6,1,761,0,0
6803,Tech,18,38.57,4,0,727,1,0
6804,Tech,14,24.55,3,0,745,0,0
6805,Retail,10,38.12,7,0,696,0,1
6806,Manufacturing,7,10.95,7,0,709,0,0
6807,Retail,7,47.66,4,0,688,0,0
6808,Manufacturing,7,39.29,2,0,730,0,0
6809,Healthcare,5,10.27,7,0,680,0,1
6810,Retail,1,28.14,4,1,741,0,0
6811,Retail,14,6.1,2,0,671,0,0
6812,Consulting,18,18.39,6,0,694,0,0
6813,Retail,13,33.15,4,1,623,0,0
6814,Manufacturing,8,16.84,8,1,609,0,1
6815,Consulting,8,33.01,2,0,736,0,0
6816,Retail,10,12.62,7,0,674,0,0
6817,Retail,17,36.2,3,0,728,1,0
6818,Healthcare,6,18.3,8,1,653,0,0
6819,Retail,15,39.63,4,0,690,0,0
6820,Tech,15,7.27,4,0,719,0,0
6821,Consulting,16,18.42,7,0,703,0,0
6822,Tech,8,23.46,8,0,688,0,0
6823,Consulting,19,21.48,12,0,706,0,0
6824,Healthcare,20,21.94,1,0,743,0,0
6825,Retail,15,22.52,2,0,694,1,0
6826,Retail,3,49.45,6,0,709,0,0
6827,Retail,6,10.06,6,1,724,0,0
6828,Consulting,8,38.55,9,0,690,0,0
6829,Retail,16,27.81,3,1,623,0,0
6830,Tech,15,20.97,5,2,684,1,0
6831,Retail,13,31.86,3,1,610,0,0
6832,Healthcare,20,42.75,2,2,648,0,0
6833,Tech,15,23.6,5,0,678,0,0
6834,Retail,18,43.31,9,0,768,0,1
6835,Retail,13,5.14,6,0,708,0,0
6836,Manufacturing,24,32.83,5,0,664,0,0
6837,Consulting,8,16.99,5,0,683,0,0
6838,Tech,14,19.64,3,1,699,0,1
6839,Manufacturing,11,28.77,0,1,661,0,0
6840,Healthcare,6,24.26,3,0,818,0,1
6841,Consulting,24,19.4,4,2,708,1,1
6842,Tech,1,15.76,11,1,711,0,0
6843,Retail,2,31.11,5,0,723,0,0
6844,Tech,13,25.53,9,2,623,1,0
6845,Retail,1,16.5,4,0,720,0,0
6846,Consulting,24,10.65,9,1,725,0,0
6847,Retail,24,38.84,7,0,695,0,0
6848,Healthcare,4,40.09,6,1,765,0,0
6849,Retail,24,11.08,2,0,691,0,0
6850,Healthcare,23,13.45,6,0,695,1,0
6851,Consulting,2,12.34,5,0,716,1,0
6852,Consulting,21,44.29,2,0,693,1,0
6853,Tech,20,38.82,3,1,713,0,0
6854,Healthcare,16,4.19,6,1,692,0,0
6855,Healthcare,3,41.72,6,1,674,0,0
6856,Manufacturing,17,2.32,5,0,636,0,0
6857,Manufacturing,5,13.03,7,2,691,0,1
6858,Manufacturing,8,45.99,10,0,707,0,1
6859,Retail,12,43.28,4,1,622,0,1
6860,Manufacturing,23,39.18,1,1,717,0,0
6861,Healthcare,12,23.15,3,1,730,1,0
6862,Retail,1,16.41,4,1,767,0,0
6863,Consulting,1,44.14,4,0,736,0,0
6864,Tech,15,33.03,4,0,710,0,0
6865,Manufacturing,17,15.13,7,0,655,0,0
6866,Consulting,2,23.43,4,0,721,0,0
6867,Healthcare,17,44.13,2,1,672,0,0
6868,Tech,20,45.22,9,0,660,0,0
6869,Consulting,9,33.14,14,1,694,1,0
6870,Tech,12,36.76,6,0,681,0,0
6871,Manufacturing,4,2.45,9,1,774,0,0
6872,Healthcare,13,30.43,4,0,658,0,1
6873,Tech,4,34.61,7,1,743,0,0
6874,Consulting,7,1.51,10,0,679,0,0
6875,Manufacturing,14,42.27,5,0,750,0,1
6876,Manufacturing,9,46.45,3,1,696,0,1
6877,Consulting,23,12.28,7,1,834,0,0
6878,Consulting,1,42.37,3,0,818,0,0
6879,Tech,1,33.44,2,0,682,0,0
6880,Retail,20,29.24,4,0,633,0,0
6881,Manufacturing,4,42.23,5,1,811,0,0
6882,Tech,1,14.64,5,1,713,0,0
6883,Consulting,22,39.65,3,0,648,0,0
6884,Tech,10,16.07,11,0,654,0,0
6885,Consulting,2,39.48,2,0,699,0,0
6886,Healthcare,21,22.83,8,2,761,0,0
6887,Consulting,24,6.29,5,0,709,0,0
6888,Consulting,15,19.39,4,1,723,0,1
6889,Consulting,3,12.06,7,0,684,0,0
6890,Retail,23,5.48,6,0,719,0,0
6891,Consulting,9,5.96,4,0,706,0,0
6892,Manufacturing,17,39.11,4,0,719,1,1
6893,Manufacturing,21,44.13,6,0,668,0,0
6894,Tech,13,46.39,3,0,706,1,0
6895,Retail,3,42.77,9,0,589,1,0
6896,Tech,4,41.6,6,1,754,0,1
6897,Manufacturing,4,3.91,7,1,652,1,0
6898,Manufacturing,11,39.61,2,0,677,0,0
6899,Healthcare,7,39.27,7,0,723,0,0
6900,Consulting,11,7.0,7,0,753,0,0
6901,Manufacturing,24,33.27,3,0,711,0,0
6902,Tech,11,22.9,5,2,659,1,1
6903,Tech,10,45.05,8,0,710,0,0
6904,Consulting,5,34.92,2,0,765,1,0
6905,Consulting,13,47.57,3,2,642,0,1
6906,Healthcare,12,5.69,3,0,668,0,0
6907,Retail,10,2.51,4,0,670,0,0
6908,Tech,7,48.69,4,2,772,0,0
6909,Consulting,19,4.47,4,0,725,1,0
6910,Tech,19,19.62,7,0,731,0,0
6911,Consulting,19,32.67,3,1,738,0,0
6912,Manufacturing,12,44.06,6,0,732,0,0
6913,Tech,20,13.1,7,1,773,0,0
6914,Manufacturing,22,1.94,4,0,714,0,0
6915,Tech,15,26.3,4,1,681,0,0
6916,Retail,5,23.82,4,0,734,0,0
6917,Healthcare,24,15.69,4,0,686,0,0
6918,Manufacturing,14,43.76,5,0,618,0,0
6919,Consulting,12,37.59,6,0,677,0,0
6920,Retail,21,42.98,6,0,702,0,1
6921,Tech,11,8.51,7,2,774,0,0
6922,Manufacturing,5,34.77,5,1,716,0,0
6923,Tech,16,48.77,5,0,711,0,0
6924,Tech,18,30.79,0,0,763,0,1
6925,Tech,12,8.98,2,0,705,0,0
6926,Healthcare,5,49.79,6,0,674,1,0
6927,Healthcare,16,26.65,6,0,754,1,1
6928,Consulting,12,42.08,8,1,684,0,1
6929,Manufacturing,23,7.89,7,0,779,1,1
6930,Retail,2,33.47,4,0,666,0,0
6931,Retail,6,45.67,4,0,696,0,1
6932,Retail,23,26.83,4,0,695,0,0
6933,Tech,21,14.79,3,1,679,0,0
6934,Healthcare,4,6.81,7,0,677,1,0
6935,Manufacturing,13,15.15,2,0,657,0,0
6936,Tech,10,18.07,1,1,826,0,0
6937,Healthcare,17,35.64,5,0,746,0,1
6938,Healthcare,14,9.34,4,0,733,0,1
6939,Manufacturing,24,5.75,7,0,827,0,0
6940,Manufacturing,15,19.65,4,0,722,1,1
6941,Manufacturing,8,23.2,7,1,691,0,0
6942,Tech,23,31.61,8,0,706,0,0
6943,Consulting,24,35.52,5,0,755,0,1
6944,Manufacturing,18,44.52,3,0,572,1,1
6945,Consulting,3,14.8,5,1,749,0,0
6946,Tech,17,26.67,4,1,813,0,1
6947,Consulting,24,18.62,5,0,633,1,0
6948,Retail,24,0.57,8,1,653,0,0
6949,Consulting,7,29.18,6,0,663,1,0
6950,Manufacturing,13,40.88,2,0,695,1,0
6951,Tech,16,2.3,11,0,726,1,1
6952,Manufacturing,5,0.67,4,1,698,0,0
6953,Retail,4,36.53,6,0,771,0,0
6954,Manufacturing,10,34.35,2,0,744,0,1
6955,Manufacturing,13,20.59,8,0,742,0,0
6956,Manufacturing,10,33.25,9,2,697,0,0
6957,Healthcare,14,47.69,2,1,650,0,1
6958,Retail,22,12.77,8,1,697,0,0
6959,Manufacturing,12,12.67,5,0,798,1,0
6960,Manufacturing,1,9.72,5,1,558,0,0
6961,Manufacturing,21,36.34,4,0,740,0,0
6962,Tech,20,17.98,3,0,692,0,0
6963,Healthcare,20,49.44,4,0,796,0,0
6964,Tech,7,35.88,3,1,689,0,0
6965,Healthcare,9,18.69,7,0,788,0,0
6966,Manufacturing,8,7.88,7,0,703,0,0
6967,Retail,13,29.81,6,1,622,0,0
6968,Consulting,14,15.1,5,0,745,0,0
6969,Consulting,12,45.32,7,0,738,0,0
6970,Manufacturing,8,22.35,7,0,656,0,1
6971,Tech,21,14.99,5,1,681,1,0
6972,Retail,22,29.63,3,0,615,1,0
6973,Healthcare,18,7.28,5,1,750,0,1
6974,Manufacturing,16,28.3,5,0,716,0,0
6975,Retail,11,3.28,5,0,724,0,0
6976,Retail,16,30.54,7,0,749,0,0
6977,Healthcare,14,26.74,7,0,663,1,0
6978,Retail,3,26.28,6,0,674,1,0
6979,Tech,21,34.37,7,0,750,1,0
6980,Tech,2,2.7,6,1,706,0,1
6981,Tech,3,23.26,6,0,776,1,0
6982,Retail,4,22.48,4,0,670,0,0
6983,Tech,22,23.26,2,0,673,0,0
6984,Healthcare,5,49.0,5,0,736,0,1
6985,Retail,10,7.39,4,0,786,0,0
6986,Consulting,20,34.68,9,0,746,0,0
6987,Retail,2,20.4,8,1,805,0,0
6988,Healthcare,12,25.83,9,0,746,0,0
6989,Consulting,5,38.24,4,0,677,0,0
6990,Retail,5,8.29,7,0,681,0,0
6991,Tech,23,38.3,3,0,701,1,0
6992,Manufacturing,1,3.98,4,0,691,1,0
6993,Manufacturing,4,24.42,4,0,711,0,0
6994,Tech,21,37.23,5,0,726,0,1
6995,Manufacturing,24,10.03,7,0,722,0,0
6996,Manufacturing,12,38.66,5,0,805,1,1
6997,Tech,12,8.76,7,1,773,0,0
6998,Tech,16,40.06,6,0,738,0,1
6999,Retail,24,23.71,3,0,723,0,0
7000,Retail,17,34.39,5,2,664,0,1
7001,Tech,21,45.91,4,0,675,0,0
7002,Healthcare,10,20.72,7,0,659,0,0
7003,Manufacturing,17,12.03,7,0,636,1,0
7004,Retail,17,43.42,4,0,652,0,0
7005,Manufacturing,18,8.5,7,0,832,0,0
7006,Consulting,2,31.76,2,0,759,0,0
7007,Tech,4,46.2,11,0,715,0,1
7008,Healthcare,19,33.88,5,1,762,0,1
7009,Consulting,11,10.19,3,0,734,1,0
7010,Consulting,17,8.04,2,1,638,0,1
7011,Consulting,12,12.99,4,2,595,0,0
7012,Tech,2,19.87,3,0,619,0,0
7013,Retail,6,8.38,10,0,663,0,0
7014,Tech,9,39.99,4,0,649,1,0
7015,Retail,5,18.17,6,0,706,1,0
7016,Consulting,20,46.84,3,2,726,0,0
7017,Consulting,21,42.2,5,0,642,1,0
7018,Healthcare,9,45.49,3,1,791,0,0
7019,Retail,23,15.08,3,0,645,0,1
7020,Consulting,8,28.9,10,0,718,0,1
7021,Manufacturing,20,16.41,2,2,678,1,0
7022,Healthcare,8,13.22,3,0,731,0,0
7023,Tech,22,30.55,7,0,718,0,0
7024,Healthcare,21,40.99,5,0,735,0,0
7025,Manufacturing,23,5.13,6,0,733,0,0
7026,Retail,6,14.15,5,0,674,1,0
7027,Tech,3,10.65,2,1,712,1,0
7028,Tech,5,40.02,3,0,675,1,0
7029,Retail,9,46.7,4,0,636,0,0
7030,Healthcare,7,4.46,10,1,727,0,0
7031,Consulting,4,19.27,6,1,651,0,1
7032,Healthcare,7,45.77,9,0,695,0,1
7033,Manufacturing,5,17.56,3,0,751,0,0
7034,Consulting,11,35.78,10,0,736,0,0
7035,Healthcare,15,5.48,6,0,776,1,0
7036,Retail,2,22.5,5,1,728,0,0
7037,Manufacturing,13,25.41,4,0,725,0,0
7038,Manufacturing,22,38.0,5,0,711,0,0
7039,Manufacturing,16,14.8,1,0,836,0,0
7040,Consulting,7,13.58,3,0,624,0,0
7041,Tech,8,15.5,5,1,626,1,0
7042,Consulting,6,28.01,5,0,636,0,0
7043,Healthcare,24,43.86,4,0,663,0,0
7044,Tech,7,41.63,8,0,613,0,1
7045,Healthcare,18,3.37,6,0,747,0,0
7046,Tech,22,44.01,6,0,680,0,0
7047,Consulting,22,5.21,10,0,703,0,0
7048,Manufacturing,20,21.06,5,0,748,0,0
7049,Retail,7,38.39,5,0,634,0,1
7050,Manufacturing,3,4.53,4,0,613,1,0
7051,Consulting,5,2.5,1,0,722,0,0
7052,Tech,1,16.83,6,0,723,0,1
7053,Manufacturing,15,36.63,7,0,715,0,1
7054,Consulting,3,26.33,5,0,714,0,0
7055,Healthcare,8,21.14,9,0,628,0,0
7056,Retail,9,40.75,14,0,732,0,1
7057,Manufacturing,15,38.45,6,1,784,1,1
7058,Tech,10,39.41,3,0,742,0,0
7059,Healthcare,2,23.26,5,0,604,0,1
7060,Consulting,20,1.46,6,2,745,0,0
7061,Retail,5,9.02,10,0,685,0,0
7062,Tech,19,37.19,2,0,691,1,0
7063,Consulting,13,37.78,5,0,691,0,0
7064,Consulting,11,48.63,7,1,675,0,1
7065,Manufacturing,1,9.91,5,1,698,0,0
7066,Manufacturing,22,6.58,4,0,619,1,1
7067,Tech,15,7.37,4,0,599,0,0
7068,Consulting,18,9.65,5,2,753,0,0
7069,Manufacturing,16,26.66,6,0,769,0,0
7070,Retail,9,48.77,7,1,666,0,0
7071,Retail,1,29.68,3,0,803,1,1
7072,Consulting,11,26.37,8,0,630,1,0
7073,Manufacturing,9,33.83,13,0,662,0,1
7074,Tech,23,4.16,7,1,666,0,0
7075,Tech,11,40.86,3,0,587,1,0
7076,Tech,13,32.52,5,1,706,0,1
7077,Retail,2,8.97,3,0,712,0,0
7078,Manufacturing,14,31.72,4,0,777,0,0
7079,Manufacturing,6,30.01,8,0,729,0,0
7080,Retail,8,3.71,7,0,746,1,0
7081,Tech,18,13.71,5,0,669,0,0
7082,Tech,16,19.85,4,0,690,0,0
7083,Consulting,21,12.62,5,0,742,0,0
7084,Healthcare,12,12.54,9,0,673,0,1
7085,Manufacturing,11,28.86,0,1,765,0,0
7086,Manufacturing,6,23.81,6,0,692,0,0
7087,Manufacturing,3,33.53,5,0,646,0,0
7088,Healthcare,14,47.84,4,1,755,1,0
7089,Consulting,2,33.2,6,0,797,0,0
7090,Healthcare,11,29.31,6,0,663,1,0
7091,Tech,22,42.45,6,1,681,0,1
7092,Tech,3,31.79,3,0,658,1,0
7093,Manufacturing,18,8.7,2,0,717,1,0
7094,Retail,1,16.08,6,1,768,0,1
7095,Manufacturing,24,36.8,4,0,687,0,0
7096,Retail,1,37.05,2,0,655,0,1
7097,Healthcare,12,49.36,4,1,668,0,0
7098,Tech,15,31.54,5,1,640,0,0
7099,Retail,5,45.03,7,0,646,0,1
7100,Healthcare,6,3.2,4,2,630,0,1
7101,Tech,16,28.53,6,0,659,0,1
7102,Retail,12,46.03,4,1,678,0,0
7103,Manufacturing,12,14.72,2,1,679,1,0
7104,Manufacturing,3,8.17,3,0,741,0,0
7105,Manufacturing,23,17.85,2,0,681,0,0
7106,Healthcare,2,39.72,4,2,720,0,0
7107,Manufacturing,7,4.69,4,0,656,0,0
7108,Consulting,2,30.22,5,0,732,0,1
7109,Tech,21,7.21,5,0,764,0,0
7110,Healthcare,7,22.06,4,1,642,0,0
7111,Manufacturing,11,48.32,4,0,615,0,0
7112,Tech,11,10.16,5,0,717,0,0
7113,Retail,14,2.18,4,0,696,0,0
7114,Manufacturing,3,21.65,3,1,751,0,0
7115,Tech,14,29.1,2,0,721,0,0
7116,Consulting,11,15.23,1,0,717,0,0
7117,Retail,4,27.32,2,0,601,0,0
7118,Consulting,17,47.69,6,0,670,1,0
7119,Tech,16,15.93,3,0,658,0,1
7120,Consulting,3,15.82,4,0,705,0,0
7121,Tech,10,24.4,5,0,755,0,1
7122,Tech,21,26.01,7,1,739,0,0
7123,Consulting,15,0.57,4,1,684,1,0
7124,Tech,8,30.99,6,0,669,0,0
7125,Manufacturing,18,49.87,4,0,662,0,0
7126,Tech,3,14.95,4,0,754,1,0
7127,Healthcare,7,31.73,8,1,772,0,1
7128,Tech,10,0.73,5,0,781,0,0
7129,Healthcare,20,30.41,6,0,742,0,0
7130,Tech,9,22.63,4,0,661,0,0
7131,Tech,14,26.75,5,0,647,0,0
7132,Consulting,23,27.42,3,0,699,0,0
7133,Manufacturing,14,9.26,7,1,748,0,1
7134,Manufacturing,11,38.61,4,0,594,0,0
7135,Retail,1,28.0,3,0,767,0,0
7136,Consulting,4,13.87,5,2,742,0,0
7137,Consulting,6,46.9,5,0,682,0,1
7138,Manufacturing,22,1.13,5,0,569,0,0
7139,Consulting,22,36.43,2,0,743,0,0
7140,Manufacturing,5,19.37,2,0,762,0,0
7141,Consulting,3,26.37,9,2,626,0,0
7142,Tech,2,14.93,5,0,776,1,0
7143,Manufacturing,3,16.4,6,0,682,0,0
7144,Manufacturing,9,1.25,9,0,668,1,0
7145,Healthcare,19,36.63,2,0,770,0,0
7146,Consulting,19,35.68,3,0,601,0,0
7147,Consulting,17,32.89,7,1,690,0,0
7148,Manufacturing,18,43.96,4,2,704,0,0
7149,Tech,11,45.11,7,1,671,0,1
7150,Tech,12,28.04,5,0,701,0,0
7151,Tech,3,34.4,5,0,712,0,0
7152,Consulting,18,1.04,6,0,660,0,0
7153,Healthcare,24,42.39,6,0,665,0,0
7154,Manufacturing,6,40.91,6,1,678,1,0
7155,Retail,7,1.5,5,1,684,0,0
7156,Healthcare,1,27.37,4,0,704,0,0
7157,Retail,6,45.38,7,0,660,0,0
7158,Healthcare,18,9.48,7,0,713,0,1
7159,Tech,13,17.96,5,2,759,1,1
7160,Consulting,22,16.89,11,0,636,1,0
7161,Retail,19,18.12,6,0,748,0,0
7162,Healthcare,7,2.57,5,0,659,0,0
7163,Consulting,19,14.31,4,0,617,0,0
7164,Retail,9,15.1,5,0,706,0,0
7165,Manufacturing,3,43.36,3,0,675,0,0
7166,Healthcare,23,17.93,3,1,703,0,0
7167,Manufacturing,12,22.64,2,0,605,0,0
7168,Tech,20,19.35,8,0,667,1,0
7169,Manufacturing,24,6.47,5,1,791,0,0
7170,Manufacturing,18,49.52,6,0,632,0,1
7171,Healthcare,8,41.38,2,0,775,0,1
7172,Tech,9,27.28,5,0,594,0,0
7173,Manufacturing,13,24.08,6,0,683,0,0
7174,Consulting,8,32.64,6,0,665,0,0
7175,Retail,22,16.66,6,0,669,0,0
7176,Manufacturing,10,2.99,7,0,694,0,0
7177,Tech,17,20.51,8,0,756,0,0
7178,Manufacturing,7,49.21,7,1,625,0,0
7179,Retail,17,9.53,3,0,830,0,0
7180,Tech,23,26.62,4,0,645,0,1
7181,Healthcare,18,0.92,5,2,705,0,0
7182,Tech,24,6.54,7,2,648,0,1
7183,Healthcare,2,29.57,6,0,732,0,0
7184,Tech,3,15.22,8,0,628,1,0
7185,Retail,19,45.33,4,0,715,0,0
7186,Retail,1,20.61,4,0,710,0,0
7187,Tech,21,10.8,3,2,701,0,0
7188,Manufacturing,21,27.51,5,0,673,0,0
7189,Retail,10,39.85,6,0,630,1,0
7190,Healthcare,21,1.46,9,0,676,0,1
7191,Healthcare,14,25.52,7,0,738,0,0
7192,Consulting,13,38.78,2,0,672,0,0
7193,Healthcare,9,5.63,3,1,722,0,0
7194,Consulting,6,45.19,0,0,713,1,0
7195,Tech,6,13.59,5,1,716,1,1
7196,Tech,19,8.94,5,0,664,1,0
7197,Tech,21,29.67,6,0,737,0,0
7198,Manufacturing,10,9.16,2,1,715,0,0
7199,Manufacturing,23,34.15,8,0,827,0,0
7200,Consulting,3,24.76,6,1,745,0,0
7201,Healthcare,18,5.94,4,0,800,0,0
7202,Healthcare,21,45.67,4,1,712,0,0
7203,Tech,19,33.82,1,0,779,1,1
7204,Retail,5,27.53,4,1,626,0,1
7205,Manufacturing,11,19.03,6,0,733,0,0
7206,Manufacturing,10,7.18,6,1,699,0,0
7207,Tech,17,35.52,3,1,648,1,0
7208,Manufacturing,4,40.78,6,0,688,1,0
7209,Tech,21,6.73,1,0,700,1,0
7210,Consulting,18,24.98,8,1,766,1,0
7211,Healthcare,18,24.5,2,0,742,0,0
7212,Retail,1,17.82,4,0,636,0,0
7213,Healthcare,14,39.57,6,0,821,0,0
7214,Healthcare,8,5.43,3,0,757,1,1
7215,Consulting,2,10.65,6,2,697,1,0
7216,Manufacturing,19,0.58,3,1,731,0,0
7217,Retail,15,18.96,6,0,706,0,0
7218,Manufacturing,2,14.91,6,0,711,0,0
7219,Healthcare,4,43.42,4,0,715,1,0
7220,Tech,1,37.42,6,0,683,0,0
7221,Healthcare,19,4.68,5,2,666,0,0
7222,Manufacturing,21,37.18,6,0,707,1,0
7223,Healthcare,10,33.93,2,0,766,0,0
7224,Tech,1,14.45,5,0,672,1,0
7225,Consulting,20,1.27,7,1,727,0,0
7226,Manufacturing,22,6.2,8,0,675,0,0
7227,Healthcare,15,12.87,3,0,627,0,0
7228,Manufacturing,4,40.92,6,1,809,0,0
7229,Consulting,7,23.53,4,1,674,0,0
7230,Healthcare,7,45.96,6,0,700,1,1
7231,Healthcare,22,39.56,5,1,664,1,1
7232,Manufacturing,18,14.71,4,1,674,0,0
7233,Manufacturing,13,42.35,4,0,788,1,0
7234,Tech,10,6.28,4,2,623,0,0
7235,Consulting,24,2.29,4,1,764,0,1
7236,Tech,8,30.62,5,0,687,0,0
7237,Healthcare,10,17.42,4,1,720,0,0
7238,Manufacturing,14,16.81,4,0,644,1,0
7239,Healthcare,14,34.52,3,0,714,1,0
7240,Healthcare,20,42.58,2,2,752,0,0
7241,Retail,22,16.45,6,0,783,0,0
7242,Retail,11,16.59,3,0,682,0,0
7243,Healthcare,6,26.93,8,0,645,0,1
7244,Manufacturing,21,32.83,8,1,670,0,0
7245,Healthcare,1,10.54,3,0,680,0,0
7246,Retail,19,45.68,2,0,769,0,1
7247,Manufacturing,7,32.89,6,0,717,0,1
7248,Healthcare,24,31.45,4,0,714,0,0
7249,Consulting,18,45.26,6,0,734,0,1
7250,Consulting,3,45.41,6,2,683,0,1
7251,Healthcare,20,7.21,5,0,629,0,0
7252,Manufacturing,11,7.68,6,0,706,1,0
7253,Healthcare,5,38.22,2,2,730,0,1
7254,Healthcare,19,47.87,7,0,640,0,1
7255,Retail,21,33.49,5,0,698,0,0
7256,Consulting,24,20.86,5,1,740,0,0
7257,Retail,24,34.33,6,0,593,0,0
7258,Retail,2,11.83,7,0,777,0,0
7259,Healthcare,22,49.9,3,0,687,1,1
7260,Retail,4,21.84,2,0,635,0,0
7261,Consulting,10,46.62,8,2,747,0,1
7262,Retail,2,21.82,8,2,739,0,0
7263,Consulting,8,46.44,9,0,711,0,0
7264,Retail,1,17.12,2,1,724,0,1
7265,Consulting,6,38.15,4,0,610,1,0
7266,Retail,11,47.57,2,0,749,1,0
7267,Retail,10,32.48,8,0,669,0,0
7268,Manufacturing,13,34.04,5,1,668,0,0
7269,Consulting,1,5.59,8,2,765,0,1
7270,Consulting,2,23.97,6,0,645,0,0
7271,Consulting,3,44.39,7,0,765,0,0
7272,Tech,9,12.43,2,1,722,0,0
7273,Retail,5,39.52,5,0,757,0,0
7274,Consulting,10,33.95,5,0,650,1,0
7275,Tech,10,11.54,2,2,746,0,0
7276,Manufacturing,12,14.5,10,0,721,0,0
7277,Consulting,18,21.66,6,1,697,0,0
7278,Consulting,21,6.69,9,0,656,0,0
7279,Tech,21,45.71,10,0,695,0,0
7280,Retail,1,37.1,5,0,609,0,0
7281,Manufacturing,3,18.57,3,0,647,0,0
7282,Consulting,5,15.33,4,2,698,0,1
7283,Retail,17,34.63,6,0,674,0,0
7284,Manufacturing,8,21.5,4,0,739,0,0
7285,Healthcare,17,11.85,1,0,704,0,0
7286,Healthcare,9,21.79,8,0,727,0,0
7287,Manufacturing,6,43.63,2,0,768,0,0
7288,Tech,17,3.9,8,1,774,0,1
7289,Manufacturing,8,18.73,6,0,741,0,0
7290,Manufacturing,21,48.14,6,0,681,0,0
7291,Tech,7,1.23,7,0,778,0,0
7292,Tech,7,44.59,4,0,514,0,0
7293,Retail,15,19.05,5,0,682,1,0
7294,Retail,7,9.88,9,0,771,1,0
7295,Tech,22,1.24,4,0,644,0,0
7296,Healthcare,8,3.99,7,2,769,0,0
7297,Healthcare,9,9.01,8,0,696,0,0
7298,Manufacturing,15,1.76,2,0,664,0,0
7299,Consulting,2,17.12,6,0,736,1,0
7300,Manufacturing,7,2.72,8,0,763,0,0
7301,Manufacturing,15,34.76,5,0,743,0,0
7302,Consulting,18,41.04,10,0,702,0,0
7303,Tech,22,44.43,5,0,587,0,1
7304,Healthcare,18,27.68,5,0,685,0,1
7305,Manufacturing,10,47.35,10,0,776,1,0
7306,Consulting,22,0.78,4,0,664,0,0
7307,Retail,18,7.13,3,0,757,1,1
7308,Manufacturing,1,15.01,4,0,630,0,0
7309,Healthcare,7,39.56,5,0,762,1,0
7310,Tech,3,44.33,9,0,605,1,1
7311,Manufacturing,14,31.1,4,0,665,0,1
7312,Manufacturing,12,19.47,7,2,669,1,0
7313,Consulting,14,33.46,2,0,614,0,0
7314,Retail,4,9.45,4,1,714,1,0
7315,Retail,13,23.16,9,1,686,1,1
7316,Tech,16,25.62,2,0,677,0,0
7317,Healthcare,16,5.69,5,1,619,0,0
7318,Tech,22,2.18,7,0,653,0,0
7319,Manufacturing,5,37.63,4,1,619,0,0
7320,Manufacturing,20,26.97,10,0,761,0,0
7321,Retail,6,16.95,6,0,627,0,0
7322,Healthcare,6,22.14,6,0,720,0,0
7323,Consulting,18,47.91,0,1,738,0,1
7324,Healthcare,6,19.55,6,2,607,1,0
7325,Manufacturing,7,5.62,8,0,685,0,0
7326,Consulting,24,23.45,2,1,652,0,0
7327,Healthcare,24,32.58,5,0,675,0,0
7328,Healthcare,16,1.1,3,0,643,0,0
7329,Consulting,9,16.95,4,0,782,1,0
7330,Manufacturing,13,19.98,4,0,593,0,0
7331,Healthcare,12,23.45,4,1,687,0,0
7332,Consulting,19,15.43,3,0,727,1,0
7333,Manufacturing,23,33.51,5,0,788,0,0
7334,Consulting,23,47.26,9,0,665,0,0
7335,Consulting,1,45.74,9,0,751,0,1
7336,Healthcare,8,33.39,7,0,716,0,0
7337,Manufacturing,4,25.59,4,0,794,0,1
7338,Healthcare,21,41.38,3,0,694,0,0
7339,Tech,22,41.88,5,0,735,1,1
7340,Tech,19,41.56,3,2,736,0,1
7341,Manufacturing,21,8.31,5,0,717,0,0
7342,Consulting,5,1.76,3,1,647,0,0
7343,Healthcare,17,49.17,4,0,646,1,0
7344,Healthcare,3,48.0,4,0,670,0,1
7345,Manufacturing,19,28.44,3,0,720,0,0
7346,Manufacturing,1,49.66,5,1,679,0,0
7347,Tech,23,38.64,5,0,635,0,0
7348,Retail,1,26.11,4,1,712,0,0
7349,Manufacturing,23,19.77,3,0,691,0,0
7350,Retail,20,29.85,6,0,624,0,1
7351,Manufacturing,9,26.03,5,0,686,0,0
7352,Consulting,23,49.69,4,1,677,0,0
7353,Consulting,5,24.78,4,0,731,0,0
7354,Tech,7,41.88,5,0,613,0,0
7355,Tech,6,40.77,7,0,704,1,1
7356,Retail,17,4.03,6,0,710,0,0
7357,Manufacturing,22,4.81,5,0,638,1,0
7358,Healthcare,17,33.16,7,0,752,1,1
7359,Tech,13,13.33,9,0,717,0,0
7360,Healthcare,12,33.05,3,2,668,0,1
7361,Healthcare,4,7.66,3,0,682,0,0
7362,Manufacturing,8,20.15,1,0,675,0,0
7363,Retail,5,5.57,4,0,695,0,0
7364,Manufacturing,5,14.46,4,2,766,0,0
7365,Tech,13,4.87,6,0,618,0,0
7366,Healthcare,11,48.54,4,0,684,0,0
7367,Manufacturing,8,20.06,8,0,649,1,0
7368,Manufacturing,8,45.11,9,1,716,0,1
7369,Manufacturing,1,48.57,4,0,707,0,1
7370,Tech,13,45.52,1,0,771,0,0
7371,Retail,5,23.02,4,0,699,0,0
7372,Manufacturing,21,39.06,3,0,760,0,0
7373,Tech,8,8.11,4,0,730,0,0
7374,Healthcare,17,5.19,5,0,694,0,0
7375,Consulting,23,43.91,5,0,720,0,0
7376,Tech,23,2.04,5,0,649,0,0
7377,Consulting,13,48.63,4,0,738,0,0
7378,Manufacturing,9,33.77,11,2,685,0,1
7379,Manufacturing,2,21.27,8,0,676,0,1
7380,Tech,19,7.5,5,0,679,0,0
7381,Consulting,20,36.3,9,0,726,0,0
7382,Manufacturing,17,28.37,5,0,669,0,0
7383,Healthcare,7,35.7,5,1,651,0,0
7384,Retail,3,21.19,2,1,665,0,0
7385,Retail,19,3.78,5,0,618,0,0
7386,Manufacturing,19,16.09,8,0,669,1,0
7387,Consulting,24,16.09,10,1,651,0,0
7388,Manufacturing,9,0.93,4,0,723,0,0
7389,Consulting,10,0.97,5,0,678,0,0
7390,Healthcare,14,16.87,4,0,701,0,0
7391,Consulting,18,36.52,10,0,578,0,0
7392,Manufacturing,15,31.39,9,0,691,0,0
7393,Healthcare,1,12.33,1,0,689,1,1
7394,Tech,6,30.34,4,0,734,0,0
7395,Retail,15,32.55,5,0,746,1,0
7396,Manufacturing,6,26.37,5,0,604,1,0
7397,Manufacturing,18,26.31,3,0,827,0,0
7398,Manufacturing,1,18.8,2,1,691,1,0
7399,Healthcare,24,6.61,1,0,680,0,0
7400,Tech,3,19.58,8,0,640,0,0
7401,Consulting,17,17.59,1,0,749,0,0
7402,Tech,16,29.8,2,0,663,1,0
7403,Healthcare,8,42.88,3,2,782,0,1
7404,Manufacturing,17,19.08,10,0,688,0,0
7405,Retail,8,35.63,4,0,691,0,0
7406,Manufacturing,17,40.69,7,0,803,0,1
7407,Consulting,9,10.98,2,0,696,0,0
7408,Retail,12,45.13,4,0,653,0,1
7409,Manufacturing,19,3.99,6,0,696,0,1
7410,Retail,4,45.14,1,0,728,0,0
7411,Tech,21,8.6,9,0,696,1,0
7412,Healthcare,22,17.19,4,0,681,0,0
7413,Manufacturing,11,30.46,0,0,784,0,0
7414,Consulting,4,45.33,4,1,688,0,0
7415,Tech,14,13.16,2,0,721,1,1
7416,Manufacturing,14,38.3,6,1,627,0,1
7417,Tech,6,35.67,3,0,720,0,0
7418,Consulting,17,8.41,1,0,642,1,0
7419,Manufacturing,2,24.23,6,0,757,0,0
7420,Consulting,8,24.33,3,0,703,0,0
7421,Retail,4,15.58,3,0,610,0,0
7422,Consulting,10,39.11,0,0,684,0,0
7423,Retail,7,46.33,10,0,825,1,1
7424,Manufacturing,4,35.97,3,0,765,0,0
7425,Retail,16,48.66,4,1,707,1,0
7426,Manufacturing,14,3.0,3,2,657,0,0
7427,Manufacturing,16,2.34,4,0,734,0,0
7428,Healthcare,9,44.75,3,0,717,1,1
7429,Manufacturing,4,44.94,6,1,688,0,0
7430,Retail,24,5.8,9,0,626,0,0
7431,Healthcare,6,18.19,9,1,702,0,1
7432,Healthcare,1,41.85,7,1,671,0,0
7433,Manufacturing,7,6.86,8,1,721,0,1
7434,Consulting,1,13.74,1,2,662,0,0
7435,Consulting,19,34.21,6,1,715,0,0
7436,Healthcare,8,49.1,6,0,816,0,0
7437,Manufacturing,3,39.96,9,1,818,0,1
7438,Consulting,1,38.98,4,0,720,0,0
7439,Manufacturing,1,17.46,7,0,783,0,0
7440,Manufacturing,7,33.24,1,0,678,0,1
7441,Healthcare,21,6.1,2,0,651,0,0
7442,Healthcare,13,49.62,8,0,762,0,0
7443,Tech,1,24.29,7,0,654,0,0
7444,Consulting,16,32.12,10,0,763,1,0
7445,Consulting,22,43.87,5,0,632,0,1
7446,Consulting,22,0.55,2,2,720,0,0
7447,Retail,14,48.81,5,0,647,0,1
7448,Manufacturing,4,18.28,8,0,665,0,0
7449,Healthcare,23,17.31,4,0,755,0,0
7450,Consulting,23,7.68,3,0,770,0,0
7451,Tech,12,42.98,4,0,667,0,0
7452,Consulting,12,43.61,5,0,757,0,0
7453,Manufacturing,17,1.49,4,0,680,0,0
7454,Manufacturing,21,3.26,2,1,703,1,0
7455,Healthcare,15,45.96,5,0,669,0,1
7456,Retail,10,6.58,7,1,671,1,0
7457,Healthcare,3,31.24,6,0,665,0,0
7458,Consulting,23,31.17,5,0,629,0,0
7459,Tech,20,43.55,3,2,665,0,0
7460,Healthcare,20,28.85,6,1,664,1,0
7461,Retail,12,21.98,4,0,797,0,0
7462,Healthcare,1,48.73,7,0,745,0,0
7463,Manufacturing,1,11.83,7,1,677,1,0
7464,Consulting,10,13.5,6,1,690,0,0
7465,Consulting,18,4.7,3,0,714,0,0
7466,Consulting,15,48.78,8,0,699,0,0
7467,Consulting,2,35.46,5,0,667,1,0
7468,Consulting,17,1.1,7,0,738,1,0
7469,Consulting,8,35.36,7,0,677,1,0
7470,Tech,22,20.5,1,1,732,0,0
7471,Retail,22,48.39,7,2,759,0,0
7472,Consulting,9,14.23,1,0,714,1,0
7473,Retail,21,35.66,5,0,681,1,0
7474,Consulting,20,31.56,10,0,744,0,0
7475,Healthcare,11,1.1,5,0,754,0,0
7476,Consulting,6,44.32,7,0,782,0,0
7477,Manufacturing,24,7.41,5,1,776,0,0
7478,Tech,14,33.35,2,1,678,0,0
7479,Healthcare,1,38.89,4,1,613,0,0
7480,Healthcare,7,31.73,6,0,689,0,0
7481,Manufacturing,24,5.31,3,2,667,0,0
7482,Consulting,9,48.77,2,0,717,0,1
7483,Tech,11,12.22,8,0,693,0,0
7484,Healthcare,24,31.58,1,1,624,0,0
7485,Tech,23,39.96,2,0,756,0,0
7486,Healthcare,16,46.99,5,0,667,0,1
7487,Consulting,19,30.4,5,2,699,0,1
7488,Healthcare,2,13.32,9,0,765,0,0
7489,Healthcare,15,41.91,7,0,682,0,0
7490,Retail,3,8.58,6,0,681,0,1
7491,Consulting,4,1.6,5,0,739,0,0
7492,Manufacturing,20,45.45,3,1,737,1,0
7493,Manufacturing,22,28.98,3,1,620,0,0
7494,Consulting,7,3.95,7,0,716,1,0
7495,Manufacturing,12,29.2,6,0,722,0,0
7496,Consulting,4,7.68,6,0,636,0,0
7497,Manufacturing,10,2.05,4,1,764,0,0
7498,Retail,6,6.27,4,0,734,1,0
7499,Manufacturing,22,38.87,8,1,766,0,0
7500,Healthcare,14,37.91,5,0,744,0,0
7501,Consulting,3,30.41,6,0,692,0,0
7502,Tech,17,10.86,7,0,703,1,0
7503,Tech,11,37.08,2,0,660,0,1
7504,Consulting,10,20.7,1,0,724,0,0
7505,Retail,21,25.78,1,0,616,0,0
7506,Manufacturing,10,44.93,7,1,700,0,1
7507,Retail,10,23.16,8,1,641,1,0
7508,Tech,3,31.51,8,0,753,0,0
7509,Consulting,24,48.11,9,1,572,1,1
7510,Consulting,15,22.84,9,0,651,0,0
7511,Retail,17,28.26,3,0,677,1,1
7512,Retail,18,29.43,8,0,683,0,0
7513,Manufacturing,19,12.42,10,0,716,1,0
7514,Healthcare,19,36.98,7,0,685,0,0
7515,Healthcare,12,36.47,3,0,665,1,0
7516,Manufacturing,24,11.07,6,0,721,0,0
7517,Healthcare,5,1.16,2,2,736,1,1
7518,Tech,24,49.95,4,0,785,0,1
7519,Healthcare,16,29.29,4,0,675,0,0
7520,Manufacturing,15,9.46,5,0,693,0,0
7521,Healthcare,15,14.54,4,0,713,1,0
7522,Consulting,6,31.08,5,0,650,1,0
7523,Retail,12,7.31,2,0,646,0,0
7524,Tech,2,2.35,5,0,731,0,0
7525,Consulting,20,40.02,4,0,752,0,0
7526,Consulting,9,35.93,3,0,692,1,0
7527,Manufacturing,4,15.83,4,1,724,0,0
7528,Retail,5,3.4,7,0,682,0,0
7529,Retail,21,24.57,5,1,736,0,0
7530,Tech,8,14.17,9,1,678,0,0
7531,Manufacturing,22,20.19,8,1,776,1,1
7532,Tech,10,14.06,3,0,723,1,0
7533,Healthcare,7,9.18,5,0,655,0,0
7534,Consulting,22,19.66,6,1,680,0,0
7535,Tech,14,48.26,6,0,688,0,0
7536,Consulting,5,13.68,7,2,687,0,0
7537,Manufacturing,16,17.13,10,0,713,0,0
7538,Healthcare,15,16.8,4,0,689,0,0
7539,Manufacturing,5,24.27,3,0,623,0,0
7540,Healthcare,3,42.25,5,1,697,0,1
7541,Healthcare,23,20.41,5,1,664,0,0
7542,Consulting,10,40.4,8,0,710,1,0
7543,Manufacturing,5,6.19,1,0,711,0,0
7544,Manufacturing,23,44.8,2,1,634,1,0
7545,Tech,15,9.67,5,1,623,0,0
7546,Manufacturing,18,2.44,7,0,695,0,0
7547,Tech,8,8.34,5,0,705,0,0
7548,Retail,21,9.94,3,0,673,0,0
7549,Retail,2,25.67,5,2,714,0,0
7550,Retail,22,22.77,4,1,720,0,0
7551,Manufacturing,8,35.94,2,1,731,0,1
7552,Manufacturing,23,3.02,2,0,651,1,0
7553,Tech,8,25.14,6,2,737,1,0
7554,Healthcare,4,16.96,5,0,662,1,0
7555,Tech,19,31.72,5,0,661,0,1
7556,Retail,23,2.66,8,1,735,0,0
7557,Tech,18,2.23,6,0,700,0,0
7558,Healthcare,21,21.65,3,0,680,0,0
7559,Manufacturing,23,40.66,6,0,630,1,1
7560,Tech,1,33.72,7,1,740,0,1
7561,Retail,20,1.33,3,0,641,0,0
7562,Retail,15,9.33,8,0,583,0,0
7563,Manufacturing,18,11.72,7,0,658,0,0
7564,Tech,22,21.44,4,2,731,0,0
7565,Healthcare,12,29.54,9,0,687,0,0
7566,Manufacturing,1,11.21,7,0,677,0,0
7567,Tech,7,19.43,4,2,642,0,1
7568,Consulting,19,29.41,5,0,699,0,0
7569,Retail,1,19.48,1,0,698,0,0
7570,Healthcare,24,7.59,4,0,621,0,0
7571,Healthcare,7,24.84,9,2,602,0,0
7572,Healthcare,2,16.54,5,1,759,0,0
7573,Retail,7,43.28,5,0,799,0,0
7574,Tech,19,38.89,4,0,744,0,0
7575,Manufacturing,13,9.92,8,0,702,0,0
7576,Tech,24,8.06,5,1,672,1,0
7577,Manufacturing,5,17.71,3,1,694,0,0
7578,Healthcare,23,20.9,5,0,731,0,1
7579,Tech,19,46.63,3,1,716,1,0
7580,Healthcare,1,15.43,2,2,817,0,0
7581,Consulting,1,43.45,9,0,734,1,1
7582,Healthcare,18,25.51,1,1,732,0,1
7583,Healthcare,24,44.34,8,0,741,0,0
7584,Manufacturing,1,35.25,2,0,716,0,1
7585,Consulting,5,35.57,3,1,690,0,0
7586,Healthcare,9,26.18,5,0,680,0,0
7587,Healthcare,12,42.1,8,0,717,0,0
7588,Consulting,9,13.09,5,0,749,0,0
7589,Consulting,18,45.41,2,0,711,0,1
7590,Tech,23,32.02,8,0,653,0,1
7591,Manufacturing,11,22.22,9,0,656,0,0
7592,Consulting,1,49.12,6,0,713,0,1
7593,Consulting,19,43.17,10,0,715,0,1
7594,Retail,22,38.72,8,0,639,0,0
7595,Consulting,10,14.06,10,0,628,0,0
7596,Manufacturing,2,48.7,8,0,676,0,1
7597,Healthcare,7,37.28,5,0,657,0,0
7598,Healthcare,20,30.46,3,0,713,1,0
7599,Healthcare,2,46.13,5,0,727,0,1
7600,Healthcare,19,8.53,7,0,709,1,0
7601,Retail,6,7.38,8,0,697,0,0
7602,Consulting,10,28.4,3,1,685,0,1
7603,Healthcare,9,3.31,4,1,723,0,0
7604,Tech,8,33.37,4,0,646,1,0
7605,Healthcare,11,12.42,6,1,808,1,0
7606,Consulting,9,6.39,0,0,636,1,0
7607,Healthcare,20,20.77,2,2,711,0,0
7608,Retail,20,23.56,5,0,759,1,0
7609,Manufacturing,9,8.94,2,0,642,0,0
7610,Manufacturing,8,2.56,4,2,705,1,1
7611,Consulting,15,21.0,7,0,810,0,0
7612,Manufacturing,2,38.1,4,0,667,1,0
7613,Manufacturing,24,43.77,5,1,676,0,0
7614,Tech,1,5.33,6,0,711,0,0
7615,Consulting,9,26.47,8,0,650,0,0
7616,Consulting,9,13.54,5,0,730,0,0
7617,Manufacturing,13,19.04,5,2,637,0,0
7618,Manufacturing,8,46.71,3,2,745,0,0
7619,Manufacturing,21,17.93,7,0,643,0,0
7620,Retail,5,18.58,6,0,714,1,0
7621,Healthcare,3,10.87,3,0,735,0,0
7622,Retail,21,48.02,8,0,673,0,0
7623,Consulting,4,23.1,4,1,702,0,0
7624,Tech,17,28.73,9,1,729,0,0
7625,Healthcare,16,22.93,3,0,645,0,0
7626,Tech,16,13.02,4,0,673,1,0
7627,Consulting,20,40.62,7,1,630,0,1
7628,Consulting,3,1.91,8,1,732,0,0
7629,Tech,6,34.67,4,2,683,1,0
7630,Tech,1,29.92,6,0,728,0,0
7631,Tech,21,7.64,5,0,779,1,0
7632,Consulting,16,8.71,11,2,643,0,0
7633,Manufacturing,15,33.13,6,0,655,0,0
7634,Tech,7,15.95,4,0,657,0,0
7635,Healthcare,2,13.65,8,0,757,0,1
7636,Consulting,10,3.43,6,0,688,0,0
7637,Retail,15,38.44,6,0,750,0,0
7638,Retail,6,44.19,4,1,831,1,1
7639,Healthcare,2,41.08,9,0,630,0,0
7640,Manufacturing,24,23.57,2,0,668,0,0
7641,Tech,24,26.93,5,1,745,0,0
7642,Consulting,17,12.49,8,0,675,0,0
7643,Tech,1,9.06,9,0,636,1,0
7644,Consulting,1,41.24,2,0,643,0,0
7645,Retail,4,40.02,8,0,658,0,1
7646,Tech,20,38.98,0,1,618,0,0
7647,Healthcare,16,23.44,4,0,672,0,1
7648,Manufacturing,8,43.29,3,1,736,0,0
7649,Healthcare,1,46.35,4,0,644,1,0
7650,Manufacturing,19,16.75,6,2,719,0,0
7651,Tech,11,11.62,7,1,674,0,1
7652,Tech,17,23.48,7,0,731,0,0
7653,Manufacturing,10,9.38,4,1,617,0,0
7654,Retail,12,44.26,4,0,681,0,0
7655,Consulting,9,17.23,6,2,741,0,1
7656,Healthcare,7,29.02,5,0,761,0,0
7657,Healthcare,12,29.94,5,0,710,0,0
7658,Healthcare,15,25.99,5,1,687,0,0
7659,Tech,8,8.25,3,0,702,0,0
7660,Healthcare,17,49.55,6,1,698,0,1
7661,Consulting,5,9.04,5,1,750,0,0
7662,Consulting,14,37.7,1,0,663,0,0
7663,Manufacturing,2,39.67,6,1,630,0,0
7664,Tech,16,7.69,8,1,723,0,1
7665,Consulting,17,46.69,4,0,698,0,0
7666,Retail,3,24.64,5,1,688,0,0
7667,Tech,23,31.63,5,0,790,0,0
7668,Tech,1,32.29,7,0,653,0,0
7669,Consulting,18,25.5,6,0,601,0,0
7670,Retail,18,7.53,3,1,725,0,0
7671,Manufacturing,4,37.71,5,0,662,0,0
7672,Consulting,15,29.3,5,0,697,0,0
7673,Retail,19,6.37,7,0,789,0,0
7674,Tech,19,35.17,6,0,593,1,0
7675,Retail,10,35.29,8,0,661,1,0
7676,Tech,5,27.65,7,1,751,0,0
7677,Consulting,19,4.98,5,0,764,0,0
7678,Consulting,11,17.96,1,1,663,0,1
7679,Healthcare,7,3.02,6,0,701,0,0
7680,Healthcare,5,24.14,2,0,717,0,0
7681,Healthcare,20,45.37,4,0,713,0,0
7682,Consulting,12,0.61,4,0,659,1,0
7683,Manufacturing,19,13.7,8,0,696,0,0
7684,Consulting,15,40.09,5,0,668,0,0
7685,Retail,12,0.99,4,1,722,1,0
7686,Consulting,4,1.0,6,0,632,0,0
7687,Consulting,12,30.74,8,0,664,0,0
7688,Tech,18,39.57,6,1,650,1,1
7689,Tech,17,38.94,9,1,709,0,1
7690,Tech,19,39.09,6,0,726,0,0
7691,Consulting,16,18.37,8,0,709,0,0
7692,Manufacturing,11,44.19,4,0,775,0,0
7693,Retail,2,1.14,3,1,693,0,1
7694,Retail,16,15.95,6,0,652,0,0
7695,Manufacturing,1,17.19,4,1,665,0,0
7696,Manufacturing,17,8.7,5,2,658,0,0
7697,Retail,18,17.14,3,0,684,0,0
7698,Healthcare,13,29.5,2,0,625,1,0
7699,Tech,5,26.25,3,0,704,1,0
7700,Tech,24,16.31,3,0,718,0,0
7701,Retail,6,37.59,3,1,708,0,1
7702,Manufacturing,1,35.88,10,0,768,0,0
7703,Healthcare,10,14.39,3,1,789,0,0
7704,Retail,5,16.5,5,2,695,0,1
7705,Tech,1,14.73,5,0,754,1,0
7706,Consulting,23,6.88,7,0,630,0,0
7707,Manufacturing,11,37.76,6,2,788,1,1
7708,Consulting,24,2.79,9,0,707,0,0
7709,Retail,24,7.95,3,1,720,1,0
7710,Tech,7,5.71,6,0,658,0,0
7711,Healthcare,18,41.35,7,0,737,0,1
7712,Consulting,21,2.68,4,0,712,0,0
7713,Healthcare,20,33.4,7,0,750,1,0
7714,Tech,21,2.7,4,1,682,0,0
7715,Consulting,10,39.43,7,0,688,0,0
7716,Healthcare,15,45.68,6,0,681,0,0
7717,Healthcare,4,24.6,5,0,756,1,1
7718,Consulting,16,40.32,5,0,623,1,0
7719,Tech,15,35.47,11,0,746,1,1
7720,Healthcare,15,39.88,5,1,756,0,0
7721,Retail,12,38.46,4,0,785,0,0
7722,Consulting,8,10.67,2,1,732,0,0
7723,Manufacturing,8,25.23,2,0,655,0,0
7724,Manufacturing,18,48.04,4,0,733,0,0
7725,Tech,6,17.5,6,0,789,0,0
7726,Retail,5,48.54,5,0,713,0,0
7727,Healthcare,2,29.37,6,0,681,0,0
7728,Manufacturing,12,23.35,5,0,801,1,1
7729,Tech,4,33.06,7,0,621,0,0
7730,Retail,23,40.88,7,0,677,0,0
7731,Retail,13,20.01,2,1,778,0,0
7732,Tech,17,2.13,10,1,644,1,0
7733,Tech,16,35.59,6,1,767,0,0
7734,Healthcare,9,47.83,6,1,604,1,0
7735,Tech,1,31.44,5,0,741,0,0
7736,Healthcare,15,9.83,5,0,745,1,0
7737,Healthcare,12,12.79,10,2,641,1,1
7738,Consulting,5,45.53,3,1,700,0,0
7739,Retail,23,1.17,7,0,631,0,0
7740,Retail,24,27.66,5,0,648,0,0
7741,Retail,18,8.35,5,0,701,0,0
7742,Consulting,20,14.5,4,0,792,0,0
7743,Healthcare,2,15.7,3,0,765,0,0
7744,Healthcare,4,11.35,6,2,631,0,0
7745,Tech,15,39.72,8,0,738,1,0
7746,Consulting,6,16.94,5,0,634,0,0
7747,Tech,22,17.6,5,0,769,0,0
7748,Consulting,12,22.92,6,0,641,0,0
7749,Tech,18,45.16,2,2,751,0,0
7750,Manufacturing,20,34.56,4,0,676,0,0
7751,Retail,4,3.56,7,0,601,0,0
7752,Retail,1,2.44,7,0,694,0,0
7753,Healthcare,15,28.54,7,0,671,0,0
7754,Manufacturing,18,44.41,3,0,737,0,1
7755,Retail,14,16.5,7,0,654,0,0
7756,Healthcare,3,12.76,7,0,759,0,0
7757,Manufacturing,15,37.54,3,0,805,0,0
7758,Retail,5,30.3,1,1,656,0,0
7759,Tech,24,28.47,3,0,677,0,0
7760,Consulting,22,7.89,4,2,805,0,0
7761,Manufacturing,3,9.21,6,0,721,0,1
7762,Healthcare,22,14.45,4,0,669,0,0
7763,Manufacturing,7,10.74,6,0,714,0,1
7764,Healthcare,6,48.59,6,0,673,0,0
7765,Manufacturing,22,1.42,4,0,690,0,0
7766,Healthcare,1,31.49,4,1,692,1,0
7767,Retail,19,26.12,6,0,709,0,0
7768,Tech,7,16.5,8,0,736,1,0
7769,Retail,4,44.44,7,1,761,1,0
7770,Tech,12,33.67,10,1,720,0,0
7771,Retail,20,49.92,3,1,669,1,0
7772,Retail,23,8.85,4,0,770,0,0
7773,Manufacturing,18,4.85,2,0,758,0,0
7774,Consulting,9,7.4,6,1,658,0,0
7775,Healthcare,19,13.83,2,0,713,0,0
7776,Healthcare,22,21.13,4,2,698,0,0
7777,Healthcare,4,43.2,1,1,680,0,0
7778,Tech,1,14.54,4,2,721,0,0
7779,Healthcare,9,45.8,4,0,794,1,0
7780,Healthcare,15,23.41,6,0,706,1,0
7781,Manufacturing,22,32.53,6,0,651,1,0
7782,Retail,8,13.59,7,0,675,0,0
7783,Healthcare,15,8.22,4,0,648,0,0
7784,Consulting,15,43.54,4,0,691,1,1
7785,Healthcare,18,5.92,10,0,739,1,0
7786,Tech,7,38.81,2,0,653,0,0
7787,Tech,22,29.26,5,1,633,0,0
7788,Tech,18,43.13,4,1,597,0,0
7789,Healthcare,16,36.03,4,1,630,0,1
7790,Manufacturing,2,14.44,6,0,775,0,0
7791,Consulting,4,28.93,7,0,779,1,1
7792,Healthcare,20,1.15,5,1,683,0,0
7793,Manufacturing,16,24.02,2,0,762,0,0
7794,Manufacturing,3,4.76,5,0,704,0,0
7795,Healthcare,24,21.73,10,0,676,0,0
7796,Healthcare,23,5.93,5,0,802,0,0
7797,Manufacturing,2,47.8,6,0,691,0,1
7798,Manufacturing,3,26.39,0,0,741,0,0
7799,Manufacturing,5,45.7,3,0,684,0,0
7800,Healthcare,2,1.61,10,2,610,0,0
7801,Manufacturing,19,32.06,4,0,695,0,0
7802,Tech,24,15.69,4,1,705,0,0
7803,Healthcare,20,21.88,8,0,641,1,0
7804,Tech,2,43.72,6,1,695,1,1
7805,Retail,2,49.01,3,0,663,0,0
7806,Healthcare,22,12.7,5,1,761,1,0
7807,Retail,24,47.44,8,0,665,0,0
7808,Manufacturing,23,34.59,8,1,685,0,0
7809,Manufacturing,20,47.59,4,0,682,0,1
7810,Consulting,18,28.34,4,0,691,1,0
7811,Manufacturing,20,48.06,7,0,634,0,0
7812,Retail,21,44.68,3,0,697,0,0
7813,Manufacturing,14,6.87,5,0,777,0,0
7814,Healthcare,15,15.88,4,0,697,0,0
7815,Manufacturing,12,12.53,3,1,757,1,0
7816,Consulting,11,28.82,2,1,605,0,0
7817,Manufacturing,11,40.24,2,0,589,0,0
7818,Retail,7,38.09,6,2,755,0,0
7819,Retail,12,36.47,6,1,696,1,0
7820,Manufacturing,16,19.08,4,0,710,1,1
7821,Retail,5,7.41,1,0,698,1,0
7822,Retail,2,10.92,6,0,738,0,0
7823,Consulting,22,37.21,8,1,650,0,1
7824,Healthcare,16,7.8,3,0,708,0,0
7825,Consulting,23,11.54,6,0,729,0,0
7826,Tech,15,21.52,4,0,668,0,0
7827,Consulting,11,4.07,2,0,672,0,0
7828,Manufacturing,6,11.03,2,2,634,0,0
7829,Healthcare,13,7.91,4,0,652,1,0
7830,Manufacturing,19,47.59,10,0,598,0,1
7831,Tech,10,9.98,4,0,735,1,0
7832,Healthcare,24,43.16,3,1,570,0,0
7833,Retail,19,6.18,4,0,623,0,0
7834,Consulting,5,43.55,6,0,708,0,1
7835,Manufacturing,21,30.17,1,0,683,0,0
7836,Tech,7,42.56,4,0,681,0,0
7837,Retail,11,43.43,5,0,727,0,1
7838,Consulting,14,30.02,7,1,675,0,0
7839,Retail,23,45.93,7,0,706,0,0
7840,Consulting,21,29.48,5,0,711,0,0
7841,Healthcare,16,35.77,1,0,705,0,1
7842,Retail,18,21.1,6,0,675,0,0
7843,Retail,21,45.75,7,0,705,1,0
7844,Retail,23,41.3,5,0,775,1,0
7845,Healthcare,23,8.75,6,2,701,0,0
7846,Tech,4,29.03,2,1,658,1,0
7847,Consulting,1,44.89,8,1,749,0,1
7848,Retail,22,39.76,8,0,796,0,1
7849,Healthcare,15,48.15,6,0,651,0,0
7850,Tech,14,11.95,4,0,745,0,0
7851,Consulting,19,18.69,8,2,647,0,0
7852,Healthcare,5,25.61,6,0,762,0,0
7853,Consulting,4,12.02,1,0,694,0,0
7854,Retail,13,20.01,3,0,792,0,0
7855,Tech,18,27.11,3,0,700,0,0
7856,Healthcare,12,9.97,4,0,775,1,0
7857,Tech,23,13.21,8,2,672,1,0
7858,Retail,21,6.68,2,0,627,0,0
7859,Tech,15,35.81,5,0,704,0,0
7860,Tech,23,18.4,4,0,776,0,0
7861,Manufacturing,9,11.4,9,2,693,0,1
7862,Tech,4,25.61,7,0,799,0,0
7863,Consulting,5,3.88,4,1,713,0,0
7864,Healthcare,9,46.21,7,0,821,1,0
7865,Manufacturing,13,15.08,2,0,695,0,0
7866,Healthcare,10,44.38,4,0,748,0,0
7867,Healthcare,16,25.13,4,0,749,0,0
7868,Retail,13,42.58,7,0,684,0,0
7869,Retail,4,12.73,12,0,740,1,0
7870,Manufacturing,21,9.18,5,2,700,1,0
7871,Retail,13,42.55,3,0,762,0,0
7872,Retail,21,11.04,5,0,719,0,0
7873,Retail,8,37.44,1,0,655,0,0
7874,Healthcare,13,17.56,5,2,694,0,1
7875,Manufacturing,15,37.54,3,0,675,0,1
7876,Healthcare,20,45.43,6,0,681,0,1
7877,Consulting,20,49.09,3,0,663,1,1
7878,Healthcare,13,18.31,3,1,644,1,0
7879,Consulting,23,18.69,6,2,677,0,0
7880,Tech,5,49.08,3,1,780,0,0
7881,Tech,22,43.15,6,0,670,0,0
7882,Consulting,22,2.73,7,0,749,0,1
7883,Consulting,6,28.89,6,0,763,0,0
7884,Healthcare,5,9.47,2,0,705,0,0
7885,Consulting,13,49.7,6,0,764,0,1
7886,Manufacturing,5,7.38,5,0,631,0,0
7887,Tech,13,28.19,3,0,633,0,0
7888,Tech,24,33.43,7,0,765,0,1
7889,Consulting,20,46.88,4,0,709,0,1
7890,Retail,23,42.44,7,1,783,0,1
7891,Retail,8,12.66,7,0,615,0,0
7892,Consulting,9,28.84,6,0,772,0,0
7893,Manufacturing,21,47.7,2,1,713,0,0
7894,Retail,19,36.92,5,0,672,1,0
7895,Consulting,20,34.57,5,0,755,0,0
7896,Manufacturing,15,37.87,6,0,619,0,0
7897,Manufacturing,22,16.46,6,0,635,0,0
7898,Healthcare,10,36.6,9,0,730,0,1
7899,Manufacturing,11,12.03,4,0,583,0,0
7900,Retail,5,21.69,1,0,715,0,0
7901,Retail,9,44.55,4,0,777,0,0
7902,Consulting,11,1.44,6,0,730,0,0
7903,Consulting,19,21.01,8,0,693,0,0
7904,Manufacturing,2,13.71,5,1,703,0,0
7905,Tech,6,10.33,5,0,631,1,0
7906,Healthcare,23,42.01,9,0,621,1,0
7907,Tech,21,34.98,3,1,697,0,0
7908,Manufacturing,1,6.08,7,0,631,0,0
7909,Manufacturing,3,24.98,7,2,655,0,0
7910,Tech,3,23.61,2,0,635,1,0
7911,Healthcare,14,7.56,5,0,757,0,0
7912,Tech,20,40.09,6,0,711,1,0
7913,Consulting,22,18.65,3,0,765,0,0
7914,Retail,5,38.22,6,0,582,0,0
7915,Consulting,17,10.01,7,2,683,1,0
7916,Retail,15,16.1,5,0,768,0,1
7917,Manufacturing,6,5.21,4,0,778,0,0
7918,Healthcare,14,7.6,3,0,646,0,0
7919,Tech,14,44.22,3,0,679,0,1
7920,Healthcare,17,5.9,2,0,666,1,0
7921,Tech,8,5.24,3,0,672,0,0
7922,Consulting,8,47.05,3,0,729,0,0
7923,Consulting,19,32.47,4,0,624,0,0
7924,Tech,9,5.5,4,0,747,0,0
7925,Healthcare,11,48.6,8,0,607,1,0
7926,Tech,13,7.78,4,2,704,0,1
7927,Manufacturing,13,38.43,7,0,790,0,1
7928,Consulting,24,2.23,5,2,722,0,0
7929,Manufacturing,19,31.41,3,0,740,0,0
7930,Consulting,21,27.56,4,0,640,0,0
7931,Consulting,19,10.8,9,0,704,0,0
7932,Retail,5,32.34,5,2,673,0,0
7933,Manufacturing,16,31.04,10,1,716,0,0
7934,Manufacturing,9,40.02,6,0,653,0,0
7935,Retail,20,43.86,7,1,767,0,0
7936,Healthcare,22,25.75,2,0,714,0,0
7937,Manufacturing,3,24.77,4,0,725,0,0
7938,Tech,19,31.27,2,1,722,0,0
7939,Retail,5,36.6,4,0,707,0,1
7940,Manufacturing,8,18.13,4,0,733,0,1
7941,Healthcare,14,25.48,3,1,617,0,0
7942,Manufacturing,24,29.46,0,1,766,1,0
7943,Consulting,3,49.42,2,2,751,0,1
7944,Tech,24,29.59,10,0,662,0,0
7945,Retail,13,11.6,4,0,659,0,1
7946,Consulting,11,29.61,4,2,677,0,1
7947,Healthcare,8,41.07,5,0,711,1,1
7948,Consulting,19,42.94,9,0,619,0,0
7949,Consulting,10,40.11,4,0,661,0,0
7950,Healthcare,18,44.47,3,1,636,0,1
7951,Consulting,18,17.07,10,0,787,0,0
7952,Retail,7,25.62,10,0,734,0,0
7953,Manufacturing,16,39.09,3,2,692,0,1
7954,Consulting,6,13.59,7,0,664,0,0
7955,Retail,16,18.89,4,0,651,0,0
7956,Manufacturing,16,41.64,2,0,760,0,0
7957,Manufacturing,23,38.62,4,2,662,0,1
7958,Consulting,24,48.57,11,0,760,0,0
7959,Retail,1,49.8,4,0,522,0,1
7960,Consulting,24,12.42,5,0,742,1,0
7961,Healthcare,19,45.07,3,0,731,0,0
7962,Manufacturing,3,5.18,5,2,698,0,0
7963,Consulting,6,35.64,7,0,724,0,0
7964,Manufacturing,4,11.39,0,0,665,0,0
7965,Retail,4,15.37,5,0,750,0,0
7966,Tech,4,47.34,9,0,771,1,1
7967,Consulting,10,13.53,3,0,656,0,0
7968,Consulting,9,33.82,2,0,757,0,0
7969,Manufacturing,8,9.32,6,0,704,0,0
7970,Retail,19,5.12,5,0,621,0,0
7971,Healthcare,17,17.3,4,0,751,0,0
7972,Retail,17,31.4,4,0,667,0,0
7973,Consulting,1,12.77,4,1,704,0,0
7974,Healthcare,20,15.36,4,2,746,0,1
7975,Retail,14,35.58,5,0,755,0,1
7976,Tech,22,5.59,6,0,631,0,0
7977,Manufacturing,20,22.62,3,1,701,0,0
7978,Retail,11,47.12,5,1,642,0,1
7979,Retail,3,20.15,2,0,659,0,0
7980,Tech,24,21.99,7,0,743,0,1
7981,Consulting,8,37.04,6,2,780,0,0
7982,Manufacturing,22,39.06,2,2,643,0,0
7983,Retail,10,38.6,6,0,631,1,0
7984,Healthcare,17,49.89,3,0,656,0,0
7985,Retail,8,4.04,4,1,668,0,0
7986,Manufacturing,22,49.12,11,1,660,0,1
7987,Retail,1,47.53,4,1,768,1,1
7988,Tech,20,42.68,6,0,752,1,1
7989,Retail,21,22.98,3,0,810,1,0
7990,Retail,7,43.61,2,0,694,0,1
7991,Healthcare,24,11.43,6,2,737,0,0
7992,Tech,9,39.69,10,0,641,0,1
7993,Tech,12,9.67,3,0,671,0,0
7994,Retail,22,40.86,4,0,668,1,0
7995,Healthcare,9,30.92,4,1,717,0,1
7996,Retail,20,5.35,0,1,706,1,1
7997,Retail,24,44.82,4,0,600,0,0
7998,Manufacturing,3,29.11,10,0,734,0,1
7999,Manufacturing,4,32.98,7,2,726,0,0
8000,Healthcare,10,14.53,6,0,749,0,0
8001,Consulting,4,43.65,6,1,686,0,0
8002,Manufacturing,22,27.49,8,0,718,1,0
8003,Consulting,9,21.35,6,0,724,0,0
8004,Tech,22,26.95,3,0,808,0,0
8005,Manufacturing,1,35.31,3,0,611,0,0
8006,Manufacturing,5,34.9,2,1,758,0,1
8007,Healthcare,9,18.2,3,0,734,1,0
8008,Consulting,5,19.57,5,1,719,1,0
8009,Manufacturing,6,28.33,7,2,696,0,1
8010,Manufacturing,19,46.26,7,0,716,0,1
8011,Healthcare,8,37.4,4,0,708,0,0
8012,Healthcare,10,19.83,0,0,713,0,0
8013,Consulting,11,17.18,3,0,660,0,0
8014,Tech,13,26.42,7,0,675,0,0
8015,Tech,20,43.56,7,0,705,0,0
8016,Retail,4,0.93,4,1,630,0,0
8017,Manufacturing,11,35.67,6,1,724,1,0
8018,Consulting,12,15.08,5,0,694,1,0
8019,Manufacturing,5,10.82,1,0,656,1,0
8020,Consulting,10,1.1,5,1,690,1,0
8021,Consulting,24,44.88,5,0,733,0,0
8022,Consulting,7,45.66,4,1,701,0,0
8023,Manufacturing,21,3.54,10,1,725,0,0
8024,Healthcare,9,26.33,4,0,706,0,0
8025,Manufacturing,9,8.05,2,0,731,0,0
8026,Consulting,10,38.06,8,0,751,0,0
8027,Retail,10,33.44,4,1,626,0,0
8028,Tech,2,15.21,5,1,660,1,1
8029,Consulting,4,6.29,3,2,705,0,0
8030,Retail,8,41.65,9,0,691,0,0
8031,Healthcare,14,33.88,5,1,665,0,0
8032,Consulting,17,0.84,7,1,584,0,0
8033,Retail,13,31.58,5,0,766,0,0
8034,Consulting,21,40.61,4,0,653,1,0
8035,Manufacturing,24,29.74,6,1,745,1,1
8036,Retail,18,21.52,7,0,646,0,0
8037,Manufacturing,18,29.4,3,0,743,0,1
8038,Manufacturing,13,31.18,3,1,617,0,0
8039,Retail,8,32.18,6,0,672,0,1
8040,Tech,12,48.37,8,1,637,0,0
8041,Retail,23,9.34,9,1,797,0,1
8042,Tech,24,31.34,7,2,672,1,1
8043,Consulting,21,9.81,7,0,668,0,0
8044,Consulting,1,10.89,1,0,640,0,0
8045,Retail,20,33.63,2,0,730,0,1
8046,Consulting,18,45.84,7,1,719,1,1
8047,Healthcare,3,8.37,8,0,754,0,0
8048,Manufacturing,12,48.14,11,0,732,0,1
8049,Manufacturing,19,16.31,3,2,683,0,1
8050,Tech,13,19.87,3,0,617,0,0
8051,Consulting,10,8.11,2,0,659,0,0
8052,Tech,15,30.98,0,0,714,0,0
8053,Manufacturing,20,30.02,2,2,777,0,1
8054,Manufacturing,2,22.39,4,0,789,1,0
8055,Consulting,19,24.07,4,2,645,0,0
8056,Healthcare,3,31.34,5,0,696,0,1
8057,Healthcare,14,29.38,3,0,705,0,0
8058,Consulting,7,19.03,3,0,711,0,0
8059,Consulting,8,44.26,6,0,708,1,0
8060,Tech,11,33.55,5,0,655,0,0
8061,Consulting,22,10.67,3,0,694,0,0
8062,Healthcare,20,16.34,2,0,675,0,0
8063,Consulting,6,39.5,7,2,706,0,1
8064,Tech,11,5.67,6,0,768,0,0
8065,Tech,17,37.64,5,0,698,0,0
8066,Tech,10,18.26,4,0,659,0,1
8067,Tech,24,27.81,10,0,777,0,1
8068,Retail,17,14.39,1,0,703,0,0
8069,Consulting,21,49.33,4,1,698,1,0
8070,Manufacturing,2,45.34,5,0,708,0,0
8071,Consulting,6,46.46,6,0,716,0,0
8072,Retail,5,9.65,3,0,810,1,0
8073,Tech,4,42.16,5,0,820,1,0
8074,Retail,2,27.0,1,0,725,0,0
8075,Healthcare,12,35.54,5,0,731,0,0
8076,Healthcare,3,11.27,6,1,687,0,0
8077,Consulting,6,35.74,7,0,647,0,1
8078,Consulting,24,45.76,5,0,768,0,0
8079,Manufacturing,14,13.74,8,0,602,0,0
8080,Manufacturing,8,12.05,2,0,698,0,0
8081,Healthcare,21,5.67,4,0,756,0,0
8082,Tech,21,13.71,7,0,725,0,0
8083,Retail,14,27.02,7,0,752,0,0
8084,Manufacturing,3,41.72,5,0,674,1,0
8085,Manufacturing,16,14.3,4,1,691,0,0
8086,Tech,15,31.25,8,0,734,1,1
8087,Tech,7,24.24,4,0,698,1,1
8088,Consulting,15,14.78,5,0,666,0,0
8089,Retail,13,25.76,3,0,751,0,0
8090,Tech,6,8.81,4,1,721,1,0
8091,Manufacturing,15,32.16,7,2,647,1,1
8092,Manufacturing,17,6.23,7,0,643,0,1
8093,Healthcare,4,36.68,3,1,702,0,1
8094,Tech,22,9.3,3,0,674,0,0
8095,Consulting,22,49.91,4,0,690,0,0
8096,Retail,14,41.27,10,0,648,0,1
8097,Consulting,15,17.52,4,1,741,0,0
8098,Manufacturing,12,21.6,3,0,757,0,0
8099,Consulting,19,13.33,5,0,644,1,0
8100,Manufacturing,22,38.47,6,0,641,0,0
8101,Manufacturing,10,19.35,7,0,764,1,0
8102,Manufacturing,6,37.88,1,0,748,0,0
8103,Manufacturing,9,1.41,7,1,662,1,1
8104,Manufacturing,2,7.21,2,0,724,0,0
8105,Healthcare,4,18.57,6,0,700,0,0
8106,Consulting,9,5.89,4,0,662,1,0
8107,Healthcare,15,30.26,4,0,734,0,0
8108,Healthcare,13,3.02,6,1,691,0,1
8109,Tech,20,43.06,3,0,712,0,0
8110,Tech,8,38.18,6,2,752,0,1
8111,Tech,19,11.2,2,0,644,0,0
8112,Retail,19,24.45,8,0,782,1,0
8113,Tech,16,22.86,6,0,701,0,0
8114,Consulting,11,36.38,6,0,734,1,0
8115,Healthcare,10,20.37,5,0,636,1,0
8116,Consulting,8,2.13,3,0,725,0,0
8117,Tech,1,14.05,3,2,626,0,0
8118,Retail,10,23.58,6,0,715,0,0
8119,Retail,18,48.74,8,0,701,0,1
8120,Healthcare,3,44.12,5,2,649,1,1
8121,Consulting,11,9.48,5,0,713,0,0
8122,Manufacturing,18,36.3,4,0,656,0,1
8123,Consulting,3,46.87,4,0,656,0,0
8124,Tech,8,0.94,4,1,712,0,1
8125,Manufacturing,14,36.19,3,0,664,0,0
8126,Retail,6,23.24,3,0,783,0,0
8127,Healthcare,15,34.17,5,0,687,1,0
8128,Healthcare,14,30.48,5,0,689,0,0
8129,Retail,7,49.24,3,0,731,0,0
8130,Tech,10,14.8,4,0,664,0,0
8131,Retail,15,39.41,3,2,691,0,0
8132,Tech,10,12.11,6,1,705,1,1
8133,Manufacturing,22,22.06,7,2,797,1,1
8134,Retail,17,48.78,5,1,706,1,0
8135,Tech,19,38.42,9,0,756,0,1
8136,Manufacturing,17,16.13,7,0,760,0,1
8137,Retail,12,31.16,4,0,607,0,1
8138,Healthcare,15,2.96,7,0,623,0,1
8139,Retail,12,13.69,3,1,717,0,0
8140,Consulting,9,36.06,2,1,677,1,0
8141,Retail,5,28.72,6,1,712,0,0
8142,Consulting,4,23.75,3,1,658,0,0
8143,Manufacturing,12,34.7,3,0,813,0,0
8144,Retail,16,20.22,6,1,715,1,1
8145,Manufacturing,9,1.79,8,0,748,0,0
8146,Manufacturing,3,22.33,2,0,747,0,0
8147,Tech,21,45.16,5,2,760,1,0
8148,Manufacturing,3,42.9,7,0,729,0,1
8149,Manufacturing,18,20.75,6,0,660,0,1
8150,Retail,17,1.6,1,0,768,0,0
8151,Retail,10,32.0,2,1,772,0,0
8152,Healthcare,2,37.19,5,0,712,0,0
8153,Tech,24,15.07,4,0,728,0,1
8154,Manufacturing,11,24.09,3,0,638,0,0
8155,Tech,24,49.6,4,0,741,0,1
8156,Consulting,3,29.03,4,0,772,0,0
8157,Manufacturing,23,17.88,6,0,722,0,0
8158,Tech,23,31.56,4,2,675,0,1
8159,Healthcare,2,9.41,10,0,632,1,0
8160,Healthcare,9,10.36,4,0,676,0,1
8161,Manufacturing,19,46.28,8,0,636,0,0
8162,Consulting,2,12.34,6,0,810,1,0
8163,Healthcare,19,15.88,2,0,713,0,0
8164,Healthcare,2,27.42,9,0,737,1,0
8165,Consulting,15,45.03,1,0,598,0,1
8166,Tech,24,39.18,3,2,685,0,1
8167,Healthcare,21,2.67,7,0,644,0,0
8168,Retail,3,34.8,8,1,755,0,0
8169,Healthcare,5,25.45,8,0,731,0,1
8170,Tech,11,24.04,4,0,563,0,0
8171,Tech,24,34.73,4,2,730,0,0
8172,Manufacturing,7,10.21,5,0,741,0,0
8173,Retail,6,49.08,5,0,659,0,1
8174,Tech,14,32.44,5,2,687,0,1
8175,Consulting,1,18.6,4,1,699,0,0
8176,Retail,17,30.21,4,0,695,0,0
8177,Retail,17,11.22,6,0,697,1,0
8178,Consulting,14,31.88,4,0,732,0,0
8179,Healthcare,10,1.9,3,1,710,1,1
8180,Consulting,8,17.39,5,0,743,1,0
8181,Consulting,8,37.5,5,0,760,1,0
8182,Healthcare,14,40.49,2,0,724,0,0
8183,Healthcare,7,13.02,9,0,712,0,0
8184,Healthcare,6,27.2,3,0,608,1,0
8185,Healthcare,4,26.66,7,0,700,0,0
8186,Healthcare,1,21.36,1,0,703,0,0
8187,Consulting,15,11.81,6,0,815,1,0
8188,Manufacturing,15,35.31,8,1,724,0,0
8189,Manufacturing,1,12.99,10,0,655,1,0
8190,Tech,20,45.6,3,0,760,1,0
8191,Manufacturing,3,26.66,3,0,745,0,0
8192,Manufacturing,23,43.59,6,0,673,0,0
8193,Consulting,5,14.89,3,0,670,1,0
8194,Healthcare,5,40.45,4,2,665,0,1
8195,Healthcare,4,6.13,4,0,615,0,0
8196,Consulting,17,38.46,4,0,775,0,0
8197,Manufacturing,21,19.65,7,0,702,0,0
8198,Consulting,20,23.76,4,0,699,1,0
8199,Tech,14,8.76,6,0,772,0,0
8200,Healthcare,8,1.42,4,0,687,0,0
8201,Retail,2,33.48,4,1,648,0,0
8202,Tech,8,29.59,5,0,760,0,0
8203,Tech,1,31.31,8,0,705,0,0
8204,Consulting,4,13.12,3,1,685,0,0
8205,Manufacturing,19,12.34,7,0,691,0,0
8206,Healthcare,5,41.6,7,0,681,1,1
8207,Retail,5,38.18,4,0,710,0,0
8208,Tech,21,17.17,6,0,652,0,0
8209,Retail,20,32.07,6,2,675,0,0
8210,Manufacturing,24,41.49,5,0,790,0,0
8211,Manufacturing,19,44.5,3,0,700,0,1
8212,Retail,12,0.79,4,0,703,1,0
8213,Healthcare,20,40.77,6,0,618,0,0
8214,Manufacturing,1,17.84,3,0,662,0,0
8215,Retail,7,36.06,3,0,722,0,0
8216,Tech,17,18.88,4,0,731,0,0
8217,Retail,2,30.51,6,0,686,0,0
8218,Retail,11,32.52,5,0,741,0,0
8219,Consulting,7,20.55,5,0,725,0,1
8220,Manufacturing,17,25.88,4,0,721,0,0
8221,Healthcare,3,36.45,3,0,678,1,0
8222,Healthcare,22,24.08,5,1,739,0,1
8223,Consulting,6,1.19,3,0,759,0,0
8224,Healthcare,22,1.14,3,0,763,0,0
8225,Retail,11,33.23,6,0,724,0,0
8226,Consulting,18,42.44,8,0,704,0,0
8227,Tech,18,39.37,8,1,751,0,1
8228,Manufacturing,22,15.86,5,0,688,0,0
8229,Manufacturing,10,23.82,7,0,693,1,0
8230,Manufacturing,5,12.09,5,0,669,0,0
8231,Retail,23,49.46,3,0,707,0,0
8232,Tech,23,13.4,5,1,664,0,0
8233,Consulting,21,21.1,4,0,613,0,0
8234,Consulting,24,34.22,4,0,752,0,0
8235,Manufacturing,22,43.86,6,0,819,0,1
8236,Tech,15,3.05,6,0,652,0,0
8237,Tech,21,15.4,6,0,726,0,0
8238,Tech,20,28.66,2,1,675,0,0
8239,Healthcare,23,31.11,6,2,770,0,1
8240,Healthcare,4,3.97,3,0,565,0,0
8241,Manufacturing,21,33.37,6,0,784,0,1
8242,Tech,21,26.64,5,2,625,0,0
8243,Tech,1,41.47,6,0,672,0,0
8244,Consulting,15,11.5,8,0,751,0,0
8245,Consulting,17,10.15,3,0,727,0,0
8246,Manufacturing,19,39.77,3,0,686,0,1
8247,Tech,14,35.34,4,0,675,1,0
8248,Manufacturing,19,39.69,4,1,680,0,0
8249,Consulting,18,39.21,6,1,698,1,0
8250,Consulting,2,5.65,5,2,606,0,0
8251,Healthcare,6,14.29,3,0,710,0,0
8252,Manufacturing,13,13.37,2,0,760,0,0
8253,Manufacturing,17,46.76,8,0,684,0,0
8254,Tech,6,24.63,4,1,615,1,0
8255,Tech,21,6.0,3,0,717,0,0
8256,Healthcare,22,14.83,3,0,641,1,0
8257,Retail,5,43.66,1,0,709,0,1
8258,Retail,7,42.43,6,2,663,0,0
8259,Retail,1,45.07,8,1,696,1,1
8260,Manufacturing,13,19.73,3,0,699,0,0
8261,Manufacturing,19,32.25,6,1,677,0,0
8262,Consulting,22,14.27,4,0,732,1,0
8263,Manufacturing,1,9.45,11,1,661,0,0
8264,Manufacturing,13,1.58,4,1,658,0,1
8265,Manufacturing,11,11.56,3,1,660,0,0
8266,Healthcare,7,30.42,9,0,630,0,1
8267,Manufacturing,20,45.26,7,0,616,0,0
8268,Tech,3,7.1,6,0,681,0,1
8269,Tech,1,45.94,4,1,717,0,1
8270,Consulting,8,17.6,4,1,667,0,0
8271,Healthcare,17,21.63,8,0,778,1,0
8272,Tech,13,18.57,2,0,697,0,0
8273,Healthcare,14,20.73,5,2,692,0,0
8274,Healthcare,5,13.33,7,0,711,1,0
8275,Consulting,24,35.08,8,1,739,0,0
8276,Healthcare,22,38.03,7,0,677,1,0
8277,Manufacturing,23,41.24,6,2,737,1,1
8278,Healthcare,24,17.39,10,2,674,0,1
8279,Consulting,6,38.35,3,0,771,0,0
8280,Consulting,22,32.06,7,1,811,0,0
8281,Consulting,6,47.92,5,0,704,0,0
8282,Tech,21,21.53,5,0,653,0,1
8283,Manufacturing,8,49.62,3,0,707,0,1
8284,Tech,13,37.15,8,0,742,1,0
8285,Retail,18,38.93,5,0,766,0,0
8286,Manufacturing,23,1.77,2,0,741,0,0
8287,Healthcare,4,25.12,3,0,710,0,0
8288,Consulting,17,26.65,5,2,722,0,1
8289,Retail,5,2.51,6,0,755,0,0
8290,Manufacturing,3,15.95,4,0,690,1,0
8291,Tech,4,47.8,6,0,706,0,0
8292,Consulting,23,21.59,5,0,725,0,0
8293,Tech,5,9.74,4,0,715,1,0
8294,Manufacturing,14,25.91,3,0,776,0,0
8295,Manufacturing,15,2.17,7,0,712,0,0
8296,Retail,20,26.04,5,1,655,0,1
8297,Healthcare,17,29.92,8,0,700,0,0
8298,Tech,6,18.21,3,0,840,0,0
8299,Retail,10,38.25,4,1,604,1,0
8300,Consulting,22,7.22,5,0,738,0,0
8301,Healthcare,23,43.97,5,0,668,0,1
8302,Retail,16,47.79,1,1,736,0,0
8303,Tech,17,0.56,7,0,785,1,0
8304,Manufacturing,14,42.21,7,0,672,0,0
8305,Consulting,20,25.55,3,0,647,0,0
8306,Tech,12,23.34,6,1,708,0,0
8307,Healthcare,9,12.31,4,0,783,0,0
8308,Healthcare,15,22.64,3,0,698,0,1
8309,Manufacturing,12,47.55,5,0,850,0,0
8310,Manufacturing,14,10.93,6,0,761,0,0
8311,Consulting,22,9.36,4,1,622,1,0
8312,Consulting,18,12.47,5,1,719,1,0
8313,Manufacturing,20,27.82,11,2,776,1,1
8314,Manufacturing,6,46.55,5,0,645,0,1
8315,Healthcare,4,28.91,5,0,731,0,0
8316,Manufacturing,23,12.55,8,1,692,0,0
8317,Retail,12,22.3,6,1,680,0,0
8318,Tech,13,19.82,7,1,634,0,0
8319,Manufacturing,19,2.81,6,0,748,0,1
8320,Consulting,22,25.78,5,0,710,0,0
8321,Retail,13,6.74,4,0,713,1,1
8322,Consulting,12,42.19,7,0,682,0,0
8323,Retail,20,27.67,5,0,707,0,0
8324,Manufacturing,3,42.31,6,0,648,0,0
8325,Tech,3,47.82,4,0,724,0,0
8326,Consulting,14,47.19,6,2,704,0,1
8327,Retail,18,5.47,5,1,741,0,0
8328,Healthcare,19,47.27,3,2,747,1,0
8329,Manufacturing,10,39.89,4,1,758,0,1
8330,Tech,17,38.99,8,1,758,0,0
8331,Manufacturing,15,4.96,4,0,693,0,0
8332,Healthcare,19,9.39,10,2,672,1,0
8333,Tech,9,48.77,1,0,744,0,1
8334,Healthcare,4,11.06,10,1,684,1,0
8335,Manufacturing,15,8.87,7,0,756,0,0
8336,Retail,19,18.44,4,1,639,0,1
8337,Manufacturing,16,45.71,3,0,661,0,0
8338,Manufacturing,8,24.07,4,0,720,0,1
8339,Manufacturing,17,46.07,6,1,794,0,1
8340,Consulting,21,17.05,4,0,672,0,0
8341,Healthcare,1,11.71,5,0,739,0,0
8342,Healthcare,7,25.01,3,1,702,0,1
8343,Healthcare,21,30.97,5,0,701,0,1
8344,Consulting,18,19.88,7,0,699,0,0
8345,Retail,12,17.63,6,2,752,1,0
8346,Manufacturing,16,11.29,6,0,689,0,0
8347,Retail,1,14.11,7,1,707,0,0
8348,Consulting,15,33.82,1,0,762,0,0
8349,Healthcare,7,18.81,4,0,739,1,0
8350,Manufacturing,17,4.45,4,2,742,0,0
8351,Tech,3,7.34,7,2,719,1,1
8352,Tech,11,18.93,3,0,668,0,0
8353,Retail,6,46.26,7,0,674,0,1
8354,Healthcare,6,19.26,5,0,782,0,0
8355,Tech,15,3.5,7,0,691,0,0
8356,Retail,7,21.19,6,2,640,0,0
8357,Consulting,11,33.61,3,2,726,1,0
8358,Retail,17,29.88,7,0,717,0,0
8359,Retail,23,14.3,6,0,627,0,0
8360,Retail,18,34.56,6,1,641,0,0
8361,Manufacturing,22,31.72,5,1,674,0,1
8362,Retail,24,9.02,6,0,641,0,0
8363,Retail,21,8.53,5,2,663,0,0
8364,Manufacturing,19,27.59,2,1,640,0,0
8365,Manufacturing,8,33.14,3,0,816,0,1
8366,Consulting,24,48.11,9,0,769,0,0
8367,Healthcare,20,21.39,5,1,691,0,0
8368,Tech,8,38.36,5,1,687,0,0
8369,Tech,21,6.27,4,2,721,1,0
8370,Retail,11,44.54,5,1,695,0,0
8371,Consulting,21,31.84,5,0,732,0,0
8372,Retail,3,31.64,4,2,681,1,1
8373,Tech,23,7.55,4,0,725,0,0
8374,Manufacturing,14,2.46,7,0,694,0,0
8375,Healthcare,9,35.22,8,0,639,0,0
8376,Consulting,1,6.29,3,0,734,0,0
8377,Manufacturing,1,6.79,2,0,709,0,0
8378,Healthcare,12,9.78,1,0,706,0,0
8379,Consulting,11,5.34,10,1,713,0,0
8380,Consulting,21,31.46,2,0,639,1,0
8381,Tech,1,21.39,5,0,777,1,0
8382,Manufacturing,20,13.67,1,1,777,0,0
8383,Consulting,12,22.32,7,0,670,1,0
8384,Consulting,17,42.28,5,1,728,0,0
8385,Healthcare,15,46.39,6,0,720,0,0
8386,Tech,2,24.63,4,0,660,1,0
8387,Retail,18,28.55,5,0,764,0,0
8388,Tech,16,13.23,3,0,794,0,0
8389,Retail,4,25.92,4,1,671,0,0
8390,Manufacturing,8,37.53,6,1,702,0,0
8391,Manufacturing,2,24.86,3,0,691,0,0
8392,Consulting,14,15.45,4,2,761,0,0
8393,Manufacturing,15,29.31,4,0,770,0,0
8394,Consulting,9,47.36,3,0,629,1,0
8395,Tech,2,44.46,6,1,607,1,1
8396,Manufacturing,17,38.58,4,1,699,1,0
8397,Tech,10,14.17,5,0,725,0,0
8398,Tech,9,12.46,6,0,682,0,0
8399,Manufacturing,2,42.01,4,0,708,0,0
8400,Tech,24,9.48,4,0,710,0,0
8401,Manufacturing,19,30.48,8,0,682,1,0
8402,Manufacturing,17,22.23,2,0,722,0,0
8403,Manufacturing,11,23.67,6,0,700,0,0
8404,Retail,17,23.0,5,1,707,0,1
8405,Tech,10,45.05,5,0,696,0,1
8406,Healthcare,18,4.81,7,0,768,0,0
8407,Manufacturing,23,39.25,6,1,720,0,0
8408,Tech,6,41.83,4,0,681,0,0
8409,Consulting,16,47.17,6,0,723,0,1
8410,Manufacturing,18,22.9,8,0,699,0,0
8411,Manufacturing,20,25.25,3,1,729,1,1
8412,Healthcare,18,48.08,3,0,736,0,0
8413,Retail,1,23.19,9,0,737,0,0
8414,Retail,3,25.43,6,0,775,0,0
8415,Manufacturing,15,16.95,6,0,712,0,0
8416,Tech,20,2.07,3,0,741,0,0
8417,Consulting,10,21.94,6,1,700,0,0
8418,Consulting,21,32.93,7,0,708,1,0
8419,Tech,5,34.65,1,0,707,0,0
8420,Manufacturing,15,0.82,1,1,688,1,0
8421,Consulting,23,40.15,1,2,693,0,0
8422,Retail,14,24.87,5,0,675,0,1
8423,Tech,15,26.28,3,0,749,1,0
8424,Healthcare,10,48.11,1,0,693,0,0
8425,Manufacturing,24,14.58,5,2,732,0,0
8426,Tech,9,38.2,11,0,704,0,1
8427,Consulting,12,28.95,5,0,659,0,1
8428,Manufacturing,7,35.19,9,1,652,1,1
8429,Retail,5,21.18,6,1,768,1,0
8430,Manufacturing,24,14.32,6,0,659,0,0
8431,Manufacturing,10,27.53,3,0,648,0,1
8432,Retail,8,19.06,2,1,731,0,1
8433,Retail,22,11.53,6,0,614,1,0
8434,Manufacturing,20,42.04,5,2,644,0,1
8435,Retail,16,24.05,5,0,666,0,0
8436,Tech,12,42.44,7,2,765,0,1
8437,Retail,9,23.96,6,1,714,0,0
8438,Retail,10,28.06,6,1,779,1,0
8439,Manufacturing,16,49.77,4,2,734,0,1
8440,Tech,10,47.6,5,0,710,0,0
8441,Healthcare,9,13.95,3,1,747,0,1
8442,Healthcare,3,43.5,3,0,758,0,1
8443,Consulting,19,19.82,9,0,821,0,0
8444,Retail,11,4.03,6,0,630,0,0
8445,Retail,6,29.0,7,0,641,0,0
8446,Tech,6,48.86,6,0,680,0,1
8447,Healthcare,15,48.73,6,1,784,0,1
8448,Consulting,15,6.76,6,0,714,0,0
8449,Tech,13,38.68,4,1,676,1,1
8450,Retail,22,40.24,5,1,753,0,1
8451,Healthcare,5,18.75,7,0,664,0,0
8452,Consulting,14,33.1,4,1,798,0,0
8453,Manufacturing,21,24.66,6,0,725,0,1
8454,Healthcare,2,11.78,8,0,751,0,0
8455,Consulting,23,38.18,4,1,706,0,0
8456,Tech,12,13.51,3,1,674,0,0
8457,Manufacturing,20,17.35,5,0,727,0,1
8458,Consulting,14,9.91,7,0,713,1,0
8459,Consulting,19,36.1,2,2,706,0,1
8460,Retail,24,23.21,3,2,671,0,0
8461,Healthcare,20,22.45,4,0,812,1,0
8462,Retail,15,30.43,10,1,700,1,1
8463,Manufacturing,20,8.28,7,0,674,0,0
8464,Consulting,24,44.96,6,0,718,0,0
8465,Retail,17,23.52,1,2,767,1,0
8466,Healthcare,14,18.64,7,0,838,0,0
8467,Manufacturing,23,6.77,4,0,570,0,0
8468,Tech,18,8.81,3,0,722,1,0
8469,Retail,22,46.06,2,0,768,0,0
8470,Manufacturing,24,23.1,5,0,613,0,0
8471,Tech,5,36.25,2,1,711,0,0
8472,Retail,22,4.49,6,0,737,0,0
8473,Manufacturing,12,32.35,3,0,719,0,0
8474,Manufacturing,10,46.12,10,0,660,0,1
8475,Retail,8,15.35,4,1,747,1,0
8476,Manufacturing,6,29.17,4,1,611,0,0
8477,Consulting,15,47.04,3,0,638,1,0
8478,Retail,12,36.11,3,0,713,0,0
8479,Manufacturing,6,3.59,5,0,708,1,0
8480,Tech,12,19.25,2,0,765,1,0
8481,Tech,15,4.75,5,0,636,0,0
8482,Consulting,12,43.14,5,0,675,1,0
8483,Retail,9,31.27,5,0,692,0,0
8484,Manufacturing,19,47.84,1,0,712,1,0
8485,Manufacturing,21,1.48,11,0,703,0,0
8486,Tech,2,21.44,6,0,736,0,0
8487,Consulting,13,5.67,5,0,531,1,0
8488,Tech,13,17.85,4,0,716,0,0
8489,Tech,8,8.51,2,0,706,0,0
8490,Consulting,13,16.78,8,0,708,0,0
8491,Retail,4,41.05,7,0,713,0,1
8492,Manufacturing,6,8.45,2,0,800,0,0
8493,Retail,6,23.95,4,0,639,0,0
8494,Healthcare,21,46.12,10,0,737,0,1
8495,Healthcare,12,49.94,6,1,642,0,1
8496,Healthcare,12,12.91,6,0,699,1,0
8497,Consulting,17,46.81,4,0,719,0,0
8498,Tech,7,13.44,10,0,665,1,0
8499,Retail,15,20.97,5,0,674,0,0
8500,Manufacturing,24,43.96,4,0,620,0,1
8501,Healthcare,17,39.42,2,0,624,0,1
8502,Retail,10,42.95,2,1,656,0,1
8503,Healthcare,23,40.11,7,0,725,0,0
8504,Healthcare,20,12.14,5,0,687,0,0
8505,Manufacturing,6,28.16,4,0,709,0,0
8506,Consulting,9,19.57,4,0,691,0,0
8507,Tech,15,23.26,2,0,739,0,0
8508,Consulting,16,8.12,1,2,700,0,0
8509,Retail,21,16.13,3,0,642,0,0
8510,Consulting,8,42.95,6,2,699,1,1
8511,Retail,16,44.93,6,0,693,0,0
8512,Retail,5,30.7,5,2,625,1,1
8513,Tech,18,25.16,6,0,736,0,0
8514,Manufacturing,20,35.79,7,0,733,0,0
8515,Tech,14,30.64,6,1,738,0,1
8516,Consulting,2,49.19,8,0,710,0,0
8517,Retail,23,9.91,7,0,688,0,0
8518,Healthcare,23,22.73,10,0,703,0,1
8519,Healthcare,3,45.95,9,0,725,0,0
8520,Retail,14,45.78,3,0,700,0,0
8521,Tech,7,25.02,3,0,765,0,0
8522,Manufacturing,15,7.17,4,0,753,0,0
8523,Tech,17,40.84,3,0,684,0,0
8524,Retail,1,29.47,4,0,658,1,0
8525,Retail,9,38.77,5,0,712,0,0
8526,Manufacturing,22,23.39,6,2,759,0,1
8527,Consulting,14,10.59,3,1,733,1,0
8528,Consulting,16,1.69,4,2,691,0,0
8529,Manufacturing,21,28.18,4,0,644,1,0
8530,Consulting,13,8.47,4,0,582,1,0
8531,Healthcare,6,9.76,7,0,668,0,0
8532,Consulting,22,22.1,2,1,716,0,0
8533,Consulting,1,22.38,3,0,682,0,0
8534,Consulting,21,14.08,2,0,621,0,0
8535,Healthcare,4,7.03,7,0,698,0,0
8536,Consulting,3,47.28,6,0,791,0,0
8537,Healthcare,17,7.02,8,0,662,0,0
8538,Manufacturing,2,17.86,8,0,651,0,0
8539,Tech,19,15.59,2,0,737,1,0
8540,Manufacturing,20,43.38,8,0,730,0,1
8541,Tech,23,20.8,4,2,633,0,0
8542,Manufacturing,22,6.64,5,0,686,0,0
8543,Tech,8,1.01,4,0,605,0,0
8544,Tech,15,36.24,2,0,770,0,0
8545,Retail,6,35.87,9,0,754,0,1
8546,Tech,23,21.18,4,0,723,0,0
8547,Tech,20,6.75,3,0,746,0,0
8548,Retail,2,18.9,2,2,703,1,0
8549,Consulting,15,29.7,6,0,683,0,1
8550,Consulting,20,35.35,3,1,586,1,0
8551,Retail,12,4.37,5,2,783,0,0
8552,Healthcare,3,28.04,6,0,727,0,0
8553,Tech,10,14.17,7,0,768,0,0
8554,Tech,14,31.05,6,1,706,0,0
8555,Retail,22,32.58,3,0,649,0,0
8556,Retail,14,45.57,7,0,766,0,1
8557,Healthcare,3,20.81,6,0,630,0,0
8558,Consulting,1,27.11,7,1,753,0,0
8559,Manufacturing,20,13.78,7,0,746,0,0
8560,Consulting,1,14.68,5,0,764,0,0
8561,Tech,2,2.78,2,0,727,1,0
8562,Retail,19,14.66,3,0,655,0,0
8563,Healthcare,24,3.66,4,0,631,0,0
8564,Consulting,10,48.21,3,0,759,0,0
8565,Healthcare,4,31.4,9,0,691,0,0
8566,Consulting,4,9.07,6,0,710,0,0
8567,Tech,13,6.28,5,0,707,0,1
8568,Manufacturing,9,18.82,3,1,729,0,0
8569,Healthcare,7,15.73,3,0,589,0,0
8570,Healthcare,16,14.32,5,0,715,0,0
8571,Manufacturing,18,23.68,7,0,666,0,0
8572,Healthcare,3,45.69,2,0,684,0,0
8573,Healthcare,20,28.62,7,0,671,0,0
8574,Consulting,20,26.3,2,0,660,0,0
8575,Consulting,10,40.42,6,0,588,0,0
8576,Manufacturing,24,0.7,1,1,670,0,0
8577,Tech,22,10.27,2,0,720,0,0
8578,Healthcare,16,25.06,3,0,741,1,1
8579,Tech,3,35.41,11,0,712,0,0
8580,Manufacturing,11,24.51,2,0,619,0,0
8581,Manufacturing,10,8.6,9,0,716,0,0
8582,Consulting,16,46.53,2,1,739,0,0
8583,Healthcare,8,16.77,5,0,645,1,0
8584,Retail,9,39.52,5,0,603,0,1
8585,Manufacturing,15,44.62,4,0,715,0,0
8586,Healthcare,21,17.65,3,1,728,0,0
8587,Tech,3,42.34,3,0,801,0,0
8588,Consulting,4,35.68,6,0,705,0,1
8589,Tech,13,45.26,3,1,732,0,0
8590,Manufacturing,12,12.94,5,0,790,0,1
8591,Manufacturing,21,46.6,4,0,626,0,0
8592,Tech,9,3.73,8,0,763,0,0
8593,Manufacturing,14,39.79,3,0,633,0,0
8594,Healthcare,19,22.07,5,2,638,0,0
8595,Manufacturing,7,9.31,4,1,664,0,0
8596,Consulting,16,4.43,3,0,569,0,0
8597,Healthcare,22,19.78,5,0,713,0,0
8598,Retail,20,19.77,4,0,639,1,1
8599,Manufacturing,5,11.88,7,0,779,0,0
8600,Manufacturing,10,11.17,7,0,756,0,0
8601,Consulting,18,20.28,6,0,719,1,1
8602,Consulting,11,20.8,6,0,715,0,0
8603,Tech,7,22.4,6,0,769,0,0
8604,Tech,14,43.5,3,0,679,0,0
8605,Tech,20,30.76,10,0,675,0,0
8606,Consulting,18,1.51,4,0,607,0,0
8607,Tech,11,26.2,8,1,708,1,0
8608,Tech,22,38.24,4,1,779,0,0
8609,Retail,12,3.29,6,0,629,0,1
8610,Tech,18,21.42,6,2,770,0,0
8611,Manufacturing,2,22.83,3,1,683,0,0
8612,Consulting,23,47.72,5,0,746,0,1
8613,Healthcare,1,24.05,4,2,568,1,0
8614,Retail,23,37.62,6,0,641,0,0
8615,Consulting,10,15.49,5,2,729,1,1
8616,Consulting,21,39.08,1,0,725,0,0
8617,Manufacturing,1,16.47,2,0,691,1,0
8618,Tech,6,21.79,4,0,713,0,0
8619,Manufacturing,7,24.23,3,0,687,0,0
8620,Tech,17,46.35,8,1,725,0,0
8621,Tech,9,3.15,11,0,770,1,0
8622,Consulting,7,10.24,5,1,689,0,0
8623,Tech,17,35.43,4,0,703,1,0
8624,Retail,3,29.09,4,0,707,0,0
8625,Retail,16,12.95,7,1,629,0,0
8626,Retail,5,14.82,4,1,678,0,1
8627,Consulting,20,18.68,5,0,620,0,0
8628,Manufacturing,18,22.79,4,0,713,0,0
8629,Healthcare,1,40.99,11,0,660,0,1
8630,Tech,4,1.18,7,0,727,0,0
8631,Healthcare,23,44.95,8,1,785,0,0
8632,Manufacturing,11,20.94,8,0,754,0,0
8633,Manufacturing,20,11.91,2,0,704,0,0
8634,Consulting,9,25.67,3,0,722,1,0
8635,Retail,8,33.15,5,1,577,0,0
8636,Retail,8,2.72,2,0,682,0,0
8637,Manufacturing,5,35.93,5,0,715,0,0
8638,Consulting,12,38.16,4,0,672,0,0
8639,Consulting,1,8.73,9,2,659,0,0
8640,Tech,15,8.81,9,0,645,0,1
8641,Retail,18,10.59,6,0,683,1,0
8642,Manufacturing,6,39.93,5,0,710,1,1
8643,Healthcare,10,13.96,6,0,711,1,0
8644,Retail,14,39.9,7,0,687,1,0
8645,Tech,21,27.26,11,1,670,0,1
8646,Consulting,8,38.47,5,0,718,1,1
8647,Manufacturing,3,27.91,8,0,612,0,0
8648,Retail,22,17.12,3,0,663,0,0
8649,Healthcare,22,45.58,2,0,688,1,0
8650,Tech,19,35.91,4,0,639,0,0
8651,Tech,12,24.46,5,0,715,1,0
8652,Retail,12,32.05,4,0,717,0,0
8653,Healthcare,15,30.98,4,0,771,0,0
8654,Tech,7,18.23,2,0,802,1,0
8655,Manufacturing,4,21.48,5,0,701,1,0
8656,Tech,21,16.25,11,0,700,0,1
8657,Healthcare,9,49.98,7,0,674,0,1
8658,Consulting,22,29.21,2,0,728,0,0
8659,Consulting,16,5.06,7,0,782,1,0
8660,Retail,13,26.2,6,0,688,0,0
8661,Healthcare,4,2.97,6,0,658,0,0
8662,Tech,24,14.79,11,0,723,1,0
8663,Tech,9,22.58,4,0,734,0,0
8664,Consulting,21,26.95,3,0,740,1,0
8665,Consulting,18,48.82,4,0,749,0,0
8666,Manufacturing,15,49.12,1,1,690,1,0
8667,Consulting,15,5.35,6,0,689,1,0
8668,Manufacturing,6,27.14,4,0,850,0,0
8669,Tech,11,40.95,3,2,609,0,0
8670,Manufacturing,8,12.27,7,1,759,0,1
8671,Manufacturing,21,37.65,5,1,686,1,0
8672,Retail,17,43.99,4,0,641,0,0
8673,Consulting,24,33.29,3,0,685,0,0
8674,Manufacturing,17,16.72,0,0,621,0,0
8675,Tech,24,46.2,4,0,691,0,1
8676,Healthcare,18,44.23,4,0,696,0,0
8677,Manufacturing,4,35.93,2,0,698,0,0
8678,Consulting,15,18.5,5,1,709,0,1
8679,Retail,2,39.7,4,0,692,1,0
8680,Tech,2,16.15,6,0,705,1,0
8681,Retail,10,13.02,4,0,727,0,0
8682,Healthcare,3,25.99,4,1,819,1,0
8683,Manufacturing,8,49.86,2,0,767,0,1
8684,Manufacturing,20,40.31,2,0,680,0,0
8685,Consulting,7,36.62,5,0,772,0,1
8686,Manufacturing,12,22.87,2,2,674,0,0
8687,Tech,19,15.94,6,1,655,0,1
8688,Healthcare,15,42.87,1,0,627,1,0
8689,Retail,14,28.6,1,1,743,0,0
8690,Healthcare,16,40.76,2,0,813,0,0
8691,Manufacturing,14,24.64,5,0,731,0,0
8692,Retail,3,37.82,5,0,692,0,0
8693,Consulting,18,43.45,9,0,790,0,0
8694,Healthcare,22,19.87,2,2,701,1,0
8695,Retail,6,1.17,3,0,780,0,0
8696,Retail,17,13.12,3,0,669,0,0
8697,Retail,23,45.79,8,0,711,0,0
8698,Tech,14,34.53,6,0,771,0,0
8699,Healthcare,14,36.99,5,0,700,0,0
8700,Retail,20,16.6,3,1,674,0,0
8701,Healthcare,13,35.21,7,1,676,0,1
8702,Retail,3,32.49,3,0,704,0,0
8703,Consulting,13,9.33,4,1,797,0,0
8704,Consulting,24,48.45,5,0,693,0,0
8705,Consulting,2,18.02,1,0,655,0,0
8706,Manufacturing,9,16.8,3,0,686,0,0
8707,Retail,13,18.77,3,0,669,1,1
8708,Manufacturing,8,5.04,1,0,730,0,0
8709,Healthcare,16,31.44,4,0,665,0,0
8710,Manufacturing,24,12.31,4,1,757,0,0
8711,Healthcare,3,40.26,4,0,648,1,0
8712,Healthcare,13,20.01,4,0,807,0,0
8713,Healthcare,4,23.2,4,0,738,0,1
8714,Manufacturing,18,32.5,5,2,637,0,1
8715,Retail,2,38.21,0,1,711,0,0
8716,Manufacturing,20,11.94,5,0,789,0,0
8717,Retail,22,48.33,0,0,698,0,0
8718,Retail,21,31.3,8,0,637,0,1
8719,Healthcare,15,0.78,4,1,728,0,0
8720,Manufacturing,17,21.07,4,2,722,0,0
8721,Retail,10,22.12,1,1,664,0,0
8722,Consulting,1,40.55,4,1,721,0,0
8723,Retail,6,15.6,2,0,736,1,0
8724,Consulting,3,16.9,6,0,641,0,0
8725,Manufacturing,19,3.99,2,0,595,0,0
8726,Manufacturing,7,14.54,7,1,770,0,0
8727,Manufacturing,13,35.99,5,1,669,0,1
8728,Retail,13,31.92,2,2,735,0,0
8729,Tech,17,4.53,7,0,651,0,0
8730,Retail,1,6.18,3,0,654,0,0
8731,Retail,14,19.16,4,1,801,0,0
8732,Healthcare,3,37.32,6,0,730,1,0
8733,Healthcare,14,41.73,6,0,716,1,0
8734,Retail,24,1.22,3,2,658,0,0
8735,Consulting,1,16.79,5,0,755,0,1
8736,Healthcare,16,21.5,1,0,720,0,1
8737,Retail,10,45.6,4,2,749,0,1
8738,Tech,13,25.32,7,0,654,0,0
8739,Consulting,4,13.85,4,0,748,0,1
8740,Manufacturing,9,19.81,6,0,658,0,0
8741,Retail,14,22.1,7,1,629,0,0
8742,Retail,4,33.66,6,0,788,0,0
8743,Consulting,10,2.53,3,0,750,0,0
8744,Healthcare,8,19.78,8,0,719,1,0
8745,Healthcare,23,32.5,7,0,727,1,0
8746,Healthcare,3,14.52,2,0,634,0,0
8747,Manufacturing,23,29.79,7,0,749,0,0
8748,Consulting,7,18.19,5,0,665,0,0
8749,Consulting,10,38.06,6,0,775,0,0
8750,Healthcare,3,3.5,0,0,698,0,0
8751,Healthcare,2,45.94,7,0,699,0,0
8752,Tech,15,8.99,3,2,706,0,1
8753,Tech,9,8.35,5,0,631,0,0
8754,Retail,15,42.11,5,0,702,0,0
8755,Retail,17,43.53,6,0,673,1,1
8756,Consulting,7,5.1,3,2,711,0,1
8757,Consulting,20,45.48,4,1,603,1,0
8758,Manufacturing,18,14.03,3,1,778,0,0
8759,Manufacturing,15,31.12,3,0,725,0,0
8760,Tech,18,3.9,9,0,676,0,0
8761,Retail,24,19.34,7,0,658,0,0
8762,Tech,23,22.81,6,0,752,0,1
8763,Tech,12,30.19,5,0,629,0,0
8764,Retail,23,26.5,8,0,667,0,0
8765,Manufacturing,21,23.34,4,0,667,0,0
8766,Retail,8,48.0,6,0,666,1,1
8767,Healthcare,2,9.66,3,0,680,0,1
8768,Healthcare,2,8.32,3,0,656,0,0
8769,Healthcare,5,35.81,4,0,645,0,0
8770,Consulting,1,4.19,1,1,744,0,0
8771,Manufacturing,22,24.4,4,2,750,0,0
8772,Manufacturing,4,24.46,3,2,738,0,0
8773,Consulting,6,15.85,4,1,677,0,1
8774,Tech,23,46.56,3,1,691,0,1
8775,Healthcare,13,14.49,5,0,664,0,0
8776,Healthcare,19,14.78,9,0,721,0,0
8777,Tech,11,12.1,7,0,731,0,0
8778,Retail,13,7.72,6,0,621,0,0
8779,Retail,8,18.52,4,1,706,0,0
8780,Manufacturing,7,34.2,5,0,711,0,0
8781,Consulting,13,37.24,4,0,740,0,0
8782,Manufacturing,1,40.76,5,0,670,0,0
8783,Retail,6,10.28,4,0,646,1,0
8784,Tech,7,2.26,5,0,686,0,1
8785,Manufacturing,16,48.75,2,0,746,1,0
8786,Healthcare,15,1.21,9,0,672,0,0
8787,Healthcare,20,48.05,7,0,630,0,0
8788,Tech,2,41.53,5,1,625,1,0
8789,Retail,23,45.65,5,1,700,0,1
8790,Healthcare,16,19.67,4,0,721,0,0
8791,Healthcare,17,10.26,6,0,788,0,0
8792,Consulting,24,30.52,3,0,698,1,1
8793,Manufacturing,15,37.19,2,0,721,1,0
8794,Retail,3,6.98,4,0,716,1,0
8795,Manufacturing,4,39.98,10,0,711,1,1
8796,Retail,12,10.83,6,1,719,0,0
8797,Healthcare,5,24.84,3,0,621,0,0
8798,Consulting,17,42.9,5,0,720,0,0
8799,Manufacturing,6,10.07,2,0,700,1,0
8800,Healthcare,10,12.47,3,0,788,0,1
8801,Retail,22,3.61,9,0,719,0,0
8802,Manufacturing,18,7.76,4,0,685,0,1
8803,Manufacturing,10,7.75,1,1,618,1,0
8804,Healthcare,6,10.57,3,1,735,0,0
8805,Manufacturing,24,14.67,4,1,752,0,0
8806,Consulting,6,40.84,4,0,730,0,1
8807,Consulting,20,45.83,6,2,793,0,1
8808,Healthcare,15,20.61,4,0,639,1,0
8809,Retail,4,6.85,1,1,656,1,0
8810,Healthcare,16,11.58,7,0,701,0,0
8811,Consulting,22,36.94,5,1,720,0,0
8812,Tech,24,34.03,2,0,726,0,0
8813,Tech,8,48.38,4,0,725,0,1
8814,Manufacturing,7,1.22,6,0,674,0,0
8815,Manufacturing,19,37.66,3,0,748,0,0
8816,Tech,17,25.54,4,1,677,1,0
8817,Consulting,21,45.18,8,1,690,0,0
8818,Manufacturing,13,29.02,6,0,617,0,0
8819,Healthcare,15,22.61,9,0,742,1,0
8820,Healthcare,2,33.46,6,0,640,0,1
8821,Consulting,10,41.76,6,0,705,0,0
8822,Manufacturing,13,14.48,4,0,668,0,0
8823,Healthcare,18,5.82,14,0,659,0,0
8824,Manufacturing,23,21.93,4,0,731,0,0
8825,Manufacturing,11,11.12,3,0,739,0,0
8826,Healthcare,13,21.76,8,0,654,0,0
8827,Tech,19,49.56,3,0,790,0,1
8828,Healthcare,24,28.92,0,0,637,0,0
8829,Consulting,24,34.83,6,0,608,0,0
8830,Retail,22,34.06,6,0,617,0,0
8831,Healthcare,5,41.12,3,2,735,1,1
8832,Manufacturing,3,47.23,5,2,615,0,0
8833,Manufacturing,19,33.11,4,1,772,1,1
8834,Healthcare,23,24.07,3,2,728,1,0
8835,Retail,13,16.23,4,0,844,1,0
8836,Healthcare,5,18.33,6,0,703,0,1
8837,Retail,12,17.06,7,2,646,0,0
8838,Retail,14,16.56,4,0,702,0,0
8839,Consulting,6,34.88,5,1,733,0,0
8840,Manufacturing,22,29.59,3,0,715,1,0
8841,Manufacturing,9,10.5,9,2,794,0,0
8842,Retail,17,48.5,6,1,647,0,0
8843,Manufacturing,8,21.67,2,0,766,1,0
8844,Tech,13,28.52,3,0,666,0,0
8845,Retail,5,35.28,7,0,786,0,1
8846,Manufacturing,22,30.88,3,1,772,0,0
8847,Tech,22,15.9,3,0,657,0,0
8848,Consulting,17,39.99,5,2,713,0,0
8849,Manufacturing,3,5.95,4,0,695,0,0
8850,Tech,6,28.67,2,0,694,0,0
8851,Healthcare,14,14.03,0,1,627,0,0
8852,Healthcare,15,30.98,6,1,671,0,0
8853,Tech,14,11.29,6,0,705,0,1
8854,Retail,11,38.72,2,2,715,1,1
8855,Retail,11,11.76,3,0,727,0,0
8856,Manufacturing,9,44.57,5,2,672,0,1
8857,Healthcare,6,43.15,7,0,743,0,0
8858,Retail,15,18.44,4,1,667,0,0
8859,Retail,12,19.6,3,0,612,0,0
8860,Healthcare,6,35.22,5,1,564,1,1
8861,Consulting,1,4.97,7,0,630,0,0
8862,Retail,16,4.51,6,1,667,0,0
8863,Tech,20,7.25,6,0,701,0,0
8864,Manufacturing,15,28.34,9,2,799,1,1
8865,Retail,2,7.88,6,0,661,0,0
8866,Retail,17,14.24,4,0,750,0,0
8867,Consulting,3,32.52,3,0,649,0,0
8868,Tech,3,1.27,3,0,731,1,0
8869,Manufacturing,5,9.42,4,0,678,1,0
8870,Retail,17,46.53,6,0,776,0,0
8871,Manufacturing,23,33.35,3,0,784,1,0
8872,Healthcare,17,15.62,5,0,792,0,0
8873,Retail,20,2.74,5,0,693,0,1
8874,Retail,6,29.51,1,0,724,0,0
8875,Healthcare,1,11.53,6,0,702,0,1
8876,Consulting,7,48.03,5,2,726,0,0
8877,Retail,15,34.5,7,0,749,0,1
8878,Manufacturing,7,48.72,4,0,701,0,0
8879,Tech,19,42.52,3,0,717,0,1
8880,Manufacturing,20,24.41,7,0,812,0,0
8881,Consulting,22,33.64,5,1,778,1,1
8882,Tech,11,40.7,7,0,643,0,0
8883,Manufacturing,23,29.12,2,1,700,0,0
8884,Manufacturing,14,3.54,6,1,652,0,0
8885,Healthcare,13,23.79,4,0,743,0,0
8886,Consulting,20,6.96,1,2,626,0,0
8887,Healthcare,9,35.88,4,1,762,0,1
8888,Tech,9,34.19,7,0,648,0,0
8889,Healthcare,16,49.65,9,1,637,0,0
8890,Consulting,12,31.63,3,0,624,0,0
8891,Retail,10,40.11,7,1,598,0,0
8892,Retail,6,13.78,3,0,688,0,0
8893,Tech,18,17.33,2,0,688,0,0
8894,Retail,2,45.89,5,0,637,0,0
8895,Healthcare,20,37.88,4,1,637,1,0
8896,Tech,9,32.94,6,0,758,0,1
8897,Consulting,19,13.07,6,0,724,0,0
8898,Tech,6,35.08,2,2,723,0,0
8899,Tech,2,44.39,4,2,666,0,1
8900,Manufacturing,15,11.92,3,0,657,1,1
8901,Manufacturing,17,35.45,4,0,604,0,0
8902,Tech,16,19.99,2,0,751,0,0
8903,Retail,21,6.38,6,0,770,1,0
8904,Manufacturing,8,38.29,4,0,733,1,0
8905,Consulting,10,8.77,9,0,683,0,0
8906,Healthcare,10,13.02,1,1,671,0,0
8907,Manufacturing,18,39.26,3,0,737,0,0
8908,Tech,10,37.24,10,1,766,0,0
8909,Retail,9,13.08,4,2,739,0,0
8910,Healthcare,24,47.08,6,0,677,0,0
8911,Manufacturing,19,11.16,4,0,756,0,0
8912,Retail,1,49.68,4,2,748,0,1
8913,Retail,4,37.03,8,1,743,0,0
8914,Retail,24,19.93,5,0,633,0,0
8915,Tech,3,6.95,7,2,628,0,1
8916,Consulting,10,16.37,4,0,676,0,0
8917,Retail,12,10.09,8,0,783,1,0
8918,Healthcare,18,31.28,4,0,710,0,0
8919,Manufacturing,23,18.16,6,0,625,1,0
8920,Healthcare,20,15.1,5,0,688,0,0
8921,Tech,6,37.98,8,0,682,0,0
8922,Tech,21,11.91,1,2,782,0,1
8923,Healthcare,2,29.55,6,0,701,0,0
8924,Consulting,10,10.13,3,0,703,0,0
8925,Tech,2,35.88,5,0,843,0,0
8926,Tech,9,31.44,5,0,682,0,0
8927,Healthcare,10,40.01,4,0,769,0,1
8928,Tech,2,3.89,7,1,638,0,0
8929,Consulting,8,10.9,6,0,707,0,0
8930,Consulting,24,8.15,8,0,667,0,0
8931,Consulting,17,9.93,4,0,743,0,0
8932,Manufacturing,17,5.6,6,0,672,0,0
8933,Consulting,4,28.32,7,1,766,0,1
8934,Consulting,18,29.87,1,0,780,1,0
8935,Manufacturing,12,42.25,5,1,674,0,0
8936,Retail,17,21.18,6,2,716,0,0
8937,Tech,9,26.85,2,0,703,0,1
8938,Consulting,19,49.57,4,0,601,0,0
8939,Tech,14,26.83,3,2,664,0,1
8940,Healthcare,14,28.89,3,0,683,0,0
8941,Tech,17,49.8,1,0,679,0,0
8942,Manufacturing,2,49.71,4,1,605,0,1
8943,Tech,8,21.49,9,0,721,0,0
8944,Tech,5,31.93,4,1,654,0,0
8945,Tech,7,24.3,8,1,630,0,1
8946,Retail,22,36.18,7,0,632,0,0
8947,Retail,16,46.95,7,0,695,0,0
8948,Healthcare,16,15.83,5,0,626,0,1
8949,Manufacturing,17,41.03,3,0,715,0,0
8950,Tech,22,32.92,8,0,759,0,0
8951,Tech,7,14.37,6,0,645,0,0
8952,Tech,20,39.97,6,0,720,0,0
8953,Tech,8,21.64,4,0,751,0,0
8954,Retail,8,6.46,5,0,636,0,0
8955,Healthcare,23,49.67,6,2,731,0,0
8956,Consulting,11,21.57,3,0,758,0,0
8957,Manufacturing,15,27.31,5,1,736,0,0
8958,Tech,18,40.49,3,1,706,1,0
8959,Healthcare,6,48.06,5,2,804,0,1
8960,Consulting,22,43.71,1,0,697,0,0
8961,Healthcare,12,26.49,4,0,653,0,0
8962,Retail,15,27.51,5,0,621,0,0
8963,Consulting,23,14.4,1,1,735,0,0
8964,Healthcare,6,23.41,8,1,668,1,1
8965,Retail,18,47.37,4,0,669,0,0
8966,Healthcare,24,36.48,6,0,665,0,0
8967,Healthcare,20,1.09,8,0,715,0,0
8968,Consulting,9,6.27,3,0,674,1,0
8969,Retail,8,46.23,1,0,628,0,0
8970,Tech,14,42.51,4,0,772,1,0
8971,Manufacturing,19,24.57,7,0,657,0,1
8972,Consulting,19,31.04,6,0,699,0,0
8973,Retail,8,14.84,6,0,707,0,0
8974,Healthcare,2,39.75,2,0,700,0,0
8975,Retail,4,30.36,4,1,755,0,1
8976,Manufacturing,6,34.89,3,1,730,0,1
8977,Manufacturing,3,19.06,9,0,664,0,0
8978,Tech,3,21.81,8,0,691,0,0
8979,Tech,19,10.78,7,0,691,0,0
8980,Manufacturing,11,47.43,6,0,722,1,0
8981,Consulting,10,47.35,3,0,690,0,0
8982,Consulting,12,40.98,7,1,690,0,1
8983,Healthcare,14,46.81,3,0,689,0,1
8984,Tech,18,33.43,5,0,646,0,0
8985,Healthcare,24,12.12,5,0,694,0,0
8986,Tech,9,38.13,7,0,703,0,0
8987,Manufacturing,15,16.6,7,2,752,0,0
8988,Consulting,24,22.3,1,1,702,0,0
8989,Consulting,3,14.08,1,0,730,0,0
8990,Manufacturing,23,21.47,5,0,720,0,0
8991,Healthcare,11,34.13,5,2,771,1,0
8992,Healthcare,10,5.98,5,0,712,0,0
8993,Retail,18,5.71,5,1,706,0,1
8994,Tech,4,34.35,7,0,715,1,0
8995,Healthcare,13,39.09,5,0,682,0,0
8996,Manufacturing,6,27.8,6,0,749,0,0
8997,Healthcare,21,9.49,9,0,654,1,1
8998,Consulting,13,21.82,8,0,771,0,0
8999,Tech,20,38.03,8,1,700,0,1
9000,Retail,5,34.44,1,0,701,0,0
9001,Tech,20,5.94,5,1,660,0,0
9002,Consulting,14,48.47,3,2,700,0,0
9003,Consulting,13,11.56,5,0,709,0,0
9004,Consulting,14,11.41,6,1,681,0,0
9005,Consulting,8,23.26,4,0,635,1,0
9006,Manufacturing,16,16.7,3,0,688,1,0
9007,Retail,13,49.21,3,0,668,0,0
9008,Consulting,24,4.29,8,0,665,0,0
9009,Consulting,15,15.67,3,0,721,1,0
9010,Healthcare,19,19.44,6,1,760,0,0
9011,Retail,1,24.93,3,0,710,0,0
9012,Tech,22,1.31,8,1,676,1,0
9013,Retail,2,4.58,5,2,830,1,0
9014,Retail,18,13.26,7,0,732,0,0
9015,Retail,19,27.92,11,0,828,0,1
9016,Consulting,8,38.5,6,0,711,0,1
9017,Consulting,3,34.48,4,2,660,0,0
9018,Manufacturing,23,28.57,4,1,800,0,0
9019,Tech,14,20.16,6,0,780,0,0
9020,Healthcare,9,43.6,6,0,811,0,1
9021,Retail,8,23.26,11,0,758,1,0
9022,Tech,17,15.31,2,1,675,0,0
9023,Tech,23,31.65,6,0,624,1,0
9024,Manufacturing,23,34.76,7,0,680,0,0
9025,Healthcare,24,20.22,8,0,700,0,0
9026,Retail,16,1.89,7,0,651,0,0
9027,Healthcare,10,5.16,5,0,630,0,0
9028,Manufacturing,21,42.36,3,1,666,0,0
9029,Consulting,10,3.3,4,0,712,0,0
9030,Tech,24,29.8,10,1,684,0,1
9031,Retail,6,9.59,4,0,708,0,0
9032,Consulting,22,11.83,9,0,773,0,0
9033,Manufacturing,17,14.03,7,0,706,0,1
9034,Healthcare,16,2.4,7,0,762,0,0
9035,Tech,15,9.27,3,1,645,0,0
9036,Retail,22,32.7,5,2,664,1,0
9037,Consulting,14,25.19,6,0,688,0,0
9038,Consulting,4,39.97,3,0,626,0,1
9039,Tech,4,3.53,4,1,650,0,0
9040,Healthcare,2,44.5,3,0,719,0,1
9041,Manufacturing,11,49.82,8,0,755,0,0
9042,Healthcare,4,1.28,4,2,651,0,1
9043,Healthcare,21,48.4,4,0,699,0,1
9044,Healthcare,21,12.18,5,0,692,0,1
9045,Tech,16,34.78,5,0,725,1,0
9046,Tech,21,14.98,5,0,687,1,0
9047,Manufacturing,4,26.33,4,0,694,0,0
9048,Healthcare,1,25.77,3,0,724,1,0
9049,Tech,24,18.37,3,0,605,0,0
9050,Manufacturing,19,36.02,2,0,762,0,0
9051,Manufacturing,2,30.18,4,0,706,0,0
9052,Healthcare,9,25.66,5,0,652,0,0
9053,Retail,23,49.15,1,1,682,0,0
9054,Healthcare,13,47.03,8,0,756,0,1
9055,Retail,18,47.79,4,0,574,0,0
9056,Manufacturing,16,44.13,5,0,706,0,0
9057,Tech,16,13.13,6,0,722,0,0
9058,Consulting,10,17.82,5,0,790,1,0
9059,Manufacturing,9,11.94,3,0,624,1,0
9060,Tech,11,49.32,5,0,703,0,0
9061,Manufacturing,4,8.06,2,1,692,0,0
9062,Healthcare,10,18.64,6,0,829,0,0
9063,Retail,3,10.35,7,2,746,0,0
9064,Manufacturing,6,11.56,11,0,771,0,1
9065,Tech,3,12.73,5,0,745,1,0
9066,Healthcare,9,32.16,6,0,628,0,0
9067,Consulting,3,4.26,1,1,735,0,0
9068,Healthcare,18,28.84,3,0,761,1,0
9069,Retail,8,41.05,7,1,806,0,0
9070,Healthcare,22,38.44,3,0,699,0,1
9071,Consulting,8,7.98,6,0,595,0,0
9072,Tech,15,45.78,3,0,682,1,1
9073,Manufacturing,13,38.62,5,0,691,0,0
9074,Retail,7,0.76,8,0,702,0,0
9075,Consulting,19,37.0,7,0,840,0,0
9076,Retail,8,37.0,3,1,700,0,1
9077,Healthcare,10,25.09,4,0,678,0,0
9078,Retail,17,2.78,6,0,673,0,0
9079,Consulting,1,29.21,8,1,710,0,0
9080,Manufacturing,13,38.4,5,0,670,0,0
9081,Manufacturing,13,13.91,2,0,631,0,0
9082,Retail,24,33.52,3,0,700,0,0
9083,Tech,16,18.02,3,0,733,1,0
9084,Retail,9,28.91,4,0,638,0,0
9085,Healthcare,10,19.54,7,1,698,0,0
9086,Manufacturing,6,15.54,3,0,771,1,0
9087,Manufacturing,5,42.87,5,0,607,0,0
9088,Manufacturing,2,37.81,4,0,678,0,0
9089,Tech,11,17.6,8,0,741,1,0
9090,Tech,9,22.01,9,2,686,0,1
9091,Consulting,6,34.74,9,0,700,0,1
9092,Retail,8,40.65,5,1,727,1,0
9093,Retail,9,34.37,8,0,620,0,1
9094,Healthcare,9,27.28,7,2,638,0,1
9095,Manufacturing,8,47.74,5,1,727,0,0
9096,Tech,12,38.82,4,0,729,1,0
9097,Healthcare,8,6.22,6,1,669,0,0
9098,Healthcare,3,28.13,6,1,784,0,0
9099,Tech,13,20.77,4,0,705,0,0
9100,Retail,19,39.85,4,1,657,0,1
9101,Manufacturing,2,2.71,5,0,736,0,0
9102,Retail,17,20.83,5,1,700,0,0
9103,Healthcare,16,16.25,10,0,654,0,0
9104,Manufacturing,4,7.49,3,0,615,0,0
9105,Consulting,18,19.25,3,1,685,1,1
9106,Healthcare,14,33.8,3,0,648,0,0
9107,Retail,2,18.4,3,1,708,1,0
9108,Retail,13,29.21,8,0,730,0,0
9109,Retail,21,29.84,4,1,596,0,0
9110,Tech,20,29.56,3,0,688,0,0
9111,Healthcare,17,26.71,7,0,808,0,0
9112,Manufacturing,15,6.29,3,0,706,0,0
9113,Retail,20,11.31,9,1,678,0,0
9114,Retail,5,40.1,6,0,710,0,0
9115,Tech,7,25.37,6,0,740,0,0
9116,Manufacturing,18,35.45,2,0,714,0,0
9117,Healthcare,24,28.71,7,2,622,0,0
9118,Consulting,11,2.42,8,1,677,0,0
9119,Tech,18,39.91,4,0,666,0,0
9120,Healthcare,5,3.68,2,0,717,0,0
9121,Consulting,13,47.19,7,1,701,1,1
9122,Retail,18,11.16,2,0,737,0,0
9123,Retail,2,25.86,6,2,638,0,1
9124,Manufacturing,20,3.65,5,0,767,1,0
9125,Consulting,4,44.8,6,1,792,0,1
9126,Retail,13,49.01,3,0,615,0,0
9127,Retail,24,7.74,5,0,741,0,0
9128,Manufacturing,16,15.14,6,2,669,0,1
9129,Healthcare,6,1.29,6,0,699,0,0
9130,Retail,8,39.45,3,0,683,0,0
9131,Tech,16,15.92,3,0,762,0,0
9132,Tech,13,29.65,5,0,688,0,0
9133,Healthcare,23,2.44,2,1,643,1,0
9134,Consulting,4,35.92,10,0,693,0,0
9135,Manufacturing,2,26.71,4,0,588,0,0
9136,Tech,9,36.39,2,0,617,0,0
9137,Tech,18,39.58,5,0,738,0,1
9138,Healthcare,17,4.92,4,0,702,0,0
9139,Consulting,8,29.12,2,1,661,0,0
9140,Consulting,15,32.67,8,1,711,0,0
9141,Healthcare,9,26.08,3,0,627,0,0
9142,Tech,17,9.53,1,0,586,0,0
9143,Manufacturing,23,39.88,6,1,703,0,0
9144,Tech,2,49.87,3,1,765,0,0
9145,Consulting,6,48.48,10,0,646,0,0
9146,Tech,5,38.99,3,0,690,0,0
9147,Manufacturing,17,21.2,3,0,734,1,0
9148,Retail,2,17.2,4,1,735,1,0
9149,Tech,18,3.89,5,0,729,1,0
9150,Healthcare,10,21.11,6,0,645,0,0
9151,Retail,10,8.22,8,0,707,0,0
9152,Healthcare,6,13.09,5,0,659,1,0
9153,Healthcare,12,44.65,6,0,647,1,0
9154,Healthcare,17,48.44,5,1,706,0,0
9155,Tech,13,47.45,6,0,667,1,0
9156,Consulting,20,10.07,10,0,712,0,0
9157,Retail,16,45.09,4,0,680,1,0
9158,Manufacturing,10,7.5,2,0,717,0,0
9159,Consulting,21,25.63,5,0,756,0,0
9160,Tech,2,32.36,6,0,688,0,0
9161,Healthcare,2,23.39,6,2,657,0,0
9162,Manufacturing,23,47.62,3,0,750,0,1
9163,Retail,7,16.99,2,0,738,0,0
9164,Consulting,6,26.61,4,2,727,0,0
9165,Consulting,1,4.23,1,0,690,0,0
9166,Manufacturing,12,42.69,6,0,643,0,1
9167,Tech,13,20.96,7,1,724,0,0
9168,Retail,12,35.18,4,2,695,0,1
9169,Manufacturing,19,34.27,6,1,679,0,0
9170,Healthcare,9,33.98,5,0,703,0,1
9171,Retail,10,25.59,2,0,678,0,0
9172,Consulting,17,14.24,0,0,743,0,0
9173,Manufacturing,18,31.44,5,1,710,0,0
9174,Consulting,8,48.11,9,0,783,0,0
9175,Consulting,7,41.78,5,1,764,0,0
9176,Consulting,9,5.88,6,0,665,0,0
9177,Tech,10,1.65,6,0,629,0,0
9178,Consulting,12,25.2,8,0,726,0,0
9179,Healthcare,15,38.9,7,0,704,0,1
9180,Healthcare,15,16.04,5,0,751,0,0
9181,Retail,4,35.21,8,0,663,0,0
9182,Consulting,4,46.63,7,0,646,0,1
9183,Consulting,23,23.22,5,0,721,0,0
9184,Manufacturing,1,12.59,2,1,772,1,0
9185,Tech,12,45.93,4,1,655,0,0
9186,Retail,2,23.88,6,0,695,0,0
9187,Consulting,15,20.69,4,0,749,0,0
9188,Manufacturing,17,17.99,5,0,723,0,0
9189,Tech,7,21.44,3,0,679,0,0
9190,Retail,6,33.85,2,0,728,0,0
9191,Retail,12,21.97,5,0,731,0,0
9192,Consulting,19,16.55,7,0,706,0,0
9193,Retail,1,37.31,5,0,691,0,0
9194,Manufacturing,21,10.55,8,0,708,0,0
9195,Retail,14,10.5,3,0,658,0,0
9196,Healthcare,4,34.97,2,0,688,0,1
9197,Manufacturing,5,43.4,5,0,718,0,0
9198,Tech,1,12.44,7,0,756,0,0
9199,Tech,1,9.96,6,0,657,0,0
9200,Consulting,21,33.68,4,0,725,0,0
9201,Consulting,6,31.23,4,0,654,0,0
9202,Healthcare,5,22.64,8,0,737,0,0
9203,Tech,2,5.25,7,1,763,0,0
9204,Tech,21,5.04,2,0,644,0,0
9205,Tech,5,38.98,3,0,672,1,1
9206,Tech,9,22.86,9,0,660,0,0
9207,Retail,19,42.97,6,0,693,0,1
9208,Manufacturing,21,28.95,6,0,677,1,0
9209,Manufacturing,15,31.13,6,2,749,0,0
9210,Healthcare,13,46.74,4,1,714,1,1
9211,Retail,12,8.65,5,0,717,0,0
9212,Tech,5,27.38,5,0,686,0,0
9213,Tech,2,3.38,6,0,727,0,0
9214,Consulting,4,18.27,1,0,756,0,0
9215,Consulting,18,7.83,3,0,679,0,0
9216,Healthcare,21,9.8,9,0,742,0,0
9217,Tech,10,46.77,0,0,648,0,0
9218,Healthcare,13,30.73,7,0,822,0,1
9219,Retail,12,44.66,4,0,662,1,1
9220,Manufacturing,2,22.45,7,1,762,0,1
9221,Tech,15,30.08,3,0,665,0,0
9222,Retail,14,2.09,5,0,709,0,0
9223,Tech,10,23.74,4,1,737,0,0
9224,Consulting,22,28.42,5,1,744,0,0
9225,Healthcare,8,1.33,2,0,717,0,0
9226,Consulting,15,39.58,6,1,744,1,1
9227,Manufacturing,13,15.12,8,0,628,0,0
9228,Consulting,8,22.9,1,0,705,1,0
9229,Tech,21,27.01,7,1,769,0,1
9230,Consulting,21,49.61,5,1,743,0,1
9231,Tech,22,5.41,8,0,695,0,0
9232,Manufacturing,14,27.99,3,1,710,0,0
9233,Consulting,1,26.76,5,0,663,0,0
9234,Healthcare,13,3.91,5,0,596,0,0
9235,Healthcare,8,31.88,6,0,743,0,1
9236,Healthcare,18,14.7,7,0,724,1,0
9237,Consulting,22,5.64,3,0,713,1,0
9238,Consulting,9,9.34,4,0,616,0,1
9239,Consulting,13,41.27,5,0,688,1,0
9240,Tech,3,5.65,2,0,617,1,0
9241,Manufacturing,18,23.61,6,0,591,1,1
9242,Healthcare,10,10.17,7,0,668,0,0
9243,Tech,5,8.53,5,1,784,0,1
9244,Healthcare,6,10.68,2,2,716,0,1
9245,Tech,8,24.89,2,0,685,1,0
9246,Consulting,24,12.27,6,2,679,0,1
9247,Healthcare,7,5.29,7,0,672,0,0
9248,Consulting,21,40.17,6,0,763,0,0
9249,Healthcare,18,27.22,4,0,698,0,0
9250,Retail,14,8.26,5,1,779,0,0
9251,Tech,15,23.84,7,1,698,0,1
9252,Retail,10,3.88,0,0,799,0,0
9253,Tech,21,29.23,7,2,750,0,1
9254,Manufacturing,12,17.35,5,0,698,1,0
9255,Healthcare,7,5.62,4,0,658,0,0
9256,Manufacturing,7,9.59,7,0,714,1,0
9257,Manufacturing,11,17.61,7,1,645,0,0
9258,Tech,13,40.42,7,0,710,0,1
9259,Retail,15,9.1,2,0,790,0,0
9260,Consulting,18,5.93,5,1,745,1,0
9261,Tech,7,26.04,5,0,677,0,1
9262,Consulting,6,28.16,4,0,680,0,1
9263,Manufacturing,23,4.97,7,0,722,0,0
9264,Consulting,11,14.58,5,1,677,0,0
9265,Retail,8,13.51,3,0,722,0,0
9266,Tech,20,9.72,3,0,672,0,0
9267,Retail,1,16.12,6,0,664,1,1
9268,Retail,8,2.34,4,0,670,0,0
9269,Tech,8,32.75,4,1,745,0,0
9270,Retail,19,49.43,9,0,716,0,0
9271,Healthcare,3,31.89,3,0,724,1,0
9272,Healthcare,5,18.37,5,2,786,0,0
9273,Healthcare,3,33.56,7,0,674,0,1
9274,Consulting,15,28.79,5,0,627,1,0
9275,Retail,14,42.41,3,0,717,0,0
9276,Tech,21,31.28,3,0,720,1,0
9277,Tech,15,31.89,6,0,720,0,0
9278,Consulting,24,11.47,4,0,684,0,0
9279,Tech,17,21.07,10,0,743,0,0
9280,Healthcare,18,17.55,7,2,750,1,1
9281,Retail,2,1.07,2,0,754,0,0
9282,Tech,12,16.01,9,0,712,0,0
9283,Tech,16,24.56,4,0,683,0,0
9284,Manufacturing,4,30.19,5,0,725,0,0
9285,Manufacturing,2,46.76,3,0,674,0,0
9286,Manufacturing,14,12.34,4,0,722,0,1
9287,Retail,11,8.05,5,0,738,0,0
9288,Healthcare,13,43.54,5,2,690,0,1
9289,Healthcare,7,47.12,5,1,669,1,0
9290,Healthcare,10,24.65,6,0,611,1,0
9291,Retail,24,6.2,7,0,782,1,0
9292,Retail,1,24.53,3,1,607,0,0
9293,Manufacturing,21,5.92,4,2,708,0,0
9294,Tech,4,44.22,5,0,762,0,1
9295,Consulting,18,35.55,7,0,640,0,1
9296,Consulting,6,12.44,4,2,798,0,1
9297,Tech,2,44.39,3,1,750,0,1
9298,Manufacturing,3,32.08,4,0,621,0,0
9299,Tech,14,47.69,5,0,701,0,0
9300,Tech,8,49.03,6,1,769,0,1
9301,Consulting,16,0.66,3,0,682,0,0
9302,Manufacturing,19,6.45,6,0,732,0,0
9303,Retail,18,27.57,9,2,720,0,1
9304,Consulting,6,47.81,5,0,744,0,0
9305,Retail,14,49.71,3,0,666,0,0
9306,Manufacturing,3,28.59,6,0,617,1,0
9307,Tech,16,9.1,2,0,727,0,0
9308,Healthcare,1,8.57,6,0,768,0,0
9309,Healthcare,12,38.31,6,0,687,0,1
9310,Manufacturing,14,29.8,6,2,725,0,0
9311,Healthcare,19,27.66,8,0,737,0,0
9312,Retail,22,23.56,2,0,658,0,0
9313,Healthcare,19,36.39,6,0,640,1,0
9314,Manufacturing,9,42.97,5,2,654,1,0
9315,Manufacturing,7,15.5,6,0,693,1,0
9316,Retail,14,11.44,2,0,696,0,0
9317,Healthcare,5,33.67,8,1,617,0,0
9318,Healthcare,18,45.78,7,0,722,1,1
9319,Tech,9,17.73,9,0,720,0,0
9320,Consulting,21,13.99,3,2,707,0,0
9321,Manufacturing,7,11.69,4,2,652,0,0
9322,Tech,9,13.1,4,0,775,0,0
9323,Manufacturing,4,7.18,1,0,674,0,0
9324,Tech,17,30.04,4,0,648,0,1
9325,Consulting,12,14.4,6,0,751,0,0
9326,Tech,6,30.94,7,1,694,0,1
9327,Manufacturing,18,4.61,4,0,530,0,0
9328,Healthcare,8,6.22,5,0,703,0,1
9329,Manufacturing,21,27.04,8,0,662,0,0
9330,Retail,15,25.82,5,0,627,0,0
9331,Retail,3,13.94,4,0,680,0,0
9332,Retail,2,41.44,6,0,651,0,0
9333,Retail,24,9.76,4,0,652,0,0
9334,Consulting,23,18.35,4,0,709,0,0
9335,Healthcare,9,28.0,5,0,751,0,0
9336,Healthcare,8,43.43,6,0,610,0,0
9337,Manufacturing,4,21.22,6,0,755,0,0
9338,Tech,2,20.23,3,0,692,0,0
9339,Manufacturing,14,29.19,4,0,784,0,0
9340,Manufacturing,2,16.18,7,0,746,0,0
9341,Manufacturing,2,35.6,3,0,603,0,0
9342,Manufacturing,22,12.81,2,0,713,0,1
9343,Healthcare,7,41.25,5,0,732,0,0
9344,Tech,12,13.98,6,0,656,0,0
9345,Manufacturing,6,49.64,3,2,747,0,1
9346,Healthcare,18,16.16,8,2,735,1,0
9347,Manufacturing,4,44.0,10,1,688,1,1
9348,Retail,19,20.17,2,0,698,0,0
9349,Manufacturing,13,12.68,4,1,687,0,0
9350,Manufacturing,20,11.7,7,1,720,1,0
9351,Consulting,21,42.58,4,0,758,1,1
9352,Retail,23,15.78,5,0,682,1,0
9353,Tech,2,17.26,6,0,719,1,0
9354,Manufacturing,8,10.25,3,0,738,0,0
9355,Tech,19,48.09,2,1,799,1,1
9356,Retail,9,12.61,8,0,658,0,0
9357,Manufacturing,4,12.75,7,0,630,0,0
9358,Consulting,16,47.22,8,0,683,1,0
9359,Healthcare,19,45.09,6,0,752,0,1
9360,Consulting,10,12.82,7,2,617,1,0
9361,Consulting,6,43.3,3,2,720,0,0
9362,Healthcare,16,12.87,7,0,658,1,0
9363,Healthcare,10,4.68,4,0,673,0,0
9364,Healthcare,13,41.11,2,0,694,1,0
9365,Manufacturing,9,38.69,5,0,702,0,0
9366,Tech,7,15.09,4,0,631,0,0
9367,Tech,4,4.96,6,1,648,0,0
9368,Healthcare,19,10.72,5,0,702,0,0
9369,Consulting,4,38.67,5,0,758,0,0
9370,Retail,19,48.26,4,0,781,0,0
9371,Healthcare,19,13.32,10,0,763,0,0
9372,Consulting,12,41.0,6,0,636,0,0
9373,Consulting,13,11.78,1,0,684,0,0
9374,Manufacturing,4,34.14,4,0,688,0,0
9375,Manufacturing,10,4.64,3,0,749,0,0
9376,Tech,21,29.47,6,2,763,1,1
9377,Tech,7,13.82,5,1,714,0,0
9378,Retail,5,46.33,9,0,754,1,0
9379,Retail,17,14.84,4,0,850,0,0
9380,Retail,18,20.22,2,0,762,0,1
9381,Retail,11,42.11,1,0,682,0,0
9382,Consulting,15,22.19,2,0,642,1,0
9383,Consulting,21,12.3,4,0,685,0,0
9384,Tech,22,27.6,7,0,833,0,0
9385,Manufacturing,7,42.08,3,0,615,0,0
9386,Manufacturing,18,21.94,4,0,671,0,0
9387,Healthcare,6,7.08,2,0,772,1,0
9388,Consulting,18,19.46,8,0,646,0,0
9389,Retail,16,47.75,6,0,732,0,0
9390,Retail,2,4.07,6,0,745,0,0
9391,Healthcare,19,20.72,3,0,594,0,0
9392,Manufacturing,1,32.58,2,0,643,0,0
9393,Retail,11,4.39,6,0,647,0,0
9394,Manufacturing,20,17.58,8,0,726,0,1
9395,Healthcare,5,47.06,11,0,696,0,1
9396,Manufacturing,16,2.02,3,2,696,1,1
9397,Manufacturing,23,37.71,4,0,677,0,0
9398,Manufacturing,1,42.15,5,2,654,0,0
9399,Retail,19,14.21,6,2,768,0,0
9400,Tech,14,11.13,5,0,817,0,0
9401,Consulting,3,45.78,3,0,710,1,0
9402,Manufacturing,2,38.32,5,2,677,0,0
9403,Manufacturing,24,6.11,4,0,665,1,0
9404,Manufacturing,5,11.0,8,0,617,0,0
9405,Tech,17,31.26,8,0,695,0,0
9406,Healthcare,18,21.26,5,0,584,0,0
9407,Retail,1,25.46,7,0,719,0,0
9408,Tech,15,47.6,1,0,678,0,0
9409,Manufacturing,22,21.3,4,0,777,0,0
9410,Tech,9,44.14,3,0,716,0,0
9411,Tech,23,33.21,8,1,648,0,1
9412,Tech,5,6.52,4,0,745,1,0
9413,Healthcare,13,37.35,3,1,641,0,1
9414,Consulting,19,26.25,5,0,701,0,0
9415,Retail,24,11.64,5,2,667,0,0
9416,Healthcare,10,14.83,2,1,731,0,1
9417,Healthcare,20,28.09,4,0,688,0,0
9418,Consulting,21,30.28,5,1,652,0,1
9419,Healthcare,14,48.42,2,2,726,1,1
9420,Tech,22,42.81,6,0,721,0,1
9421,Tech,21,10.69,4,0,754,0,0
9422,Manufacturing,12,38.81,4,0,697,0,0
9423,Healthcare,11,0.91,5,0,712,0,0
9424,Manufacturing,23,6.93,5,0,746,0,0
9425,Retail,7,10.39,6,0,761,1,0
9426,Tech,17,30.06,7,0,660,0,1
9427,Retail,18,10.14,7,0,680,0,0
9428,Consulting,7,18.58,5,0,801,1,0
9429,Tech,24,12.52,0,0,732,0,0
9430,Retail,20,17.2,5,0,727,0,0
9431,Consulting,6,47.15,6,0,577,0,0
9432,Retail,11,49.87,1,1,633,0,0
9433,Consulting,12,34.44,5,0,701,0,0
9434,Consulting,16,28.83,4,0,748,1,0
9435,Tech,19,35.57,8,2,625,0,0
9436,Manufacturing,23,38.7,6,0,650,0,0
9437,Consulting,19,37.08,2,0,664,0,0
9438,Consulting,11,4.55,7,0,707,0,0
9439,Tech,16,15.86,5,1,714,1,0
9440,Manufacturing,23,17.5,3,0,746,0,1
9441,Healthcare,12,18.78,6,0,659,0,0
9442,Healthcare,8,17.54,6,0,651,0,0
9443,Manufacturing,3,39.46,12,1,645,1,0
9444,Retail,2,37.51,4,0,648,0,0
9445,Tech,6,0.73,5,0,660,1,0
9446,Manufacturing,16,15.17,4,0,732,0,0
9447,Healthcare,20,31.37,3,0,691,1,0
9448,Consulting,24,6.45,8,2,667,0,0
9449,Healthcare,15,4.02,7,0,688,0,0
9450,Consulting,14,41.51,2,0,705,0,0
9451,Tech,2,22.91,10,1,721,0,1
9452,Consulting,20,42.86,6,1,645,0,0
9453,Manufacturing,18,41.27,4,0,691,0,1
9454,Consulting,14,44.72,3,0,730,0,1
9455,Retail,18,2.89,4,1,751,0,0
9456,Manufacturing,2,9.71,4,0,678,0,0
9457,Tech,1,15.16,4,0,686,0,0
9458,Manufacturing,20,7.24,6,0,680,0,1
9459,Retail,2,24.53,3,0,710,0,0
9460,Tech,9,40.05,7,0,756,0,0
9461,Healthcare,9,47.58,7,0,623,0,0
9462,Retail,16,44.53,5,0,745,1,1
9463,Tech,11,23.14,4,1,761,0,0
9464,Consulting,23,32.01,6,0,706,0,0
9465,Manufacturing,6,11.92,3,1,697,0,0
9466,Tech,12,20.45,6,0,709,0,1
9467,Manufacturing,3,43.62,3,0,678,0,0
9468,Consulting,12,1.95,2,0,648,1,0
9469,Tech,23,26.87,3,1,636,0,1
9470,Healthcare,1,43.7,3,0,632,0,0
9471,Retail,9,6.54,0,0,715,0,0
9472,Tech,20,49.14,4,0,618,0,0
9473,Consulting,22,1.11,5,2,727,0,0
9474,Tech,6,44.36,3,0,704,0,1
9475,Manufacturing,11,18.01,4,1,765,1,0
9476,Tech,3,7.07,11,0,586,1,0
9477,Healthcare,4,8.29,5,0,710,0,0
9478,Tech,10,35.21,9,1,654,1,0
9479,Retail,19,43.6,1,0,773,0,0
9480,Tech,6,32.23,3,1,663,0,1
9481,Manufacturing,1,46.47,4,0,650,0,0
9482,Tech,8,42.2,3,0,700,0,0
9483,Healthcare,8,0.95,0,0,665,0,0
9484,Consulting,6,33.64,6,1,707,0,0
9485,Tech,17,15.58,4,1,752,0,1
9486,Tech,19,23.0,5,1,660,0,0
9487,Retail,1,5.15,6,0,749,0,0
9488,Healthcare,15,14.46,7,0,710,1,0
9489,Consulting,13,31.82,6,1,733,0,1
9490,Manufacturing,21,11.31,2,0,680,0,0
9491,Tech,3,32.55,5,0,721,0,0
9492,Consulting,2,46.19,4,1,696,0,1
9493,Manufacturing,3,0.74,12,2,725,0,1
9494,Healthcare,9,39.4,4,1,734,0,1
9495,Healthcare,16,32.25,7,0,713,0,0
9496,Consulting,24,2.81,5,0,769,0,0
9497,Manufacturing,13,39.61,8,1,626,0,0
9498,Healthcare,19,11.61,6,0,615,0,0
9499,Consulting,18,13.66,7,1,709,0,0
9500,Healthcare,21,5.13,4,0,560,1,0
9501,Healthcare,12,26.95,5,0,645,0,0
9502,Healthcare,12,25.16,3,0,771,0,0
9503,Retail,1,17.69,2,0,643,0,0
9504,Manufacturing,20,8.85,3,0,762,0,0
9505,Consulting,8,41.98,4,0,793,0,0
9506,Consulting,17,43.88,6,0,742,0,1
9507,Manufacturing,21,27.26,6,1,745,0,0
9508,Manufacturing,20,12.59,9,0,588,0,0
9509,Manufacturing,22,5.26,8,0,699,0,0
9510,Manufacturing,7,43.49,5,0,682,0,1
9511,Tech,9,5.25,3,0,672,0,0
9512,Consulting,17,1.15,4,0,744,0,0
9513,Tech,10,23.74,5,0,743,0,1
9514,Healthcare,4,36.7,6,1,662,0,0
9515,Healthcare,22,23.15,4,1,651,0,0
9516,Consulting,7,3.04,5,0,620,0,0
9517,Healthcare,7,34.66,0,0,733,0,0
9518,Manufacturing,8,32.3,7,2,664,0,1
9519,Tech,24,34.24,8,0,710,0,1
9520,Manufacturing,24,10.95,5,1,660,0,1
9521,Healthcare,8,39.89,5,0,682,0,0
9522,Tech,16,24.22,3,1,718,0,1
9523,Manufacturing,12,27.05,4,0,780,0,1
9524,Consulting,15,27.52,5,1,652,0,0
9525,Manufacturing,8,14.7,0,0,652,0,0
9526,Healthcare,22,12.88,4,0,669,0,0
9527,Tech,9,0.74,6,0,713,0,0
9528,Consulting,3,20.13,6,0,727,0,0
9529,Tech,22,24.51,3,1,694,0,0
9530,Consulting,21,37.27,5,1,698,0,0
9531,Tech,16,3.8,10,1,589,0,0
9532,Healthcare,15,46.24,3,0,672,0,0
9533,Consulting,24,13.57,7,2,684,0,0
9534,Retail,4,18.65,1,0,700,0,0
9535,Tech,20,2.89,5,0,579,0,0
9536,Tech,16,32.83,6,0,746,0,1
9537,Manufacturing,10,35.59,7,0,642,1,0
9538,Consulting,11,46.48,4,0,745,0,1
9539,Retail,5,17.17,3,0,722,0,0
9540,Healthcare,11,13.24,6,0,648,1,0
9541,Manufacturing,13,36.44,6,0,628,0,0
9542,Retail,15,35.49,3,0,760,0,0
9543,Consulting,6,46.89,4,2,716,0,1
9544,Retail,16,10.66,7,0,662,0,0
9545,Tech,15,35.41,10,0,632,0,0
9546,Tech,11,3.81,8,1,690,0,0
9547,Manufacturing,20,24.28,6,0,774,1,0
9548,Consulting,2,6.41,4,0,672,0,0
9549,Consulting,2,32.83,3,0,716,1,1
9550,Retail,12,30.27,7,1,651,0,0
9551,Manufacturing,16,2.92,6,1,696,0,0
9552,Consulting,19,16.32,3,0,680,1,0
9553,Tech,2,20.05,5,0,661,0,1
9554,Retail,17,12.78,5,0,640,0,0
9555,Healthcare,14,2.41,7,0,625,0,0
9556,Tech,24,16.28,5,0,763,1,0
9557,Manufacturing,16,39.73,6,0,741,0,0
9558,Consulting,5,18.33,4,0,651,1,1
9559,Tech,10,16.51,8,0,808,0,0
9560,Healthcare,17,47.12,5,1,735,1,0
9561,Healthcare,13,2.56,5,1,629,0,0
9562,Manufacturing,16,38.48,2,1,666,0,0
9563,Tech,9,24.41,2,1,665,0,1
9564,Retail,24,47.25,2,0,714,1,0
9565,Tech,4,19.98,3,0,661,0,0
9566,Healthcare,24,35.55,2,0,714,0,1
9567,Manufacturing,16,3.96,3,0,740,1,0
9568,Manufacturing,23,46.47,8,1,676,1,0
9569,Retail,11,17.55,3,0,609,0,0
9570,Manufacturing,7,26.44,6,1,805,0,0
9571,Manufacturing,17,7.35,0,0,737,0,0
9572,Manufacturing,22,47.31,1,0,667,0,0
9573,Manufacturing,13,33.81,4,0,727,0,0
9574,Manufacturing,4,3.17,2,0,814,1,0
9575,Healthcare,14,8.18,3,2,656,0,0
9576,Tech,10,20.29,7,0,645,0,0
9577,Consulting,10,11.23,7,0,735,0,1
9578,Manufacturing,10,15.58,4,0,635,0,0
9579,Consulting,12,49.88,1,0,642,0,0
9580,Consulting,2,33.1,9,0,719,0,0
9581,Healthcare,23,46.15,4,0,705,0,1
9582,Manufacturing,9,22.07,6,1,634,0,0
9583,Consulting,5,35.66,2,0,763,0,1
9584,Manufacturing,8,23.25,6,2,610,0,1
9585,Retail,21,16.75,2,0,657,0,0
9586,Retail,14,26.2,5,0,691,0,0
9587,Retail,7,21.65,4,0,721,0,1
9588,Consulting,7,49.04,1,0,707,0,0
9589,Retail,9,25.06,6,0,656,0,0
9590,Healthcare,3,40.65,8,1,666,0,0
9591,Healthcare,14,33.51,3,0,674,0,0
9592,Consulting,17,24.24,8,0,737,0,1
9593,Manufacturing,18,23.97,2,0,635,0,0
9594,Tech,12,17.42,4,0,671,0,0
9595,Manufacturing,22,5.8,7,0,658,0,0
9596,Manufacturing,14,38.19,4,0,805,0,0
9597,Manufacturing,13,45.95,5,0,631,1,0
9598,Manufacturing,14,11.29,11,0,662,0,0
9599,Tech,9,46.32,8,0,656,1,0
9600,Retail,19,12.0,4,1,635,0,0
9601,Manufacturing,2,26.74,3,2,747,0,0
9602,Healthcare,11,17.51,3,0,668,1,0
9603,Consulting,17,6.17,5,0,850,0,0
9604,Consulting,2,3.12,5,0,659,0,0
9605,Healthcare,19,18.58,6,0,698,0,1
9606,Manufacturing,7,2.84,4,2,678,0,0
9607,Tech,18,5.66,2,0,656,0,0
9608,Retail,13,7.54,4,1,638,0,0
9609,Consulting,5,0.59,4,0,797,0,0
9610,Retail,18,8.09,2,0,687,0,1
9611,Tech,23,29.08,5,0,708,1,0
9612,Consulting,24,41.07,4,1,664,1,0
9613,Retail,24,10.07,3,2,744,0,0
9614,Tech,16,4.5,7,0,673,0,1
9615,Retail,15,36.61,5,0,705,0,0
9616,Manufacturing,8,0.9,3,0,752,0,0
9617,Tech,15,36.84,6,1,736,1,1
9618,Retail,1,6.99,4,0,817,0,0
9619,Manufacturing,17,11.8,8,0,702,0,0
9620,Manufacturing,15,6.44,4,0,791,0,1
9621,Tech,14,12.74,5,0,697,1,0
9622,Healthcare,14,40.01,3,0,681,0,1
9623,Consulting,10,7.06,5,0,681,1,0
9624,Tech,2,49.71,3,1,754,0,0
9625,Manufacturing,6,16.69,7,0,655,0,0
9626,Manufacturing,17,46.14,3,0,649,0,0
9627,Tech,5,9.91,3,0,687,1,1
9628,Healthcare,5,9.8,7,0,657,0,0
9629,Consulting,15,28.48,2,0,695,1,0
9630,Retail,15,3.0,4,0,741,0,0
9631,Tech,20,40.15,6,0,640,0,0
9632,Consulting,11,22.26,6,0,774,0,1
9633,Consulting,5,35.11,3,0,677,0,0
9634,Manufacturing,1,9.14,2,1,687,1,0
9635,Retail,11,32.3,4,0,574,0,0
9636,Tech,11,29.91,6,0,656,0,0
9637,Manufacturing,6,37.91,1,1,604,0,0
9638,Manufacturing,23,15.22,0,0,770,0,0
9639,Healthcare,8,46.69,4,0,771,1,1
9640,Consulting,2,48.08,3,0,686,0,0
9641,Tech,15,43.47,8,0,687,1,1
9642,Tech,23,28.82,7,0,650,0,0
9643,Tech,22,21.3,5,0,715,0,0
9644,Manufacturing,9,3.37,3,0,714,1,0
9645,Healthcare,15,47.39,6,0,694,0,0
9646,Retail,8,47.61,5,2,642,0,0
9647,Manufacturing,16,1.43,8,0,697,0,0
9648,Retail,14,18.17,4,0,714,1,0
9649,Healthcare,15,44.06,4,2,687,0,0
9650,Consulting,20,4.5,2,0,733,0,0
9651,Tech,13,10.23,7,0,641,0,0
9652,Retail,9,48.94,4,0,769,0,1
9653,Manufacturing,1,42.44,6,0,630,1,0
9654,Retail,6,45.65,7,0,725,0,0
9655,Consulting,8,7.54,0,0,708,0,0
9656,Tech,20,10.96,9,0,817,0,0
9657,Retail,18,30.47,1,1,655,1,0
9658,Consulting,18,25.34,5,1,599,0,0
9659,Manufacturing,17,15.28,6,0,566,0,1
9660,Healthcare,21,44.25,6,2,698,0,0
9661,Manufacturing,16,45.12,7,0,762,0,1
9662,Tech,13,14.94,4,0,756,1,0
9663,Manufacturing,22,8.21,2,0,733,0,0
9664,Manufacturing,4,7.88,3,0,731,0,0
9665,Manufacturing,4,24.48,6,1,715,0,0
9666,Manufacturing,21,7.08,7,0,820,0,1
9667,Tech,14,23.93,8,0,711,0,0
9668,Consulting,5,23.37,3,0,750,0,0
9669,Retail,16,44.26,2,1,686,0,1
9670,Healthcare,14,15.16,3,0,664,0,0
9671,Retail,14,28.25,5,1,666,0,0
9672,Retail,14,37.3,4,0,781,1,0
9673,Healthcare,24,30.0,5,1,692,1,0
9674,Tech,14,47.73,7,0,770,0,1
9675,Healthcare,19,30.31,1,0,621,0,1
9676,Tech,3,45.14,5,2,640,0,0
9677,Retail,17,12.63,4,1,688,0,0
9678,Tech,14,28.26,3,0,601,1,0
9679,Consulting,10,27.39,5,0,735,1,0
9680,Healthcare,13,49.48,5,0,708,0,0
9681,Consulting,22,10.62,7,0,657,1,0
9682,Retail,4,7.48,8,0,734,0,0
9683,Healthcare,11,30.78,6,0,606,0,0
9684,Retail,15,11.57,2,0,677,0,0
9685,Consulting,15,32.14,4,0,737,0,0
9686,Retail,24,48.64,8,0,639,1,1
9687,Healthcare,2,47.35,4,2,647,0,0
9688,Healthcare,11,11.94,5,1,687,0,0
9689,Retail,2,8.96,4,0,847,0,0
9690,Healthcare,23,28.26,4,0,732,0,0
9691,Healthcare,5,29.55,4,0,725,0,0
9692,Retail,13,33.28,6,2,656,0,0
9693,Consulting,1,37.2,6,0,713,0,0
9694,Healthcare,7,30.25,5,0,655,0,0
9695,Healthcare,7,6.03,6,0,755,0,0
9696,Healthcare,10,39.61,7,0,726,0,0
9697,Healthcare,6,4.44,6,0,716,0,0
9698,Retail,20,1.49,6,1,737,0,0
9699,Consulting,12,38.6,2,0,776,0,0
9700,Consulting,13,27.64,7,1,751,0,0
9701,Tech,24,35.08,7,0,816,0,0
9702,Healthcare,11,19.45,4,0,727,0,0
9703,Healthcare,18,1.05,6,0,714,0,0
9704,Tech,2,16.89,5,0,729,0,0
9705,Consulting,16,30.6,5,2,753,1,0
9706,Manufacturing,2,11.67,5,0,650,0,0
9707,Manufacturing,19,34.55,4,0,694,0,0
9708,Consulting,6,39.82,4,0,656,0,0
9709,Healthcare,1,22.99,7,1,618,0,0
9710,Manufacturing,11,43.85,4,0,647,0,0
9711,Retail,18,42.81,4,2,644,0,0
9712,Retail,10,43.96,8,0,720,0,0
9713,Tech,18,33.22,5,1,670,0,1
9714,Consulting,1,15.59,2,1,790,0,0
9715,Consulting,19,24.32,4,0,682,0,0
9716,Manufacturing,16,35.67,6,1,631,0,0
9717,Healthcare,7,10.92,7,0,761,0,0
9718,Consulting,15,37.07,3,0,669,0,0
9719,Manufacturing,1,27.63,6,0,749,0,0
9720,Manufacturing,23,5.25,8,1,723,0,0
9721,Consulting,21,28.09,5,0,623,0,0
9722,Manufacturing,9,3.81,3,1,671,0,0
9723,Tech,2,1.21,6,1,670,0,0
9724,Tech,17,44.54,8,0,643,0,1
9725,Consulting,24,24.75,6,1,654,0,0
9726,Healthcare,10,27.39,8,2,680,0,1
9727,Tech,6,14.36,5,0,661,0,0
9728,Tech,5,27.37,4,0,709,0,0
9729,Consulting,8,8.86,3,1,576,1,0
9730,Retail,8,37.41,4,2,700,1,1
9731,Manufacturing,5,41.26,2,0,672,1,0
9732,Tech,12,42.87,4,0,730,0,1
9733,Retail,7,5.78,4,0,649,0,0
9734,Healthcare,13,28.11,5,0,707,0,0
9735,Retail,13,40.53,6,2,651,0,0
9736,Consulting,17,6.85,8,0,759,1,0
9737,Healthcare,4,5.43,11,2,773,0,0
9738,Healthcare,18,40.94,5,2,694,0,0
9739,Retail,10,39.94,2,1,655,0,1
9740,Consulting,3,22.71,6,0,694,0,0
9741,Tech,12,5.93,5,0,651,0,0
9742,Retail,1,26.05,3,0,646,1,0
9743,Tech,11,20.04,3,0,745,0,0
9744,Retail,18,26.17,4,0,734,0,1
9745,Tech,13,22.27,4,0,598,0,0
9746,Retail,17,28.64,2,0,719,0,0
9747,Healthcare,8,36.49,5,0,786,0,0
9748,Manufacturing,20,38.86,6,0,635,0,0
9749,Healthcare,19,32.62,7,2,643,0,0
9750,Tech,17,10.35,8,2,723,0,0
9751,Consulting,2,20.16,8,1,841,0,0
9752,Healthcare,3,4.03,8,0,701,0,0
9753,Manufacturing,3,22.86,3,0,689,0,0
9754,Tech,6,48.53,3,0,782,0,0
9755,Healthcare,10,32.27,7,2,709,0,1
9756,Retail,24,8.15,5,0,724,0,0
9757,Consulting,22,13.79,5,1,731,0,0
9758,Tech,18,3.7,7,0,780,0,0
9759,Healthcare,18,9.53,8,0,679,0,0
9760,Tech,14,24.65,4,0,750,0,0
9761,Retail,16,17.57,6,0,603,0,0
9762,Manufacturing,7,10.6,1,0,635,0,0
9763,Healthcare,1,7.76,3,0,784,0,0
9764,Tech,17,32.98,8,0,585,0,0
9765,Tech,23,28.13,2,2,672,0,1
9766,Tech,5,42.21,6,1,694,0,1
9767,Manufacturing,1,9.57,5,2,650,0,0
9768,Tech,21,42.48,7,0,823,0,0
9769,Consulting,17,29.11,5,0,762,0,0
9770,Consulting,10,13.68,5,0,668,0,0
9771,Tech,12,14.04,5,0,650,1,0
9772,Consulting,20,19.82,7,1,756,0,0
9773,Healthcare,2,23.28,6,2,660,0,1
9774,Consulting,23,4.58,2,0,752,0,0
9775,Tech,16,42.18,4,0,730,1,1
9776,Retail,15,6.52,2,2,671,0,0
9777,Healthcare,13,24.43,8,0,705,1,1
9778,Manufacturing,18,19.46,4,0,711,0,0
9779,Tech,20,25.86,8,0,733,0,0
9780,Manufacturing,22,44.43,7,1,564,0,0
9781,Retail,14,49.46,2,0,726,0,1
9782,Manufacturing,18,1.5,9,1,692,0,1
9783,Tech,2,19.97,6,0,717,0,0
9784,Tech,2,40.97,5,2,706,0,1
9785,Retail,3,16.67,3,0,714,1,0
9786,Tech,5,32.63,9,0,731,0,0
9787,Retail,16,49.62,8,0,685,0,1
9788,Retail,22,32.52,9,1,623,0,0
9789,Tech,15,6.0,8,0,682,1,0
9790,Consulting,12,42.23,4,0,800,0,1
9791,Retail,9,48.35,5,1,597,0,1
9792,Tech,14,35.77,10,2,623,0,1
9793,Consulting,21,21.24,8,0,679,0,0
9794,Retail,16,47.45,7,0,641,0,0
9795,Consulting,11,48.44,7,0,777,0,0
9796,Healthcare,6,46.79,6,1,703,0,1
9797,Healthcare,10,20.89,5,0,672,0,0
9798,Consulting,8,39.59,5,1,627,0,1
9799,Retail,16,32.88,4,0,631,0,0
9800,Tech,3,9.4,3,0,733,0,0
9801,Manufacturing,2,27.01,8,0,675,0,1
9802,Tech,16,37.51,5,1,582,0,1
9803,Manufacturing,19,44.85,4,0,724,0,0
9804,Manufacturing,9,43.2,3,0,742,0,0
9805,Retail,16,8.16,4,1,573,0,0
9806,Consulting,22,24.66,6,0,657,0,0
9807,Tech,4,24.17,6,0,746,0,0
9808,Consulting,10,44.99,1,1,707,0,1
9809,Healthcare,19,0.6,7,0,704,1,0
9810,Retail,13,37.07,2,0,762,0,0
9811,Retail,18,31.12,3,0,723,1,0
9812,Healthcare,15,46.12,2,0,750,0,1
9813,Tech,4,23.12,3,0,683,0,0
9814,Healthcare,9,33.05,5,0,763,0,0
9815,Tech,4,48.65,4,1,718,0,1
9816,Manufacturing,16,37.32,13,0,699,0,0
9817,Retail,21,3.84,7,0,714,0,0
9818,Tech,15,8.79,4,0,654,0,0
9819,Consulting,24,41.16,3,0,701,0,0
9820,Consulting,2,17.07,4,0,603,0,0
9821,Retail,14,35.44,5,1,698,0,0
9822,Healthcare,3,35.14,6,0,749,0,0
9823,Healthcare,22,49.69,4,0,707,0,0
9824,Tech,23,23.76,6,1,660,0,0
9825,Healthcare,4,37.02,1,2,693,0,1
9826,Retail,1,2.91,3,0,705,0,0
9827,Tech,23,23.4,3,1,710,1,0
9828,Manufacturing,9,9.74,11,0,728,0,0
9829,Healthcare,17,42.11,11,0,678,0,1
9830,Healthcare,14,42.08,6,1,666,1,0
9831,Tech,17,12.2,3,0,701,0,0
9832,Consulting,1,16.26,7,0,703,1,1
9833,Healthcare,10,35.27,4,0,730,0,1
9834,Retail,23,37.04,9,1,698,0,0
9835,Healthcare,16,33.05,5,0,695,0,0
9836,Manufacturing,19,49.84,7,0,682,0,0
9837,Healthcare,24,43.5,4,0,729,0,0
9838,Consulting,3,21.14,5,0,761,0,0
9839,Healthcare,12,16.69,6,1,705,0,1
9840,Tech,3,30.04,3,1,646,0,0
9841,Healthcare,15,40.97,3,1,761,0,0
9842,Consulting,17,24.03,4,0,713,0,0
9843,Tech,18,37.02,3,0,746,0,0
9844,Retail,7,1.45,2,1,722,1,0
9845,Tech,19,46.33,3,0,647,0,1
9846,Manufacturing,7,38.8,7,0,711,1,0
9847,Tech,5,20.01,11,1,736,0,0
9848,Retail,8,19.51,4,0,765,1,0
9849,Healthcare,21,5.59,1,0,753,0,0
9850,Tech,16,40.9,4,0,674,0,0
9851,Tech,16,38.55,6,1,717,0,0
9852,Tech,19,31.7,3,2,728,0,1
9853,Tech,15,5.52,5,0,602,0,0
9854,Retail,7,13.49,4,0,691,0,0
9855,Consulting,5,23.22,10,0,730,0,1
9856,Consulting,23,13.67,4,0,674,0,1
9857,Tech,11,21.98,7,0,764,0,0
9858,Retail,10,11.68,5,0,768,0,0
9859,Retail,21,17.81,6,1,712,0,0
9860,Tech,23,32.79,3,0,630,0,0
9861,Manufacturing,9,44.67,6,0,698,0,0
9862,Tech,1,19.56,6,0,713,0,0
9863,Manufacturing,20,34.75,5,0,752,0,1
9864,Tech,1,7.17,7,0,707,0,0
9865,Manufacturing,8,27.27,6,0,713,0,0
9866,Manufacturing,3,46.12,7,1,735,0,1
9867,Tech,2,1.88,8,0,759,0,0
9868,Manufacturing,4,13.74,3,1,664,1,0
9869,Healthcare,19,7.06,6,0,847,0,0
9870,Consulting,11,26.89,0,0,664,0,0
9871,Retail,5,34.14,4,0,757,0,0
9872,Manufacturing,24,3.36,7,1,725,0,0
9873,Manufacturing,10,3.98,3,0,615,0,0
9874,Retail,24,43.55,3,0,690,0,0
9875,Manufacturing,23,23.08,7,0,717,1,0
9876,Retail,8,23.42,4,2,704,0,0
9877,Tech,13,47.26,3,0,743,0,1
9878,Healthcare,5,16.35,3,0,588,1,0
9879,Healthcare,12,44.9,3,0,600,0,1
9880,Consulting,13,48.73,7,0,705,0,0
9881,Manufacturing,22,12.46,5,1,684,0,0
9882,Consulting,8,25.94,5,2,679,0,0
9883,Tech,15,26.95,8,0,758,0,0
9884,Healthcare,13,43.38,6,0,682,0,0
9885,Tech,1,15.54,4,0,679,0,0
9886,Tech,22,40.0,6,0,810,1,1
9887,Manufacturing,6,48.56,6,0,631,0,1
9888,Tech,11,42.1,7,0,713,0,0
9889,Healthcare,13,45.5,7,0,732,0,1
9890,Consulting,21,35.56,7,0,695,0,0
9891,Healthcare,20,45.25,8,0,720,0,0
9892,Manufacturing,1,8.66,4,2,663,0,0
9893,Healthcare,11,35.76,4,2,666,0,0
9894,Retail,11,36.73,7,0,662,0,0
9895,Consulting,8,22.24,4,0,654,0,0
9896,Retail,22,4.45,5,0,717,0,0
9897,Retail,3,31.31,0,0,623,0,0
9898,Manufacturing,19,3.07,5,0,627,0,0
9899,Tech,12,19.43,6,0,603,0,0
9900,Retail,6,19.99,7,2,676,0,1
9901,Healthcare,23,49.95,6,0,744,0,0
9902,Tech,8,15.34,6,0,664,0,0
9903,Healthcare,5,41.11,4,0,711,0,0
9904,Healthcare,10,3.13,2,0,692,0,0
9905,Tech,22,26.72,5,0,794,0,0
9906,Tech,16,27.07,5,0,674,0,0
9907,Healthcare,12,31.62,4,0,773,0,0
9908,Manufacturing,17,40.6,4,2,716,0,0
9909,Consulting,6,38.22,5,0,716,0,0
9910,Consulting,9,38.17,6,2,711,1,0
9911,Manufacturing,10,21.9,2,1,798,0,0
9912,Tech,20,36.51,4,0,791,1,0
9913,Healthcare,14,24.82,5,0,703,0,0
9914,Consulting,14,3.81,6,0,694,0,0
9915,Healthcare,17,44.56,5,0,626,0,0
9916,Manufacturing,16,44.56,2,0,695,0,0
9917,Healthcare,4,16.48,7,0,794,0,0
9918,Manufacturing,2,45.74,7,0,761,1,0
9919,Tech,16,38.02,7,0,715,1,0
9920,Manufacturing,1,20.34,4,0,621,0,0
9921,Manufacturing,3,16.91,5,0,686,1,0
9922,Consulting,23,48.77,2,2,642,0,0
9923,Healthcare,11,35.78,7,0,666,1,0
9924,Consulting,16,19.25,3,0,674,0,0
9925,Retail,18,32.28,2,1,729,0,0
9926,Manufacturing,15,28.79,5,1,754,0,1
9927,Retail,9,26.46,5,0,724,0,0
9928,Consulting,12,32.41,2,0,721,0,0
9929,Healthcare,18,27.11,5,0,770,0,1
9930,Consulting,5,32.91,7,0,669,0,0
9931,Healthcare,24,45.42,4,0,655,0,0
9932,Healthcare,8,49.67,6,0,741,1,0
9933,Tech,3,35.61,7,0,723,0,0
9934,Manufacturing,2,46.43,4,0,710,1,0
9935,Consulting,19,42.99,4,1,643,0,0
9936,Healthcare,8,15.1,4,0,760,0,0
9937,Consulting,2,46.68,4,1,734,1,0
9938,Consulting,19,4.01,6,1,784,0,0
9939,Healthcare,1,16.83,8,0,668,0,0
9940,Retail,22,32.18,6,0,741,0,1
9941,Manufacturing,13,26.58,8,1,688,0,0
9942,Manufacturing,23,27.35,5,1,640,1,1
9943,Tech,20,39.85,4,0,660,0,0
9944,Tech,17,10.14,5,2,712,0,0
9945,Tech,3,49.11,3,0,663,0,0
9946,Manufacturing,9,22.15,6,1,673,0,0
9947,Retail,5,47.52,7,0,737,0,0
9948,Manufacturing,6,19.46,2,0,749,0,0
9949,Manufacturing,4,30.29,3,2,667,0,0
9950,Manufacturing,17,22.79,4,0,811,0,0
9951,Manufacturing,21,33.96,2,0,746,0,1
9952,Retail,21,9.59,5,0,559,0,0
9953,Tech,21,20.33,1,1,718,0,0
9954,Consulting,16,3.88,3,0,761,1,0
9955,Tech,16,30.11,2,1,657,0,0
9956,Tech,22,48.15,6,1,744,0,0
9957,Consulting,11,2.77,3,0,813,0,0
9958,Manufacturing,2,33.15,3,0,680,0,1
9959,Retail,17,38.87,7,0,710,0,0
9960,Retail,15,11.05,9,0,601,1,0
9961,Tech,18,14.02,2,1,720,0,1
9962,Consulting,10,10.48,4,0,762,0,0
9963,Healthcare,6,15.22,5,0,770,0,0
9964,Manufacturing,21,5.95,7,0,598,0,0
9965,Tech,16,18.83,5,0,766,1,0
9966,Retail,5,18.76,5,0,725,1,0
9967,Consulting,12,40.46,4,1,731,0,0
9968,Consulting,6,40.15,3,1,739,0,0
9969,Tech,14,39.94,8,0,701,0,0
9970,Healthcare,23,28.57,6,0,683,1,1
9971,Retail,16,16.63,10,0,793,0,0
9972,Tech,7,20.84,8,0,615,1,0
9973,Healthcare,2,16.23,4,0,779,0,0
9974,Consulting,6,29.31,4,2,772,0,0
9975,Manufacturing,9,46.93,6,0,664,1,0
9976,Retail,7,14.58,7,1,599,1,1
9977,Retail,2,23.21,5,2,698,0,0
9978,Healthcare,19,32.93,4,0,706,1,0
9979,Tech,8,42.31,8,0,641,0,0
9980,Consulting,11,13.04,8,0,583,0,0
9981,Healthcare,4,14.37,8,0,672,0,0
9982,Manufacturing,16,44.32,9,0,612,0,1
9983,Manufacturing,18,4.47,5,0,682,0,0
9984,Manufacturing,13,30.47,2,0,688,0,0
9985,Healthcare,5,43.09,5,0,718,0,0
9986,Consulting,2,46.13,2,0,692,0,0
9987,Retail,11,1.13,8,1,753,0,0
9988,Tech,1,18.8,2,0,634,0,0
9989,Retail,13,13.23,6,1,719,0,0
9990,Consulting,5,28.62,1,0,692,0,0
9991,Retail,18,31.83,11,1,760,0,0
9992,Healthcare,14,49.99,4,0,683,1,0
9993,Manufacturing,13,25.88,6,2,746,0,1
9994,Consulting,7,27.8,4,2,708,0,0
9995,Consulting,8,21.01,10,0,684,1,0
9996,Retail,18,7.81,5,0,636,1,0
9997,Healthcare,7,15.51,2,1,649,1,0
9998,Retail,20,12.73,1,0,690,1,0
9999,Retail,17,40.16,7,0,692,0,0
10000,Consulting,16,27.52,3,0,725,0,0
10001,Retail,11,15.16,6,2,761,0,0
10002,Manufacturing,19,24.71,6,2,782,0,0
10003,Retail,1,11.33,6,0,720,1,0
10004,Manufacturing,21,9.66,5,0,624,0,0
10005,Consulting,8,43.07,8,0,656,0,0
10006,Healthcare,1,47.27,4,0,650,0,0
10007,Manufacturing,9,4.46,4,0,607,0,0
10008,Healthcare,19,38.36,4,0,807,0,0
10009,Healthcare,21,22.94,6,0,606,0,0
10010,Manufacturing,9,19.75,6,0,632,0,0
10011,Consulting,21,34.63,11,1,658,0,1
10012,Tech,10,13.68,7,2,747,0,1
10013,Healthcare,24,1.52,2,0,736,0,0
10014,Healthcare,23,11.09,4,0,612,1,0
10015,Consulting,11,9.65,9,0,649,1,1
10016,Consulting,1,2.19,2,0,688,0,0
10017,Retail,20,16.41,5,0,634,0,0
10018,Consulting,8,23.99,6,0,736,1,1
10019,Healthcare,20,36.92,8,0,573,0,0
10020,Manufacturing,12,16.62,6,0,741,0,0
10021,Tech,1,10.13,4,0,729,0,0
10022,Retail,10,11.92,4,0,724,1,0
10023,Manufacturing,4,44.61,2,0,682,0,1
10024,Tech,15,10.63,5,0,783,0,0
10025,Tech,19,44.02,5,0,614,0,0
10026,Tech,6,22.63,11,0,617,1,0
10027,Manufacturing,5,46.75,5,1,819,0,1
10028,Retail,5,20.7,3,1,701,1,0
10029,Retail,18,9.3,6,0,758,0,1
10030,Tech,3,27.68,6,0,655,0,0
10031,Manufacturing,22,29.59,2,0,670,0,0
10032,Tech,2,31.96,2,1,805,0,1
10033,Consulting,4,20.87,4,1,726,0,0
10034,Retail,18,2.91,8,0,734,0,0
10035,Healthcare,9,31.52,3,0,692,0,0
10036,Tech,19,46.68,5,2,660,1,1
10037,Consulting,10,47.9,6,0,751,0,0
10038,Retail,22,30.05,7,1,677,0,1
10039,Manufacturing,15,1.48,4,1,679,0,0
10040,Retail,1,5.75,6,1,686,0,0
10041,Manufacturing,11,41.78,8,1,705,0,1
10042,Manufacturing,14,41.57,3,0,660,0,0
10043,Tech,10,47.33,1,0,652,1,1
10044,Tech,19,28.41,4,0,670,0,0
10045,Retail,24,43.26,5,2,665,1,0
10046,Consulting,21,41.33,4,0,558,0,0
10047,Retail,16,29.68,6,0,779,0,0
10048,Healthcare,8,39.29,5,0,711,1,1
10049,Manufacturing,2,6.72,5,1,667,0,0
10050,Manufacturing,23,32.14,10,0,757,1,0
10051,Tech,7,47.7,9,0,616,0,1
10052,Consulting,19,8.52,5,0,728,0,0
10053,Tech,7,37.33,8,0,690,0,1
10054,Healthcare,15,16.38,7,0,684,0,0
10055,Retail,8,40.95,2,1,674,0,0
10056,Retail,14,35.01,8,0,751,1,0
10057,Consulting,1,46.35,5,0,685,0,0
10058,Tech,13,35.74,5,0,701,1,0
10059,Tech,3,20.81,8,0,788,0,0
10060,Healthcare,21,1.04,4,0,708,1,0
10061,Retail,6,39.75,3,0,682,0,1
10062,Tech,19,20.72,5,0,703,0,1
10063,Consulting,15,33.7,1,1,733,0,0
10064,Retail,4,5.7,6,0,647,0,0
10065,Healthcare,21,44.6,6,0,743,0,0
10066,Consulting,3,22.07,7,0,678,0,0
10067,Manufacturing,4,46.02,3,1,723,1,1
10068,Healthcare,5,35.5,2,1,721,0,0
10069,Consulting,18,6.51,7,1,691,0,0
10070,Tech,10,29.17,3,0,727,1,0
10071,Manufacturing,8,45.54,9,0,735,0,1
10072,Healthcare,12,40.1,5,0,657,0,0
10073,Tech,22,21.19,4,1,656,0,0
10074,Manufacturing,3,47.78,7,0,749,0,0
10075,Retail,18,13.79,6,2,721,0,0
10076,Tech,23,19.07,8,2,653,0,0
10077,Consulting,8,37.61,4,2,710,1,1
10078,Healthcare,1,12.03,2,0,644,0,0
10079,Manufacturing,14,26.01,3,0,702,0,1
10080,Tech,22,36.58,3,0,632,0,0
10081,Retail,23,32.38,6,0,604,0,0
10082,Healthcare,13,8.19,6,0,699,1,0
10083,Healthcare,12,31.67,8,1,799,0,0
10084,Tech,3,28.85,5,1,686,1,0
10085,Retail,18,28.11,5,1,681,1,0
10086,Manufacturing,21,41.39,7,0,728,0,0
10087,Tech,13,9.6,5,0,762,0,0
10088,Manufacturing,15,37.7,6,2,715,0,0
10089,Healthcare,10,38.17,9,0,743,0,0
10090,Manufacturing,1,36.27,7,0,716,1,0
10091,Retail,6,25.55,4,0,746,0,1
10092,Consulting,9,20.08,6,1,691,1,0
10093,Retail,10,20.04,3,0,759,0,0
10094,Manufacturing,15,36.82,7,0,727,1,1
10095,Tech,9,25.15,2,1,614,0,0
10096,Healthcare,23,17.25,3,2,733,0,1
10097,Consulting,14,31.46,6,0,783,0,1
10098,Tech,11,41.93,3,0,723,0,0
10099,Tech,7,3.54,3,0,679,1,0
10100,Retail,24,48.62,7,0,801,0,1
10101,Manufacturing,2,5.28,2,0,702,0,0
10102,Retail,14,25.83,2,2,682,0,0
10103,Manufacturing,6,28.23,4,0,716,1,0
10104,Retail,5,7.34,5,2,749,1,0
10105,Tech,5,45.82,5,0,678,0,0
10106,Healthcare,19,23.84,3,0,700,0,0
10107,Manufacturing,19,7.58,5,0,747,0,0
10108,Consulting,6,35.72,3,0,679,0,0
10109,Consulting,10,33.34,6,0,719,0,1
10110,Tech,23,48.16,5,0,678,0,1
10111,Retail,14,22.36,6,1,717,0,0
10112,Retail,17,13.76,1,1,614,0,0
10113,Tech,3,3.47,5,0,648,0,0
10114,Consulting,1,36.79,4,1,652,1,0
10115,Consulting,10,31.06,3,0,719,1,1
10116,Retail,3,48.64,1,0,737,0,0
10117,Manufacturing,5,35.75,6,0,694,0,0
10118,Healthcare,19,46.69,6,1,625,1,0
10119,Manufacturing,10,49.58,13,2,788,0,1
10120,Consulting,16,21.71,6,0,704,0,0
10121,Manufacturing,1,7.94,10,0,757,0,0
10122,Healthcare,6,10.19,5,0,759,0,0
10123,Manufacturing,9,16.26,3,0,633,1,0
10124,Manufacturing,5,25.69,5,0,670,0,0
10125,Manufacturing,14,6.56,3,2,782,0,0
10126,Manufacturing,10,15.44,2,0,700,0,0
10127,Tech,2,15.74,5,0,714,0,0
10128,Consulting,5,0.7,9,0,724,0,0
10129,Healthcare,1,18.03,3,1,724,1,0
10130,Consulting,10,6.25,1,0,694,0,0
10131,Tech,22,21.77,4,0,662,0,0
10132,Tech,9,10.23,7,1,674,0,0
10133,Tech,3,41.19,2,0,730,0,1
10134,Tech,15,4.49,6,0,641,0,0
10135,Manufacturing,4,43.35,6,1,643,0,1
10136,Consulting,13,29.24,2,2,683,0,0
10137,Retail,6,23.2,8,1,669,0,1
10138,Healthcare,20,27.71,2,2,720,0,0
10139,Tech,17,19.12,4,0,806,0,0
10140,Consulting,23,6.82,4,0,732,0,0
10141,Tech,5,38.41,7,0,689,0,0
10142,Tech,15,46.43,5,0,567,0,0
10143,Tech,8,47.53,9,0,699,1,1
10144,Tech,5,33.7,8,0,664,0,0
10145,Tech,24,20.81,8,2,747,0,1
10146,Healthcare,13,24.18,4,0,659,0,0
10147,Consulting,1,33.02,5,2,653,0,1
10148,Tech,1,41.24,7,2,733,0,1
10149,Tech,7,19.04,4,0,681,0,0
10150,Tech,22,45.88,8,0,690,0,0
10151,Tech,5,16.55,5,1,664,0,1
10152,Manufacturing,14,26.78,5,1,739,0,0
10153,Manufacturing,15,48.09,6,0,657,0,0
10154,Retail,21,46.94,6,1,716,0,0
10155,Tech,17,34.94,1,0,612,0,0
10156,Retail,24,16.57,13,0,664,0,0
10157,Healthcare,18,11.34,1,0,733,0,0
10158,Retail,7,4.47,5,0,731,0,0
10159,Consulting,22,35.58,3,1,677,0,0
10160,Manufacturing,18,25.42,6,0,730,0,0
10161,Manufacturing,19,28.83,2,0,716,0,1
10162,Tech,20,23.88,3,0,716,0,0
10163,Tech,7,24.41,4,2,663,0,1
10164,Healthcare,8,28.78,4,0,660,0,1
10165,Healthcare,13,45.76,4,0,681,0,0
10166,Consulting,18,1.95,5,0,680,0,0
10167,Tech,24,40.18,12,0,693,0,1
10168,Tech,11,19.83,7,0,724,0,0
10169,Healthcare,9,37.37,3,2,695,0,1
10170,Healthcare,23,47.45,4,1,687,0,0
10171,Healthcare,1,15.66,3,0,707,0,0
10172,Manufacturing,22,4.93,6,0,804,0,0
10173,Retail,8,12.0,3,0,683,0,0
10174,Retail,21,11.49,4,0,672,0,0
10175,Tech,12,37.22,5,2,714,0,0
10176,Manufacturing,2,3.56,7,0,709,0,0
10177,Healthcare,15,3.02,4,0,726,0,0
10178,Tech,21,34.83,4,0,750,0,1
10179,Manufacturing,24,28.06,7,0,605,0,0
10180,Consulting,18,21.18,6,0,814,1,1
10181,Manufacturing,17,28.98,3,0,728,0,0
10182,Tech,15,36.89,5,0,729,0,1
10183,Retail,20,5.62,8,1,700,0,0
10184,Healthcare,20,27.89,8,0,681,0,0
10185,Consulting,9,41.31,6,0,721,0,0
10186,Manufacturing,3,18.44,6,0,671,0,0
10187,Tech,20,38.27,6,1,702,1,0
10188,Tech,19,42.35,4,1,632,0,0
10189,Healthcare,18,41.14,8,2,649,0,0
10190,Tech,20,32.69,2,1,779,0,1
10191,Tech,8,36.01,7,1,730,0,0
10192,Healthcare,1,39.49,5,0,712,0,0
10193,Consulting,24,36.82,8,0,652,0,1
10194,Retail,24,22.86,5,0,758,0,0
10195,Retail,15,8.38,4,0,632,0,0
10196,Manufacturing,19,15.83,7,0,639,0,0
10197,Consulting,10,10.76,7,1,655,0,0
10198,Manufacturing,12,18.39,7,0,697,0,0
10199,Retail,6,24.72,7,2,712,0,0
10200,Healthcare,13,47.97,4,0,710,0,0
10201,Tech,4,47.99,4,0,663,0,0
10202,Retail,13,38.59,8,0,728,0,0
10203,Consulting,17,49.02,2,1,850,0,1
10204,Retail,1,49.9,11,0,572,0,0
10205,Consulting,5,44.32,2,0,674,0,0
10206,Consulting,24,4.44,4,0,642,0,0
10207,Consulting,17,21.59,5,1,648,0,0
10208,Manufacturing,18,26.94,4,2,657,1,1
10209,Healthcare,7,6.64,4,0,615,0,0
10210,Retail,16,40.53,5,0,656,1,1
10211,Healthcare,8,7.86,5,0,709,1,0
10212,Tech,12,19.47,3,0,731,0,0
10213,Retail,14,3.91,5,0,613,0,0
10214,Healthcare,19,26.47,4,0,785,0,0
10215,Healthcare,11,30.05,6,1,595,0,0
10216,Tech,12,36.89,3,0,604,0,1
10217,Consulting,13,17.3,1,1,719,0,0
10218,Retail,8,29.73,2,0,788,0,1
10219,Retail,1,36.84,7,0,745,0,1
10220,Tech,9,38.22,7,0,664,0,0
10221,Consulting,2,15.43,3,0,757,0,0
10222,Retail,14,3.85,4,0,688,0,0
10223,Retail,13,2.36,6,0,626,0,0
10224,Retail,16,38.52,4,1,602,0,0
10225,Consulting,2,19.58,7,0,777,1,0
10226,Tech,4,7.13,7,0,637,0,0
10227,Retail,12,9.63,5,0,644,0,0
10228,Healthcare,16,38.42,4,0,689,0,0
10229,Consulting,10,30.15,8,0,629,0,0
10230,Manufacturing,3,25.32,4,0,763,0,0
10231,Tech,4,31.34,7,0,677,0,0
10232,Healthcare,6,7.31,5,0,706,0,1
10233,Retail,23,16.29,8,1,684,0,0
10234,Manufacturing,5,19.02,6,0,750,0,0
10235,Tech,18,16.07,4,0,653,0,0
10236,Consulting,3,43.29,5,0,729,0,0
10237,Manufacturing,10,29.28,6,0,745,0,0
10238,Manufacturing,11,36.6,5,0,690,0,1
10239,Healthcare,19,12.22,8,0,737,0,0
10240,Tech,14,13.57,3,0,696,0,0
10241,Healthcare,21,11.65,8,0,757,0,0
10242,Healthcare,11,34.55,5,0,613,0,0
10243,Retail,21,17.78,8,2,647,0,0
10244,Consulting,4,20.55,3,1,691,0,0
10245,Manufacturing,24,35.6,10,2,588,0,0
10246,Tech,22,48.6,7,1,683,1,1
10247,Consulting,6,8.51,4,0,683,0,0
10248,Consulting,17,3.6,3,1,633,0,0
10249,Tech,22,10.14,6,1,651,0,0
10250,Consulting,19,36.88,3,1,656,0,0
10251,Retail,13,10.13,1,0,719,0,0
10252,Consulting,22,29.43,5,0,726,0,1
10253,Retail,10,29.72,7,0,645,0,1
10254,Manufacturing,11,15.07,4,1,771,0,0
10255,Manufacturing,6,3.9,7,0,731,1,0
10256,Healthcare,2,20.26,4,0,635,0,0
10257,Retail,1,9.75,6,0,747,0,0
10258,Manufacturing,11,9.63,5,2,657,0,1
10259,Consulting,16,26.37,5,1,744,0,0
10260,Tech,3,33.82,4,2,698,0,0
10261,Tech,5,4.23,8,0,693,0,0
10262,Retail,15,29.13,3,0,746,0,0
10263,Healthcare,15,12.69,4,2,706,0,1
10264,Consulting,4,33.83,2,0,718,0,0
10265,Retail,23,40.61,3,0,659,1,1
10266,Tech,4,40.45,12,0,710,0,0
10267,Retail,8,18.81,2,0,661,0,0
10268,Consulting,7,28.58,4,2,673,0,0
10269,Manufacturing,17,39.79,10,0,685,0,1
10270,Consulting,15,3.51,6,0,694,0,0
10271,Manufacturing,5,30.48,5,2,683,0,0
10272,Manufacturing,13,41.91,6,2,675,1,0
10273,Manufacturing,4,18.93,6,0,720,0,0
10274,Retail,22,23.04,4,1,697,0,1
10275,Tech,17,35.09,6,0,720,0,1
10276,Retail,22,3.86,5,0,798,0,0
10277,Tech,17,19.59,7,0,760,1,0
10278,Consulting,14,15.14,6,0,672,0,0
10279,Healthcare,14,1.34,6,0,671,0,0
10280,Consulting,17,10.2,6,0,698,0,0
10281,Retail,8,20.1,8,2,768,0,1
10282,Retail,2,10.27,3,1,740,1,0
10283,Tech,13,30.32,7,0,758,0,0
10284,Retail,22,22.71,7,2,653,0,1
10285,Manufacturing,16,2.45,4,0,712,0,0
10286,Retail,16,14.11,10,0,810,0,0
10287,Tech,6,1.46,4,0,672,0,0
10288,Tech,22,18.23,8,2,670,0,1
10289,Manufacturing,24,13.33,4,0,660,0,0
10290,Tech,4,34.57,2,0,768,0,1
10291,Healthcare,3,15.72,6,0,624,0,0
10292,Consulting,6,19.07,7,0,678,0,1
10293,Retail,4,36.4,2,1,725,1,1
10294,Healthcare,18,24.31,1,0,681,0,0
10295,Retail,6,28.04,6,2,697,0,0
10296,Healthcare,5,42.15,6,0,721,1,0
10297,Retail,9,10.74,6,1,721,0,0
10298,Manufacturing,11,49.46,5,0,722,0,0
10299,Tech,6,45.06,9,0,728,0,0
10300,Tech,16,14.68,8,0,722,1,1
10301,Manufacturing,19,44.7,4,0,769,0,1
10302,Healthcare,11,37.82,8,0,651,0,0
10303,Consulting,21,46.57,3,0,707,0,0
10304,Healthcare,15,34.71,4,0,630,0,1
10305,Tech,24,33.89,10,0,645,0,1
10306,Consulting,9,0.67,4,0,720,0,0
10307,Retail,24,23.99,2,0,693,0,0
10308,Consulting,19,10.41,4,0,702,0,0
10309,Healthcare,19,16.54,2,1,760,0,0
10310,Manufacturing,24,48.95,5,2,734,1,0
10311,Retail,9,4.73,8,1,668,0,0
10312,Healthcare,23,36.26,3,0,684,0,0
10313,Retail,4,9.06,4,0,734,1,0
10314,Consulting,10,0.87,8,0,604,0,0
10315,Tech,9,25.32,8,1,656,1,0
10316,Healthcare,19,8.48,5,1,705,0,0
10317,Manufacturing,15,48.29,3,0,716,0,0
10318,Consulting,19,10.58,3,0,723,0,0
10319,Healthcare,2,10.01,5,1,742,0,0
10320,Manufacturing,10,2.09,7,0,769,0,0
10321,Healthcare,19,16.83,8,2,708,0,0
10322,Consulting,17,1.69,3,0,656,0,1
10323,Healthcare,20,25.19,2,0,696,0,0
10324,Retail,24,25.53,4,2,664,0,0
10325,Consulting,21,3.14,6,0,679,0,0
10326,Healthcare,2,12.38,8,0,708,0,0
10327,Tech,19,41.69,3,0,798,0,0
10328,Healthcare,17,23.4,4,0,705,1,0
10329,Retail,18,22.01,4,0,631,0,0
10330,Manufacturing,17,35.09,1,0,646,0,0
10331,Manufacturing,2,35.89,3,1,788,0,0
10332,Manufacturing,19,38.22,5,0,783,0,0
10333,Tech,1,41.61,6,0,631,0,0
10334,Retail,11,12.0,4,0,790,0,0
10335,Consulting,10,3.79,5,2,745,0,1
10336,Manufacturing,5,19.32,3,1,591,0,0
10337,Retail,16,42.83,1,0,715,0,0
10338,Healthcare,24,4.36,6,0,641,1,1
10339,Tech,5,29.01,7,2,640,0,0
10340,Retail,24,35.2,6,0,699,0,0
10341,Retail,23,24.33,7,1,667,0,0
10342,Consulting,12,13.13,6,2,674,0,0
10343,Retail,4,16.65,4,0,790,0,0
10344,Consulting,23,4.05,7,0,681,0,0
10345,Tech,6,14.98,5,0,669,1,0
10346,Tech,19,2.7,7,0,677,1,0
10347,Healthcare,9,36.45,8,0,794,1,0
10348,Consulting,12,44.95,5,0,737,0,1
10349,Consulting,15,31.86,7,1,706,0,0
10350,Manufacturing,16,33.01,5,0,726,0,0
10351,Manufacturing,13,23.87,3,0,648,0,0
10352,Healthcare,21,8.22,8,1,828,0,0
10353,Tech,24,0.88,2,0,688,0,1
10354,Manufacturing,7,17.53,4,0,791,0,0
10355,Retail,23,37.7,2,0,729,0,0
10356,Tech,20,48.04,2,0,702,0,0
10357,Retail,4,21.84,4,0,711,0,0
10358,Consulting,11,18.59,7,0,699,0,0
10359,Tech,8,22.57,3,1,740,0,0
10360,Healthcare,6,21.67,7,0,706,1,0
10361,Consulting,10,31.48,7,0,672,0,1
10362,Consulting,7,36.84,5,1,715,0,0
10363,Retail,7,39.36,5,0,725,0,0
10364,Consulting,4,32.66,5,2,706,0,0
10365,Manufacturing,3,22.17,8,0,640,0,0
10366,Tech,24,47.53,6,1,631,0,1
10367,Manufacturing,7,35.7,8,0,701,0,0
10368,Retail,4,21.62,8,1,648,0,0
10369,Retail,13,22.61,6,0,750,0,0
10370,Tech,20,40.99,6,0,662,0,1
10371,Consulting,17,22.31,3,2,733,0,0
10372,Healthcare,7,26.06,5,1,658,0,0
10373,Retail,17,14.93,8,0,732,0,0
10374,Tech,4,42.03,6,0,693,0,0
10375,Healthcare,11,26.35,7,0,748,0,0
10376,Consulting,3,27.85,5,0,709,0,0
10377,Retail,11,44.09,5,0,687,0,1
10378,Tech,3,46.07,3,1,716,0,0
10379,Tech,12,41.3,7,0,639,0,0
10380,Tech,1,3.74,3,0,772,0,0
10381,Retail,4,22.45,8,0,676,0,0
10382,Healthcare,14,17.49,6,0,694,0,0
10383,Tech,1,11.07,3,0,673,0,0
10384,Consulting,14,45.49,3,0,736,0,0
10385,Tech,13,44.56,6,0,723,1,0
10386,Healthcare,13,23.53,5,0,771,1,0
10387,Retail,24,7.16,6,2,653,0,0
10388,Tech,15,1.16,6,1,675,0,0
10389,Tech,17,22.2,5,1,675,0,0
10390,Consulting,12,2.48,3,0,748,0,0
10391,Consulting,22,30.67,4,0,719,0,0
10392,Tech,23,30.62,5,0,635,1,0
10393,Tech,14,45.0,6,2,758,0,0
10394,Consulting,12,9.91,6,0,676,0,0
10395,Healthcare,18,18.88,7,0,677,1,0
10396,Manufacturing,4,43.05,9,0,715,0,0
10397,Manufacturing,14,23.98,1,0,735,0,0
10398,Tech,19,3.46,8,1,727,0,0
10399,Consulting,13,5.98,5,0,664,0,0
10400,Retail,23,40.77,4,0,706,0,0
10401,Retail,18,37.31,6,0,775,1,0
10402,Manufacturing,11,43.86,9,0,695,0,0
10403,Healthcare,6,6.38,5,0,739,0,0
10404,Manufacturing,9,38.14,8,0,637,1,1
10405,Tech,12,32.93,6,0,740,1,0
10406,Healthcare,19,12.0,2,0,679,0,0
10407,Retail,14,48.71,5,1,678,0,1
10408,Consulting,15,28.73,6,0,693,0,0
10409,Consulting,11,45.39,1,2,672,0,1
10410,Tech,6,43.03,6,0,705,1,0
10411,Manufacturing,14,16.99,5,0,700,0,0
10412,Tech,3,27.03,4,1,624,0,0
10413,Consulting,19,21.85,6,0,668,1,0
10414,Retail,20,35.6,6,1,752,1,0
10415,Consulting,11,29.61,4,0,668,0,1
10416,Healthcare,24,39.35,5,0,683,0,0
10417,Consulting,17,1.08,4,1,746,0,0
10418,Consulting,17,34.55,3,0,821,0,0
10419,Healthcare,23,16.29,7,0,609,0,0
10420,Manufacturing,3,11.6,1,0,683,0,0
10421,Consulting,14,40.16,4,0,744,0,1
10422,Tech,7,4.92,6,1,729,0,0
10423,Consulting,19,11.81,2,0,658,1,0
10424,Tech,3,10.58,2,0,709,0,0
10425,Healthcare,2,21.28,3,0,666,0,0
10426,Consulting,17,16.46,1,0,658,0,0
10427,Healthcare,9,36.16,3,0,627,0,0
10428,Healthcare,22,35.12,6,1,634,0,1
10429,Manufacturing,6,16.61,2,0,704,0,0
10430,Consulting,24,22.13,6,0,706,0,0
10431,Tech,21,10.79,6,0,638,1,0
10432,Tech,9,33.71,3,0,669,0,0
10433,Consulting,5,20.11,5,1,705,0,0
10434,Manufacturing,2,7.07,2,0,731,0,0
10435,Manufacturing,22,6.8,6,0,787,0,0
10436,Manufacturing,15,16.45,4,1,750,0,0
10437,Tech,9,37.49,4,2,772,0,0
10438,Healthcare,19,1.76,9,1,770,0,0
10439,Manufacturing,10,13.26,4,0,629,0,0
10440,Tech,4,8.54,2,0,737,0,0
10441,Tech,10,47.85,1,0,630,0,0
10442,Healthcare,8,35.41,6,0,737,0,0
10443,Consulting,22,12.05,2,0,694,1,0
10444,Consulting,13,10.77,7,1,740,0,0
10445,Manufacturing,7,42.97,6,1,698,0,1
10446,Manufacturing,7,9.92,3,0,742,0,0
10447,Healthcare,4,49.85,5,0,707,0,0
10448,Manufacturing,15,14.47,6,0,745,0,0
10449,Healthcare,12,4.67,5,0,640,0,0
10450,Tech,16,34.7,3,0,667,0,0
10451,Manufacturing,6,30.68,5,0,644,1,0
10452,Tech,9,49.99,6,0,677,0,0
10453,Retail,3,40.2,7,0,700,0,0
10454,Healthcare,8,21.73,6,2,700,0,0
10455,Retail,7,33.99,4,0,602,0,0
10456,Manufacturing,4,40.98,7,0,709,0,1
10457,Tech,13,25.93,4,0,759,0,0
10458,Manufacturing,19,14.01,3,0,721,1,0
10459,Retail,7,10.9,5,0,634,0,0
10460,Manufacturing,10,15.12,4,0,727,1,0
10461,Consulting,12,42.48,6,0,730,0,1
10462,Retail,3,19.33,9,0,656,0,1
10463,Manufacturing,24,14.69,8,0,723,0,1
10464,Tech,12,40.39,5,0,740,0,1
10465,Manufacturing,19,2.08,5,0,686,1,0
10466,Tech,15,29.9,3,0,668,0,0
10467,Consulting,8,43.74,8,1,757,0,0
10468,Manufacturing,12,20.8,3,0,750,0,1
10469,Consulting,20,13.83,3,0,607,0,1
10470,Retail,6,24.84,6,0,683,0,0
10471,Tech,10,36.02,7,1,683,0,1
10472,Retail,2,26.07,6,0,661,0,0
10473,Tech,24,0.88,5,0,753,0,1
10474,Consulting,13,4.38,6,2,716,0,0
10475,Healthcare,7,36.21,1,0,689,1,0
10476,Manufacturing,8,20.3,6,0,693,1,1
10477,Consulting,23,39.35,5,0,704,0,0
10478,Tech,16,32.65,0,0,719,1,0
10479,Tech,11,29.29,4,0,678,1,1
10480,Tech,4,45.12,4,0,669,1,0
10481,Tech,17,1.56,6,0,722,0,0
10482,Manufacturing,16,8.17,7,0,696,1,0
10483,Retail,19,31.41,9,1,690,0,0
10484,Healthcare,23,3.76,5,0,650,0,0
10485,Manufacturing,11,32.43,8,1,708,0,0
10486,Tech,7,49.21,2,0,698,1,1
10487,Manufacturing,13,44.0,6,0,692,1,1
10488,Consulting,19,29.75,6,0,630,0,0
10489,Tech,17,44.75,4,0,766,0,0
10490,Healthcare,22,6.26,3,1,709,0,1
10491,Tech,13,23.01,2,2,711,0,0
10492,Healthcare,12,21.72,3,1,768,0,1
10493,Healthcare,7,17.15,4,0,704,0,0
10494,Retail,1,0.51,6,0,703,1,1
10495,Retail,1,44.61,5,0,724,0,0
10496,Manufacturing,20,39.0,5,0,757,0,0
10497,Manufacturing,23,32.82,5,1,650,0,0
10498,Healthcare,14,6.88,2,0,818,1,0
10499,Tech,15,19.22,9,0,697,0,0
10500,Consulting,11,46.25,2,0,658,0,1
10501,Consulting,24,31.04,3,1,660,0,0
10502,Tech,9,30.37,9,0,806,0,1
10503,Tech,17,45.7,8,0,626,0,1
10504,Retail,4,28.21,2,0,677,0,0
10505,Consulting,20,30.08,8,0,640,0,0
10506,Healthcare,19,17.61,1,1,672,0,0
10507,Manufacturing,7,18.89,7,0,709,0,0
10508,Retail,1,34.44,6,0,681,0,0
10509,Consulting,9,16.36,4,1,708,0,0
10510,Tech,13,28.18,3,0,795,0,0
10511,Consulting,24,14.32,7,0,709,1,1
10512,Healthcare,2,8.72,9,0,664,0,1
10513,Retail,2,22.99,5,1,675,0,0
10514,Tech,24,11.26,4,0,730,1,0
10515,Healthcare,15,44.98,5,0,641,0,1
10516,Manufacturing,17,15.53,3,0,766,0,1
10517,Retail,13,30.07,3,1,715,0,0
10518,Healthcare,7,13.54,4,0,713,0,0
10519,Healthcare,9,13.27,7,0,692,0,0
10520,Tech,12,17.86,10,0,729,0,0
10521,Manufacturing,3,45.84,5,2,748,0,1
10522,Healthcare,23,19.88,5,1,670,0,0
10523,Retail,22,41.15,7,0,760,0,1
10524,Healthcare,15,10.27,5,0,600,0,0
10525,Consulting,7,2.88,7,0,655,0,0
10526,Retail,23,39.19,1,0,636,0,0
10527,Retail,1,27.32,10,0,672,0,0
10528,Healthcare,14,25.43,4,2,723,0,0
10529,Tech,19,13.97,8,1,817,0,0
10530,Retail,16,4.08,7,0,756,1,0
10531,Consulting,10,24.4,3,0,721,0,0
10532,Tech,1,43.43,6,1,661,0,0
10533,Tech,5,6.44,7,0,731,1,0
10534,Tech,3,46.49,3,0,651,0,0
10535,Retail,17,14.1,3,0,781,1,0
10536,Tech,18,26.84,6,0,626,0,0
10537,Healthcare,21,3.79,5,0,713,1,0
10538,Tech,19,21.54,6,2,702,0,0
10539,Consulting,22,6.73,7,0,693,0,0
10540,Manufacturing,22,2.87,3,1,687,0,0
10541,Consulting,18,48.34,8,0,773,0,1
10542,Retail,16,36.64,4,1,725,0,1
10543,Tech,2,36.09,3,0,670,0,0
10544,Tech,15,4.98,4,0,683,0,0
10545,Healthcare,13,46.5,10,1,678,1,1
10546,Tech,13,23.74,3,1,719,0,1
10547,Consulting,16,42.69,4,0,598,1,0
10548,Retail,8,1.12,2,0,659,0,0
10549,Manufacturing,11,15.26,7,2,687,0,1
10550,Tech,8,49.8,10,0,617,0,0
10551,Manufacturing,22,21.68,8,0,694,0,0
10552,Tech,10,44.48,7,0,680,0,0
10553,Retail,23,16.74,3,2,814,1,0
10554,Consulting,1,26.5,12,0,740,1,1
10555,Retail,12,42.78,4,0,601,1,0
10556,Manufacturing,9,30.49,5,1,802,0,0
10557,Tech,5,36.4,7,2,658,0,1
10558,Manufacturing,9,11.83,5,0,708,0,0
10559,Consulting,16,8.22,1,0,706,0,0
10560,Retail,18,11.9,4,0,721,0,0
10561,Manufacturing,8,24.91,2,0,621,1,0
10562,Manufacturing,23,40.15,10,2,699,0,1
10563,Consulting,11,18.02,0,2,768,1,0
10564,Tech,20,28.46,4,0,634,0,0
10565,Manufacturing,19,40.34,2,0,722,0,1
10566,Consulting,4,12.32,8,0,721,0,0
10567,Tech,20,44.21,6,0,700,1,0
10568,Tech,10,47.68,4,0,643,1,0
10569,Retail,24,2.43,6,0,749,1,0
10570,Consulting,13,3.43,5,0,754,0,0
10571,Tech,20,5.0,2,1,659,0,0
10572,Retail,14,38.95,10,0,696,1,1
10573,Healthcare,21,9.87,7,0,790,0,1
10574,Consulting,2,36.42,7,1,734,0,1
10575,Healthcare,4,22.34,4,0,703,0,0
10576,Tech,7,41.89,8,0,660,0,1
10577,Consulting,19,40.52,6,0,709,0,0
10578,Retail,17,48.0,8,0,635,1,1
10579,Tech,16,12.93,4,0,742,0,0
10580,Consulting,13,11.85,4,0,727,0,0
10581,Consulting,24,2.06,3,0,649,1,0
10582,Healthcare,24,20.82,4,0,637,0,0
10583,Tech,22,23.22,5,1,681,0,0
10584,Retail,23,48.24,2,0,769,1,1
10585,Retail,18,41.62,2,0,733,0,0
10586,Tech,21,8.76,6,0,702,1,0
10587,Tech,12,40.03,6,0,701,0,1
10588,Manufacturing,23,9.33,7,0,727,0,1
10589,Healthcare,1,4.35,9,1,634,1,0
10590,Tech,15,41.94,3,0,685,0,0
10591,Tech,3,48.81,4,0,635,0,0
10592,Manufacturing,6,4.86,4,0,760,0,0
10593,Manufacturing,14,40.79,5,0,727,0,1
10594,Consulting,23,43.03,4,1,648,0,0
10595,Retail,6,6.38,7,2,638,0,1
10596,Healthcare,1,14.52,3,1,727,1,0
10597,Consulting,20,36.82,4,0,646,0,0
10598,Tech,6,40.48,6,1,744,1,1
10599,Manufacturing,8,18.02,5,1,716,0,0
10600,Retail,15,8.42,4,0,739,0,0
10601,Consulting,14,32.59,3,1,716,0,0
10602,Retail,16,35.25,6,0,728,0,0
10603,Manufacturing,20,25.43,3,1,760,0,0
10604,Consulting,23,7.67,3,2,679,1,0
10605,Consulting,16,42.3,10,2,776,1,0
10606,Retail,19,32.44,7,2,748,1,1
10607,Manufacturing,24,43.52,4,0,612,0,0
10608,Tech,1,46.68,10,0,693,0,1
10609,Consulting,4,40.38,6,0,707,1,1
10610,Tech,24,47.95,5,0,687,1,0
10611,Manufacturing,10,47.74,5,0,760,0,0
10612,Consulting,20,31.16,4,0,694,0,0
10613,Consulting,18,36.54,4,1,732,0,0
10614,Tech,2,35.12,3,0,694,1,1
10615,Healthcare,4,31.25,4,1,650,0,1
10616,Tech,15,1.46,5,0,600,0,0
10617,Tech,4,18.12,5,0,635,0,0
10618,Healthcare,16,5.45,8,0,755,0,0
10619,Manufacturing,15,15.36,6,2,660,0,0
10620,Manufacturing,18,3.89,9,0,661,0,0
10621,Consulting,7,46.04,8,0,638,1,1
10622,Retail,15,22.84,6,1,689,0,1
10623,Retail,22,9.87,8,1,686,0,1
10624,Consulting,11,29.45,4,2,712,0,0
10625,Retail,19,10.22,6,1,729,0,0
10626,Tech,8,40.32,3,0,660,0,0
10627,Tech,24,15.64,4,0,623,1,0
10628,Healthcare,1,16.09,10,0,685,0,0
10629,Healthcare,3,43.56,4,0,700,0,0
10630,Consulting,5,28.18,3,0,737,0,0
10631,Consulting,18,44.42,3,1,669,0,0
10632,Consulting,12,20.94,5,0,733,1,0
10633,Tech,12,17.52,5,0,734,0,0
10634,Retail,21,25.56,5,0,638,0,0
10635,Consulting,19,3.54,2,0,572,1,0
10636,Consulting,9,8.13,9,0,665,0,0
10637,Tech,11,11.37,6,0,668,1,0
10638,Tech,17,40.93,6,0,666,0,0
10639,Tech,16,36.82,3,2,768,1,0
10640,Retail,4,10.07,5,2,629,1,0
10641,Consulting,10,14.2,4,0,694,0,0
10642,Manufacturing,22,47.24,3,1,676,0,0
10643,Manufacturing,15,4.75,5,0,675,1,0
10644,Consulting,19,27.6,6,0,777,0,0
10645,Consulting,3,26.34,3,0,656,0,0
10646,Consulting,21,36.42,3,1,710,1,1
10647,Consulting,23,13.44,7,0,648,0,0
10648,Retail,5,46.77,4,0,722,0,0
10649,Manufacturing,11,20.82,6,0,760,0,0
10650,Healthcare,24,14.64,1,2,703,0,1
10651,Manufacturing,5,17.18,5,1,685,0,0
10652,Manufacturing,7,17.76,5,0,638,1,0
10653,Tech,6,10.35,7,0,700,0,1
10654,Consulting,13,46.44,1,1,721,0,0
10655,Consulting,2,9.16,6,0,669,0,0
10656,Consulting,19,44.2,3,0,709,0,1
10657,Tech,11,20.54,8,1,790,1,1
10658,Retail,20,13.83,7,0,696,0,0
10659,Retail,5,10.33,2,0,738,0,0
10660,Healthcare,9,25.46,6,0,609,0,0
10661,Retail,6,33.63,6,0,641,1,1
10662,Retail,17,44.96,3,0,713,0,1
10663,Consulting,19,32.8,4,0,714,0,0
10664,Manufacturing,23,24.44,5,0,780,0,1
10665,Retail,8,2.16,3,0,674,0,0
10666,Retail,7,45.81,7,0,625,0,0
10667,Tech,5,45.17,6,0,692,1,0
10668,Healthcare,15,19.25,8,2,721,0,0
10669,Tech,10,1.94,3,0,708,0,1
10670,Consulting,24,36.8,6,0,690,0,0
10671,Manufacturing,16,39.69,6,2,706,0,1
10672,Healthcare,9,27.35,5,0,678,0,0
10673,Tech,7,20.44,9,0,687,0,0
10674,Retail,11,42.63,2,0,817,1,0
10675,Retail,9,10.03,8,1,617,0,0
10676,Healthcare,17,22.26,10,1,728,0,0
10677,Retail,9,1.71,2,2,693,0,0
10678,Tech,3,8.62,8,0,712,1,0
10679,Tech,22,47.07,7,0,681,0,0
10680,Retail,8,29.12,4,1,789,0,1
10681,Retail,19,40.38,5,1,594,1,0
10682,Consulting,20,24.58,5,1,719,0,0
10683,Manufacturing,16,41.82,2,0,614,0,0
10684,Healthcare,7,27.18,5,2,642,0,0
10685,Tech,7,0.72,7,0,799,0,0
10686,Healthcare,20,45.04,1,0,780,0,0
10687,Consulting,13,7.85,4,0,691,0,0
10688,Tech,3,22.8,6,0,666,0,0
10689,Consulting,12,24.1,2,1,693,0,0
10690,Consulting,24,2.84,4,0,739,1,0
10691,Retail,8,3.13,7,0,669,0,0
10692,Healthcare,13,38.25,4,0,689,0,0
10693,Healthcare,20,15.37,3,0,716,0,0
10694,Retail,16,20.78,3,2,759,0,1
10695,Healthcare,7,28.42,3,0,684,0,0
10696,Retail,4,18.98,4,0,640,0,0
10697,Tech,12,38.86,4,0,653,0,0
10698,Consulting,17,44.28,9,2,745,1,1
10699,Consulting,1,3.46,9,0,848,0,0
10700,Healthcare,17,31.95,8,2,653,0,0
10701,Manufacturing,2,16.22,6,0,728,0,0
10702,Consulting,6,29.37,5,2,784,0,0
10703,Retail,12,24.45,6,0,636,0,0
10704,Manufacturing,11,17.02,7,0,691,0,0
10705,Manufacturing,21,5.19,3,1,653,1,0
10706,Consulting,11,28.19,10,1,622,0,1
10707,Consulting,18,6.08,9,0,712,0,0
10708,Consulting,8,8.23,2,0,732,0,0
10709,Retail,7,49.12,3,0,737,0,0
10710,Manufacturing,14,16.18,7,0,850,0,0
10711,Healthcare,16,29.43,5,1,640,0,0
10712,Retail,12,13.98,6,0,734,1,0
10713,Tech,9,43.34,9,0,785,0,1
10714,Consulting,20,14.53,6,0,604,1,0
10715,Manufacturing,23,18.66,5,0,674,0,1
10716,Retail,21,30.62,2,1,692,1,0
10717,Tech,16,43.56,5,2,645,0,0
10718,Retail,21,40.9,3,0,689,0,0
10719,Retail,19,13.56,1,0,701,1,0
10720,Healthcare,16,41.56,5,2,775,1,1
10721,Healthcare,9,35.21,6,0,695,0,1
10722,Retail,13,49.5,4,1,716,0,0
10723,Tech,5,46.8,6,1,653,1,1
10724,Manufacturing,22,26.89,6,0,617,1,0
10725,Manufacturing,19,37.62,5,0,736,0,0
10726,Consulting,10,28.72,4,2,749,0,1
10727,Consulting,7,29.95,3,0,737,0,0
10728,Manufacturing,9,5.52,3,0,691,0,0
10729,Retail,14,0.61,4,0,808,1,0
10730,Retail,15,2.89,2,0,736,0,0
10731,Healthcare,13,48.35,4,1,731,0,0
10732,Healthcare,10,6.75,4,1,746,1,0
10733,Consulting,14,2.7,2,1,696,0,0
10734,Manufacturing,21,15.83,4,0,640,0,0
10735,Retail,23,29.61,8,0,672,1,0
10736,Manufacturing,12,47.45,4,0,706,0,0
10737,Tech,19,35.14,5,0,738,0,0
10738,Manufacturing,6,14.18,3,1,665,0,0
10739,Tech,12,46.98,6,2,749,0,1
10740,Healthcare,24,2.28,4,0,752,1,0
10741,Healthcare,13,48.96,4,0,648,0,0
10742,Consulting,8,3.4,4,0,752,0,0
10743,Manufacturing,16,37.82,7,0,638,1,0
10744,Manufacturing,2,2.74,6,0,682,0,0
10745,Tech,22,46.61,6,1,671,1,0
10746,Healthcare,7,5.88,6,1,698,0,0
10747,Tech,12,3.0,3,1,697,0,0
10748,Healthcare,7,44.52,6,2,643,1,0
10749,Tech,19,5.24,4,0,780,0,0
10750,Healthcare,14,40.0,0,0,680,0,0
10751,Tech,9,37.48,9,0,556,0,0
10752,Healthcare,18,30.14,2,0,738,0,0
10753,Tech,11,19.21,4,0,678,1,0
10754,Manufacturing,16,45.82,7,0,663,0,1
10755,Consulting,19,43.62,8,0,674,0,1
10756,Tech,11,21.6,6,0,704,0,0
10757,Consulting,18,11.97,7,0,655,0,0
10758,Manufacturing,11,13.99,6,0,679,0,0
10759,Manufacturing,4,11.41,5,0,693,1,0
10760,Healthcare,18,27.29,3,0,661,0,0
10761,Consulting,19,43.49,5,1,732,0,1
10762,Retail,13,38.79,5,2,611,1,1
10763,Healthcare,4,39.88,3,0,696,1,0
10764,Consulting,10,22.69,6,1,675,0,0
10765,Tech,22,16.46,6,1,724,0,0
10766,Tech,5,37.99,6,0,691,0,1
10767,Manufacturing,3,39.77,6,0,749,0,1
10768,Retail,16,34.92,6,0,744,1,0
10769,Tech,8,2.09,9,1,713,0,0
10770,Consulting,24,29.69,3,0,638,1,0
10771,Consulting,7,17.68,4,0,705,0,0
10772,Tech,19,10.21,2,0,621,1,0
10773,Consulting,14,34.87,5,0,685,0,0
10774,Consulting,15,13.79,2,0,765,0,0
10775,Manufacturing,17,45.69,5,0,663,1,0
10776,Retail,21,15.25,2,0,647,1,0
10777,Manufacturing,1,27.98,4,0,769,0,0
10778,Retail,6,41.47,3,1,697,0,0
10779,Consulting,23,20.4,1,0,721,0,0
10780,Retail,15,41.52,7,0,706,1,0
10781,Consulting,12,36.32,5,0,763,0,1
10782,Consulting,21,46.08,2,0,748,0,0
10783,Manufacturing,20,16.63,2,2,767,0,0
10784,Manufacturing,2,5.7,9,0,713,0,1
10785,Healthcare,5,21.8,4,0,746,1,0
10786,Tech,9,39.4,7,0,660,0,0
10787,Healthcare,20,22.8,3,1,714,0,0
10788,Healthcare,14,13.47,5,1,618,0,0
10789,Retail,18,1.87,3,1,716,1,1
10790,Consulting,22,15.99,7,0,664,0,1
10791,Consulting,8,35.81,1,0,721,0,0
10792,Consulting,2,7.81,8,0,732,0,0
10793,Tech,9,17.37,8,0,640,0,0
10794,Retail,7,1.5,3,0,693,0,0
10795,Retail,18,36.23,3,0,668,0,0
10796,Consulting,16,44.09,8,1,783,0,0
10797,Healthcare,21,28.64,6,0,641,0,0
10798,Tech,5,1.78,4,0,678,0,0
10799,Healthcare,23,11.27,6,0,576,0,0
10800,Manufacturing,15,22.2,2,0,678,0,1
10801,Retail,5,29.59,1,0,703,0,1
10802,Retail,11,25.07,7,0,585,0,0
10803,Healthcare,22,45.84,5,0,678,1,1
10804,Tech,14,46.96,2,0,780,0,0
10805,Retail,19,5.8,4,0,687,1,0
10806,Healthcare,3,7.35,5,0,679,0,0
10807,Tech,24,18.22,10,0,687,0,0
10808,Healthcare,10,21.35,4,2,684,0,1
10809,Tech,6,29.51,3,0,695,0,0
10810,Consulting,3,38.77,5,0,704,0,0
10811,Tech,2,7.22,4,0,652,0,0
10812,Manufacturing,13,40.23,8,0,753,0,0
10813,Consulting,18,30.7,9,0,712,1,0
10814,Healthcare,2,49.05,4,0,740,0,0
10815,Consulting,15,32.73,5,0,714,0,1
10816,Consulting,5,35.95,4,2,800,1,1
10817,Healthcare,15,10.16,5,1,726,0,0
10818,Healthcare,21,38.56,4,0,686,0,1
10819,Manufacturing,17,4.42,9,0,702,0,0
10820,Healthcare,2,33.0,6,0,697,0,0
10821,Retail,18,3.25,5,0,674,0,0
10822,Retail,15,6.2,6,0,693,1,0
10823,Manufacturing,20,5.84,5,1,621,0,0
10824,Tech,23,3.1,3,0,767,0,0
10825,Tech,3,16.4,8,2,802,0,0
10826,Retail,5,49.72,5,0,670,0,1
10827,Healthcare,11,17.74,4,0,701,0,0
10828,Manufacturing,9,38.16,8,0,674,1,0
10829,Tech,5,7.05,4,0,675,0,0
10830,Tech,1,23.0,4,0,712,1,0
10831,Consulting,14,9.66,5,0,786,0,0
10832,Retail,5,10.01,3,0,702,0,0
10833,Healthcare,8,5.43,3,0,656,0,0
10834,Manufacturing,21,21.89,6,0,670,0,0
10835,Tech,14,4.24,4,1,754,0,0
10836,Consulting,16,45.54,3,0,734,0,0
10837,Retail,6,22.67,4,0,628,1,0
10838,Retail,8,42.01,4,2,672,0,0
10839,Manufacturing,2,48.98,8,0,702,1,0
10840,Tech,19,34.05,3,0,734,0,0
10841,Manufacturing,9,45.12,2,0,787,0,0
10842,Manufacturing,5,7.2,4,0,696,0,0
10843,Consulting,5,41.58,3,1,684,0,0
10844,Retail,19,13.93,5,0,731,0,0
10845,Healthcare,4,23.89,7,2,702,0,1
10846,Retail,16,32.51,4,0,705,0,0
10847,Retail,16,45.23,6,0,728,0,0
10848,Consulting,16,45.59,5,1,722,0,0
10849,Healthcare,7,5.06,2,2,671,0,0
10850,Tech,18,18.55,7,1,726,0,0
10851,Healthcare,24,39.76,8,0,635,0,0
10852,Tech,21,35.31,3,0,729,0,0
10853,Healthcare,1,1.8,4,0,706,1,0
10854,Manufacturing,3,22.77,3,1,632,0,1
10855,Healthcare,21,41.55,4,1,738,0,0
10856,Consulting,8,37.02,12,0,667,1,1
10857,Tech,1,20.89,3,0,768,0,0
10858,Retail,7,36.89,7,0,710,1,0
10859,Consulting,7,27.78,4,0,671,0,0
10860,Tech,8,45.68,2,0,688,0,0
10861,Tech,19,29.56,2,1,682,0,0
10862,Retail,17,20.34,5,0,659,0,1
10863,Manufacturing,11,43.21,6,0,715,0,0
10864,Consulting,15,2.97,4,1,642,0,0
10865,Retail,9,45.08,8,1,679,0,0
10866,Retail,17,34.97,5,0,718,1,1
10867,Manufacturing,11,47.06,3,0,713,1,0
10868,Consulting,6,12.9,3,0,700,0,1
10869,Retail,9,34.9,6,0,634,0,1
10870,Manufacturing,18,40.57,2,0,727,0,0
10871,Consulting,20,35.25,6,0,634,0,0
10872,Healthcare,2,10.91,7,0,756,1,0
10873,Tech,4,14.14,7,0,806,0,0
10874,Manufacturing,18,28.55,3,0,768,0,0
10875,Tech,1,22.61,6,0,684,0,0
10876,Healthcare,11,36.89,1,1,643,1,0
10877,Retail,3,19.24,7,0,754,0,0
10878,Retail,8,43.04,4,0,707,0,0
10879,Consulting,5,21.88,6,2,730,0,1
10880,Manufacturing,20,2.48,7,1,752,0,0
10881,Manufacturing,21,1.36,6,0,663,0,0
10882,Consulting,22,32.51,7,1,732,0,0
10883,Tech,22,27.26,4,2,641,0,0
10884,Retail,5,27.37,2,1,627,0,0
10885,Retail,11,39.61,6,0,800,1,1
10886,Manufacturing,12,19.1,7,0,653,1,0
10887,Manufacturing,22,49.77,4,0,647,0,0
10888,Consulting,9,47.3,7,0,578,0,0
10889,Healthcare,21,1.14,3,0,763,0,0
10890,Tech,13,44.84,4,2,718,0,1
10891,Healthcare,22,34.19,6,0,804,0,1
10892,Healthcare,20,25.35,6,1,658,0,0
10893,Manufacturing,3,29.35,4,0,704,0,0
10894,Manufacturing,13,42.17,5,0,699,0,0
10895,Manufacturing,22,47.58,7,0,703,0,0
10896,Healthcare,11,28.24,6,1,733,0,0
10897,Tech,11,9.47,4,0,714,1,0
10898,Manufacturing,21,32.17,2,0,712,1,0
10899,Retail,20,4.27,6,0,712,0,0
10900,Tech,21,31.94,3,0,714,0,0
10901,Retail,7,40.53,5,0,626,1,0
10902,Tech,17,17.99,5,1,718,0,1
10903,Manufacturing,16,4.02,6,0,771,1,1
10904,Consulting,14,34.77,3,0,700,0,1
10905,Manufacturing,1,17.3,13,1,714,0,0
10906,Healthcare,11,12.83,6,0,698,0,0
10907,Healthcare,13,34.61,4,0,709,1,1
10908,Tech,1,48.49,4,0,693,0,0
10909,Healthcare,2,37.39,4,2,745,0,1
10910,Manufacturing,9,24.82,6,0,675,0,0
10911,Retail,13,30.23,3,0,761,0,0
10912,Manufacturing,5,7.54,5,0,687,0,0
10913,Tech,9,40.75,8,1,741,0,1
10914,Healthcare,13,30.41,4,0,709,0,0
10915,Retail,5,48.31,7,0,737,0,0
10916,Consulting,15,48.98,10,0,698,0,1
10917,Retail,7,18.05,4,1,711,0,0
10918,Retail,14,49.43,4,0,686,0,0
10919,Manufacturing,16,47.86,4,0,665,0,0
10920,Consulting,6,32.17,2,1,663,0,0
10921,Tech,2,17.01,10,0,705,0,0
10922,Tech,16,37.79,5,1,689,0,0
10923,Retail,19,13.93,6,0,631,0,0
10924,Retail,5,31.68,7,1,759,0,1
10925,Healthcare,4,1.72,3,0,662,0,0
10926,Consulting,14,31.61,4,2,743,0,1
10927,Retail,6,47.6,7,0,709,0,1
10928,Healthcare,8,12.14,8,0,670,0,0
10929,Consulting,24,39.02,2,0,671,0,0
10930,Tech,3,15.02,4,0,602,0,0
10931,Healthcare,4,35.54,4,0,671,1,0
10932,Consulting,1,35.15,2,0,698,0,0
10933,Healthcare,2,9.64,4,0,671,1,0
10934,Retail,13,30.06,8,0,701,0,0
10935,Manufacturing,9,43.03,5,0,728,1,1
10936,Tech,12,19.44,7,0,657,0,0
10937,Retail,10,35.66,6,1,703,0,0
10938,Retail,10,33.88,9,2,723,0,1
10939,Consulting,18,13.25,6,0,765,0,0
10940,Healthcare,12,45.97,8,1,619,0,0
10941,Tech,22,28.39,3,2,696,0,1
10942,Retail,16,18.09,4,0,640,0,0
10943,Consulting,23,8.64,6,2,753,1,0
10944,Tech,6,23.94,9,0,765,0,0
10945,Healthcare,24,36.64,3,0,686,0,0
10946,Retail,24,31.37,3,0,725,0,0
10947,Retail,21,36.49,6,1,690,0,1
10948,Retail,24,39.69,4,0,668,0,0
10949,Tech,10,22.33,8,0,700,0,0
10950,Tech,15,26.25,3,0,702,0,0
10951,Tech,9,49.33,3,0,732,0,0
10952,Tech,24,48.42,4,0,748,0,0
10953,Consulting,2,21.03,6,2,763,0,0
10954,Manufacturing,18,34.42,5,0,709,1,0
10955,Consulting,12,13.75,5,1,701,0,0
10956,Retail,3,8.06,4,0,748,0,0
10957,Consulting,7,38.54,13,0,678,0,1
10958,Healthcare,9,22.09,4,1,760,0,1
10959,Tech,8,9.26,2,1,689,0,0
10960,Healthcare,6,38.06,7,0,622,0,0
10961,Healthcare,1,45.8,7,0,669,0,1
10962,Retail,14,46.7,2,0,628,0,0
10963,Tech,16,30.02,5,0,646,0,1
10964,Healthcare,16,24.24,9,0,722,1,0
10965,Retail,4,7.52,2,0,726,1,0
10966,Tech,6,39.74,6,1,715,0,0
10967,Manufacturing,15,47.29,1,1,714,0,0
10968,Retail,22,44.53,2,0,696,0,0
10969,Consulting,8,37.71,6,0,735,0,0
10970,Tech,1,0.73,2,0,788,0,0
10971,Healthcare,13,20.68,10,0,740,0,1
10972,Healthcare,18,20.83,3,1,691,0,0
10973,Consulting,18,44.77,3,0,730,0,0
10974,Consulting,13,3.75,3,0,741,0,0
10975,Healthcare,22,26.8,1,0,649,0,0
10976,Tech,14,7.24,4,0,659,0,1
10977,Retail,11,33.28,6,0,695,1,1
10978,Consulting,7,39.72,4,0,680,1,1
10979,Consulting,18,32.28,7,0,711,0,0
10980,Consulting,21,39.83,7,0,717,0,0
10981,Manufacturing,22,30.57,4,2,776,0,0
10982,Tech,4,9.9,3,0,726,0,0
10983,Tech,17,19.44,6,0,801,0,0
10984,Tech,19,47.87,3,0,680,1,0
10985,Tech,14,14.76,6,1,642,1,0
10986,Tech,10,3.61,5,0,711,0,0
10987,Healthcare,6,19.55,3,0,687,1,0
10988,Consulting,18,18.63,5,0,711,0,0
10989,Healthcare,4,23.78,3,1,732,0,1
10990,Manufacturing,11,28.24,5,0,638,0,0
10991,Retail,13,49.62,2,1,710,0,0
10992,Consulting,8,37.93,4,2,760,0,0
10993,Manufacturing,10,2.28,9,0,651,1,0
10994,Healthcare,23,35.78,4,0,650,0,0
10995,Retail,11,41.3,5,0,711,1,0
10996,Manufacturing,3,44.83,5,2,631,0,1
10997,Retail,15,21.49,2,0,709,0,0
10998,Manufacturing,8,16.02,7,0,691,0,0
10999,Healthcare,20,42.05,2,0,761,0,0
11000,Retail,18,38.99,7,2,740,0,0
